,actual,lstm
2023-12-15 00:00:00+00:00,186.92853,174.88617
2023-12-15 00:15:00+00:00,168.89546,159.67883
2023-12-15 00:30:00+00:00,162.89114,139.76877
2023-12-15 00:45:00+00:00,176.3656,153.47342
2023-12-15 01:00:00+00:00,199.63033,203.106
2023-12-15 01:15:00+00:00,200.27156,203.21844
2023-12-15 01:30:00+00:00,200.2281,210.20535
2023-12-15 01:45:00+00:00,174.62631,196.62984
2023-12-15 02:00:00+00:00,170.30618,183.28299
2023-12-15 02:15:00+00:00,170.1207,173.96162
2023-12-15 02:30:00+00:00,169.61195,168.47122
2023-12-15 02:45:00+00:00,157.87679,165.20682
2023-12-15 03:00:00+00:00,151.00865,162.70015
2023-12-15 03:15:00+00:00,153.78877,164.94632
2023-12-15 03:30:00+00:00,146.71715,160.35056
2023-12-15 03:45:00+00:00,156.81158,162.0333
2023-12-15 04:00:00+00:00,172.33588,171.01152
2023-12-15 04:15:00+00:00,177.3831,169.87732
2023-12-15 04:30:00+00:00,177.12238,171.46298
2023-12-15 04:45:00+00:00,176.61469,174.43277
2023-12-15 05:00:00+00:00,179.51031,185.41006
2023-12-15 05:15:00+00:00,190.14107,194.72147
2023-12-15 05:30:00+00:00,188.40497,194.31577
2023-12-15 05:45:00+00:00,186.86493,197.07608
2023-12-15 06:00:00+00:00,176.4292,190.19618
2023-12-15 06:15:00+00:00,177.49121,191.57304
2023-12-15 06:30:00+00:00,179.02382,196.30473
2023-12-15 06:45:00+00:00,185.86652,198.50323
2023-12-15 07:00:00+00:00,196.63611,196.31392
2023-12-15 07:15:00+00:00,195.15015,187.7293
2023-12-15 07:30:00+00:00,186.61798,181.41644
2023-12-15 07:45:00+00:00,191.24231,177.86617
2023-12-15 08:00:00+00:00,190.38591,173.18153
2023-12-15 08:15:00+00:00,182.46213,162.47513
2023-12-15 08:30:00+00:00,168.5987,156.28142
2023-12-15 08:45:00+00:00,160.93459,151.30705
2023-12-15 09:00:00+00:00,154.46498,149.35104
2023-12-15 09:15:00+00:00,146.24655,145.89455
2023-12-15 09:30:00+00:00,136.6513,139.28038
2023-12-15 09:45:00+00:00,144.17021,135.49377
2023-12-15 10:00:00+00:00,99.15643,85.64915
2023-12-15 10:15:00+00:00,92.1219,85.85232
2023-12-15 10:30:00+00:00,103.9991,91.956215
2023-12-15 10:45:00+00:00,103.46067,104.84029
2023-12-15 11:00:00+00:00,157.57153,174.20908
2023-12-15 11:15:00+00:00,156.27422,169.86455
2023-12-15 11:30:00+00:00,141.34029,149.65578
2023-12-15 11:45:00+00:00,138.48492,137.1558
2023-12-15 12:00:00+00:00,134.87704,134.33672
2023-12-15 12:15:00+00:00,123.996155,125.94293
2023-12-15 12:30:00+00:00,124.566376,125.335915
2023-12-15 12:45:00+00:00,128.19652,132.39865
2023-12-15 13:00:00+00:00,138.22525,130.83745
2023-12-15 13:15:00+00:00,142.66516,131.11317
2023-12-15 13:30:00+00:00,148.36633,125.12649
2023-12-15 13:45:00+00:00,142.37263,126.49734
2023-12-15 14:00:00+00:00,138.1076,125.489784
2023-12-15 14:15:00+00:00,136.17224,135.17198
2023-12-15 14:30:00+00:00,145.56503,139.81912
2023-12-15 14:45:00+00:00,153.44112,142.07541
2023-12-15 15:00:00+00:00,164.83182,144.04843
2023-12-15 15:15:00+00:00,173.73601,149.79831
2023-12-15 15:30:00+00:00,176.39423,159.11867
2023-12-15 15:45:00+00:00,174.92415,163.3753
2023-12-15 16:00:00+00:00,196.38704,176.7607
2023-12-15 16:15:00+00:00,206.52495,189.5485
2023-12-15 16:30:00+00:00,202.66692,196.33246
2023-12-15 16:45:00+00:00,199.15443,201.60417
2023-12-15 17:00:00+00:00,204.62454,206.91792
2023-12-15 17:15:00+00:00,204.74326,212.2294
2023-12-15 17:30:00+00:00,203.9706,209.9041
2023-12-15 17:45:00+00:00,226.62587,221.13242
2023-12-15 18:00:00+00:00,236.14479,224.56613
2023-12-15 18:15:00+00:00,226.87282,221.76814
2023-12-15 18:30:00+00:00,227.62006,219.53824
2023-12-15 18:45:00+00:00,231.13466,216.96025
2023-12-15 19:00:00+00:00,244.05585,230.82097
2023-12-15 19:15:00+00:00,244.96419,240.37837
2023-12-15 19:30:00+00:00,243.85872,244.71805
2023-12-15 19:45:00+00:00,249.85454,245.85501
2023-12-15 20:00:00+00:00,250.37813,247.22083
2023-12-15 20:15:00+00:00,252.70248,238.42998
2023-12-15 20:30:00+00:00,238.77757,233.43826
2023-12-15 20:45:00+00:00,231.04457,229.00485
2023-12-15 21:00:00+00:00,230.41606,215.76704
2023-12-15 21:15:00+00:00,229.54482,225.53745
2023-12-15 21:30:00+00:00,220.22409,242.02556
2023-12-15 21:45:00+00:00,237.79611,241.17648
2023-12-15 22:00:00+00:00,232.52737,227.53938
2023-12-15 22:15:00+00:00,232.92906,222.90515
2023-12-15 22:30:00+00:00,230.17017,213.99113
2023-12-15 22:45:00+00:00,230.01648,224.16919
2023-12-15 23:00:00+00:00,249.67542,251.54475
2023-12-15 23:15:00+00:00,249.55247,239.15414
2023-12-15 23:30:00+00:00,230.46162,226.61316
2023-12-15 23:45:00+00:00,232.19456,220.65701
2023-12-16 00:00:00+00:00,216.16376,215.85905
2023-12-16 00:15:00+00:00,200.55324,198.11517
2023-12-16 00:30:00+00:00,208.03438,189.52856
2023-12-16 00:45:00+00:00,214.7451,205.45898
2023-12-16 01:00:00+00:00,237.48503,254.20462
2023-12-16 01:15:00+00:00,234.9442,246.13387
2023-12-16 01:30:00+00:00,253.0403,253.10014
2023-12-16 01:45:00+00:00,226.78932,240.3389
2023-12-16 02:00:00+00:00,210.368,223.55551
2023-12-16 02:15:00+00:00,209.55081,216.70178
2023-12-16 02:30:00+00:00,199.95284,208.35652
2023-12-16 02:45:00+00:00,199.16434,207.4262
2023-12-16 03:00:00+00:00,193.85101,206.52747
2023-12-16 03:15:00+00:00,198.73396,200.9438
2023-12-16 03:30:00+00:00,197.15697,198.24411
2023-12-16 03:45:00+00:00,201.9092,198.95586
2023-12-16 04:00:00+00:00,206.32774,208.06967
2023-12-16 04:15:00+00:00,206.14816,205.02823
2023-12-16 04:30:00+00:00,205.05893,201.68991
2023-12-16 04:45:00+00:00,208.26604,203.1359
2023-12-16 05:00:00+00:00,206.8102,205.3811
2023-12-16 05:15:00+00:00,212.07037,215.25801
2023-12-16 05:30:00+00:00,209.56993,218.16055
2023-12-16 05:45:00+00:00,215.13829,221.71078
2023-12-16 06:00:00+00:00,213.70369,212.33105
2023-12-16 06:15:00+00:00,222.0339,217.40266
2023-12-16 06:30:00+00:00,212.96939,224.79575
2023-12-16 06:45:00+00:00,216.00967,226.45403
2023-12-16 07:00:00+00:00,225.59596,218.35469
2023-12-16 07:15:00+00:00,229.67552,221.23486
2023-12-16 07:30:00+00:00,219.85439,215.29414
2023-12-16 07:45:00+00:00,210.59435,210.01096
2023-12-16 08:00:00+00:00,215.77907,208.31548
2023-12-16 08:15:00+00:00,214.69409,200.87204
2023-12-16 08:30:00+00:00,202.2673,199.15036
2023-12-16 08:45:00+00:00,208.37231,203.6346
2023-12-16 09:00:00+00:00,224.66188,205.21318
2023-12-16 09:15:00+00:00,221.08813,203.12103
2023-12-16 09:30:00+00:00,204.30125,194.85765
2023-12-16 09:45:00+00:00,202.39908,196.76819
2023-12-16 10:00:00+00:00,194.95724,156.62697
2023-12-16 10:15:00+00:00,189.20187,157.58089
2023-12-16 10:30:00+00:00,196.03798,162.13106
2023-12-16 10:45:00+00:00,193.32819,161.23944
2023-12-16 11:00:00+00:00,181.064,195.613
2023-12-16 11:15:00+00:00,195.53003,203.02762
2023-12-16 11:30:00+00:00,196.04117,200.31157
2023-12-16 11:45:00+00:00,193.83508,195.25333
2023-12-16 12:00:00+00:00,187.92348,191.02754
2023-12-16 12:15:00+00:00,194.31221,185.87395
2023-12-16 12:30:00+00:00,195.42482,186.95158
2023-12-16 12:45:00+00:00,191.3155,191.84387
2023-12-16 13:00:00+00:00,183.55382,192.38704
2023-12-16 13:15:00+00:00,189.72044,187.76245
2023-12-16 13:30:00+00:00,196.48856,186.69193
2023-12-16 13:45:00+00:00,211.78452,191.62346
2023-12-16 14:00:00+00:00,206.83464,195.18402
2023-12-16 14:15:00+00:00,194.61826,197.75102
2023-12-16 14:30:00+00:00,191.4122,199.93652
2023-12-16 14:45:00+00:00,189.99887,200.17844
2023-12-16 15:00:00+00:00,209.17888,197.8571
2023-12-16 15:15:00+00:00,226.3037,202.24728
2023-12-16 15:30:00+00:00,228.07622,210.0477
2023-12-16 15:45:00+00:00,223.99878,215.14966
2023-12-16 16:00:00+00:00,231.80829,222.79402
2023-12-16 16:15:00+00:00,251.68965,236.59746
2023-12-16 16:30:00+00:00,256.1996,245.39624
2023-12-16 16:45:00+00:00,257.39084,253.44641
2023-12-16 17:00:00+00:00,251.72472,253.67056
2023-12-16 17:15:00+00:00,249.05424,254.22469
2023-12-16 17:30:00+00:00,251.3241,251.34192
2023-12-16 17:45:00+00:00,240.24265,248.17082
2023-12-16 18:00:00+00:00,240.6082,242.2821
2023-12-16 18:15:00+00:00,219.77893,236.79575
2023-12-16 18:30:00+00:00,230.51715,234.24727
2023-12-16 18:45:00+00:00,229.50443,229.0511
2023-12-16 19:00:00+00:00,240.76016,230.4791
2023-12-16 19:15:00+00:00,240.66026,229.59038
2023-12-16 19:30:00+00:00,227.15382,231.97697
2023-12-16 19:45:00+00:00,217.9076,231.5957
2023-12-16 20:00:00+00:00,227.41843,233.83028
2023-12-16 20:15:00+00:00,215.66324,226.54538
2023-12-16 20:30:00+00:00,223.60771,225.9209
2023-12-16 20:45:00+00:00,213.92154,221.76474
2023-12-16 21:00:00+00:00,204.90909,217.2972
2023-12-16 21:15:00+00:00,214.91301,223.2557
2023-12-16 21:30:00+00:00,220.1923,229.30298
2023-12-16 21:45:00+00:00,233.48517,234.43954
2023-12-16 22:00:00+00:00,219.30818,225.15776
2023-12-16 22:15:00+00:00,209.46048,222.65434
2023-12-16 22:30:00+00:00,206.31818,211.95364
2023-12-16 22:45:00+00:00,211.38602,219.26472
2023-12-16 23:00:00+00:00,230.6266,239.03926
2023-12-16 23:15:00+00:00,217.77156,235.39795
2023-12-16 23:30:00+00:00,222.51743,218.31143
2023-12-16 23:45:00+00:00,215.9948,215.28793
2023-12-17 00:00:00+00:00,217.16478,212.87973
2023-12-17 00:15:00+00:00,201.95383,195.27817
2023-12-17 00:30:00+00:00,193.8404,182.20016
2023-12-17 00:45:00+00:00,201.16852,203.03589
2023-12-17 01:00:00+00:00,240.26176,264.815
2023-12-17 01:15:00+00:00,230.75412,257.12518
2023-12-17 01:30:00+00:00,244.0438,267.51852
2023-12-17 01:45:00+00:00,230.13884,250.84183
2023-12-17 02:00:00+00:00,216.88744,232.58916
2023-12-17 02:15:00+00:00,210.78456,225.12212
2023-12-17 02:30:00+00:00,206.41808,218.2913
2023-12-17 02:45:00+00:00,198.98686,215.98946
2023-12-17 03:00:00+00:00,193.81488,205.86894
2023-12-17 03:15:00+00:00,200.23763,200.19879
2023-12-17 03:30:00+00:00,192.5652,193.02754
2023-12-17 03:45:00+00:00,193.04764,196.64395
2023-12-17 04:00:00+00:00,200.6053,203.41826
2023-12-17 04:15:00+00:00,203.80498,201.22368
2023-12-17 04:30:00+00:00,211.28188,198.15312
2023-12-17 04:45:00+00:00,211.65276,200.64265
2023-12-17 05:00:00+00:00,214.49644,205.78342
2023-12-17 05:15:00+00:00,217.61005,216.58086
2023-12-17 05:30:00+00:00,207.05461,218.19333
2023-12-17 05:45:00+00:00,207.44354,216.6394
2023-12-17 06:00:00+00:00,210.84088,208.0595
2023-12-17 06:15:00+00:00,208.29262,217.52225
2023-12-17 06:30:00+00:00,215.1691,227.3971
2023-12-17 06:45:00+00:00,221.58334,231.7415
2023-12-17 07:00:00+00:00,220.44417,229.51225
2023-12-17 07:15:00+00:00,225.52158,232.66772
2023-12-17 07:30:00+00:00,216.43474,228.84209
2023-12-17 07:45:00+00:00,218.5048,226.12796
2023-12-17 08:00:00+00:00,221.40268,226.3549
2023-12-17 08:15:00+00:00,225.72241,219.7122
2023-12-17 08:30:00+00:00,230.63298,216.2944
2023-12-17 08:45:00+00:00,230.88908,223.87051
2023-12-17 09:00:00+00:00,224.51097,230.99011
2023-12-17 09:15:00+00:00,217.65999,227.56685
2023-12-17 09:30:00+00:00,223.84575,220.51941
2023-12-17 09:45:00+00:00,218.09036,226.42789
2023-12-17 10:00:00+00:00,208.48602,172.5835
2023-12-17 10:15:00+00:00,211.74733,170.20154
2023-12-17 10:30:00+00:00,213.21062,175.1932
2023-12-17 10:45:00+00:00,212.7101,179.05795
2023-12-17 11:00:00+00:00,207.8888,219.73148
2023-12-17 11:15:00+00:00,211.16286,224.32608
2023-12-17 11:30:00+00:00,218.00429,221.10532
2023-12-17 11:45:00+00:00,210.7973,214.14326
2023-12-17 12:00:00+00:00,202.55635,206.82024
2023-12-17 12:15:00+00:00,204.18542,201.3842
2023-12-17 12:30:00+00:00,212.66972,202.30339
2023-12-17 12:45:00+00:00,203.7731,208.81555
2023-12-17 13:00:00+00:00,200.10585,211.79456
2023-12-17 13:15:00+00:00,210.90996,207.32625
2023-12-17 13:30:00+00:00,210.34248,203.74503
2023-12-17 13:45:00+00:00,209.50299,212.48459
2023-12-17 14:00:00+00:00,220.17743,216.93942
2023-12-17 14:15:00+00:00,236.26721,220.41414
2023-12-17 14:30:00+00:00,237.13966,219.22978
2023-12-17 14:45:00+00:00,237.38089,219.57805
2023-12-17 15:00:00+00:00,240.11832,220.82742
2023-12-17 15:15:00+00:00,246.63669,221.39407
2023-12-17 15:30:00+00:00,236.43086,232.03757
2023-12-17 15:45:00+00:00,241.4679,233.48628
2023-12-17 16:00:00+00:00,244.77914,244.46175
2023-12-17 16:15:00+00:00,252.06796,256.825
2023-12-17 16:30:00+00:00,269.68692,264.11172
2023-12-17 16:45:00+00:00,276.79294,270.0488
2023-12-17 17:00:00+00:00,274.09164,267.71832
2023-12-17 17:15:00+00:00,263.9549,270.2135
2023-12-17 17:30:00+00:00,258.56082,266.96927
2023-12-17 17:45:00+00:00,256.53647,263.82162
2023-12-17 18:00:00+00:00,251.0138,256.51923
2023-12-17 18:15:00+00:00,237.89948,249.99829
2023-12-17 18:30:00+00:00,231.54793,246.32852
2023-12-17 18:45:00+00:00,240.9068,244.52737
2023-12-17 19:00:00+00:00,234.99416,246.99258
2023-12-17 19:15:00+00:00,226.40146,244.78479
2023-12-17 19:30:00+00:00,235.49254,248.4462
2023-12-17 19:45:00+00:00,235.5903,244.7201
2023-12-17 20:00:00+00:00,233.17912,249.28694
2023-12-17 20:15:00+00:00,239.4074,240.00679
2023-12-17 20:30:00+00:00,223.21133,232.38943
2023-12-17 20:45:00+00:00,206.51903,227.79993
2023-12-17 21:00:00+00:00,213.24887,223.21158
2023-12-17 21:15:00+00:00,226.07735,229.46848
2023-12-17 21:30:00+00:00,236.97708,235.3735
2023-12-17 21:45:00+00:00,243.13309,242.20789
2023-12-17 22:00:00+00:00,233.22588,227.80196
2023-12-17 22:15:00+00:00,216.3763,222.94748
2023-12-17 22:30:00+00:00,209.78459,212.63252
2023-12-17 22:45:00+00:00,221.8235,225.16214
2023-12-17 23:00:00+00:00,244.19257,246.67358
2023-12-17 23:15:00+00:00,227.33873,236.49284
2023-12-17 23:30:00+00:00,212.29567,211.33557
2023-12-17 23:45:00+00:00,200.67863,207.752
2023-12-18 00:00:00+00:00,197.80095,210.97241
2023-12-18 00:15:00+00:00,196.33363,197.9252
2023-12-18 00:30:00+00:00,190.05103,179.75626
2023-12-18 00:45:00+00:00,189.27191,194.48506
2023-12-18 01:00:00+00:00,220.631,251.08672
2023-12-18 01:15:00+00:00,214.18983,247.42744
2023-12-18 01:30:00+00:00,239.22931,256.23996
2023-12-18 01:45:00+00:00,223.81618,245.32556
2023-12-18 02:00:00+00:00,208.21486,228.82857
2023-12-18 02:15:00+00:00,198.26186,220.93484
2023-12-18 02:30:00+00:00,209.31111,214.5586
2023-12-18 02:45:00+00:00,199.8,210.23804
2023-12-18 03:00:00+00:00,186.34785,206.25557
2023-12-18 03:15:00+00:00,183.09291,206.07248
2023-12-18 03:30:00+00:00,193.16855,198.7445
2023-12-18 03:45:00+00:00,193.1696,199.82109
2023-12-18 04:00:00+00:00,207.49706,210.15425
2023-12-18 04:15:00+00:00,215.6952,211.70052
2023-12-18 04:30:00+00:00,208.8946,210.01382
2023-12-18 04:45:00+00:00,211.12729,211.48471
2023-12-18 05:00:00+00:00,214.05875,219.13155
2023-12-18 05:15:00+00:00,230.0364,231.29712
2023-12-18 05:30:00+00:00,222.84995,229.85686
2023-12-18 05:45:00+00:00,220.62572,232.02042
2023-12-18 06:00:00+00:00,211.38945,220.00772
2023-12-18 06:15:00+00:00,218.30318,228.1147
2023-12-18 06:30:00+00:00,214.30823,234.26848
2023-12-18 06:45:00+00:00,217.32954,234.11552
2023-12-18 07:00:00+00:00,226.96751,229.20667
2023-12-18 07:15:00+00:00,228.68326,227.39876
2023-12-18 07:30:00+00:00,227.19164,218.25925
2023-12-18 07:45:00+00:00,208.94534,216.89651
2023-12-18 08:00:00+00:00,204.8489,213.1595
2023-12-18 08:15:00+00:00,207.88925,205.21274
2023-12-18 08:30:00+00:00,202.61728,199.12625
2023-12-18 08:45:00+00:00,188.03822,198.23756
2023-12-18 09:00:00+00:00,190.84283,196.62088
2023-12-18 09:15:00+00:00,182.71129,194.62811
2023-12-18 09:30:00+00:00,176.44983,187.4338
2023-12-18 09:45:00+00:00,181.80531,182.82874
2023-12-18 10:00:00+00:00,123.44469,124.1349
2023-12-18 10:15:00+00:00,113.95577,125.53668
2023-12-18 10:30:00+00:00,117.45703,129.92245
2023-12-18 10:45:00+00:00,128.94394,138.82135
2023-12-18 11:00:00+00:00,195.66656,206.80183
2023-12-18 11:15:00+00:00,211.31017,209.46646
2023-12-18 11:30:00+00:00,205.44409,194.95395
2023-12-18 11:45:00+00:00,187.50966,185.37753
2023-12-18 12:00:00+00:00,183.70818,174.60078
2023-12-18 12:15:00+00:00,170.45795,164.91199
2023-12-18 12:30:00+00:00,170.08371,164.38765
2023-12-18 12:45:00+00:00,169.02234,169.14645
2023-12-18 13:00:00+00:00,165.14685,170.64934
2023-12-18 13:15:00+00:00,154.31642,165.5578
2023-12-18 13:30:00+00:00,158.70569,162.66934
2023-12-18 13:45:00+00:00,159.5218,166.98465
2023-12-18 14:00:00+00:00,163.48714,167.42093
2023-12-18 14:15:00+00:00,168.24323,172.25346
2023-12-18 14:30:00+00:00,188.19786,174.49338
2023-12-18 14:45:00+00:00,191.88623,173.94748
2023-12-18 15:00:00+00:00,188.09425,175.60791
2023-12-18 15:15:00+00:00,197.40028,181.12198
2023-12-18 15:30:00+00:00,214.52283,192.36783
2023-12-18 15:45:00+00:00,228.09972,199.24448
2023-12-18 16:00:00+00:00,230.07974,208.37317
2023-12-18 16:15:00+00:00,231.13266,222.1146
2023-12-18 16:30:00+00:00,227.03094,226.02873
2023-12-18 16:45:00+00:00,231.17177,235.76949
2023-12-18 17:00:00+00:00,240.30548,236.57503
2023-12-18 17:15:00+00:00,237.81485,244.45816
2023-12-18 17:30:00+00:00,226.20743,241.15764
2023-12-18 17:45:00+00:00,243.97589,249.986
2023-12-18 18:00:00+00:00,238.28,250.9263
2023-12-18 18:15:00+00:00,234.1064,246.02547
2023-12-18 18:30:00+00:00,238.7832,240.61565
2023-12-18 18:45:00+00:00,245.87874,235.12708
2023-12-18 19:00:00+00:00,253.88449,247.1995
2023-12-18 19:15:00+00:00,258.33716,251.84529
2023-12-18 19:30:00+00:00,251.67822,256.38385
2023-12-18 19:45:00+00:00,251.58308,252.54202
2023-12-18 20:00:00+00:00,255.1372,252.90952
2023-12-18 20:15:00+00:00,249.98257,249.03702
2023-12-18 20:30:00+00:00,241.89438,241.96143
2023-12-18 20:45:00+00:00,236.3042,234.88484
2023-12-18 21:00:00+00:00,232.42871,226.18477
2023-12-18 21:15:00+00:00,229.65582,231.82791
2023-12-18 21:30:00+00:00,241.53282,239.11923
2023-12-18 21:45:00+00:00,240.64694,244.79086
2023-12-18 22:00:00+00:00,234.72694,230.60791
2023-12-18 22:15:00+00:00,233.28606,230.39136
2023-12-18 22:30:00+00:00,215.70683,217.738
2023-12-18 22:45:00+00:00,231.99423,227.3095
2023-12-18 23:00:00+00:00,257.7695,248.05974
2023-12-18 23:15:00+00:00,234.77557,236.65056
2023-12-18 23:30:00+00:00,227.33434,219.07239
2023-12-18 23:45:00+00:00,222.2664,213.73312
2023-12-19 00:00:00+00:00,221.35077,198.93355
2023-12-19 00:15:00+00:00,215.13023,187.08519
2023-12-19 00:30:00+00:00,204.94994,166.96349
2023-12-19 00:45:00+00:00,204.45815,184.33534
2023-12-19 01:00:00+00:00,238.10242,233.24069
2023-12-19 01:15:00+00:00,236.14586,232.64505
2023-12-19 01:30:00+00:00,240.47765,241.46419
2023-12-19 01:45:00+00:00,235.17287,234.31467
2023-12-19 02:00:00+00:00,223.5172,219.50545
2023-12-19 02:15:00+00:00,207.99184,209.09929
2023-12-19 02:30:00+00:00,212.76666,207.76802
2023-12-19 02:45:00+00:00,204.32353,204.84856
2023-12-19 03:00:00+00:00,206.59065,202.4414
2023-12-19 03:15:00+00:00,218.93845,207.26677
2023-12-19 03:30:00+00:00,217.16841,196.3923
2023-12-19 03:45:00+00:00,212.58012,197.17044
2023-12-19 04:00:00+00:00,219.93686,206.39719
2023-12-19 04:15:00+00:00,226.22946,203.95496
2023-12-19 04:30:00+00:00,220.51239,206.12949
2023-12-19 04:45:00+00:00,228.00691,212.77144
2023-12-19 05:00:00+00:00,222.2273,221.45334
2023-12-19 05:15:00+00:00,244.00285,225.89444
2023-12-19 05:30:00+00:00,240.76805,225.86145
2023-12-19 05:45:00+00:00,236.67155,227.6678
2023-12-19 06:00:00+00:00,234.46698,217.04947
2023-12-19 06:15:00+00:00,234.51149,219.34322
2023-12-19 06:30:00+00:00,231.27351,225.67715
2023-12-19 06:45:00+00:00,236.38857,226.53598
2023-12-19 07:00:00+00:00,240.05899,224.07443
2023-12-19 07:15:00+00:00,228.3164,219.82124
2023-12-19 07:30:00+00:00,228.64497,205.88159
2023-12-19 07:45:00+00:00,227.95604,200.13116
2023-12-19 08:00:00+00:00,209.67813,186.10803
2023-12-19 08:15:00+00:00,189.68849,174.58841
2023-12-19 08:30:00+00:00,181.07472,169.01144
2023-12-19 08:45:00+00:00,170.19278,160.37546
2023-12-19 09:00:00+00:00,179.20506,158.56277
2023-12-19 09:15:00+00:00,175.89713,151.60776
2023-12-19 09:30:00+00:00,170.93152,145.05228
2023-12-19 09:45:00+00:00,155.38284,140.03682
2023-12-19 10:00:00+00:00,98.163315,90.03175
2023-12-19 10:15:00+00:00,95.36625,82.90028
2023-12-19 10:30:00+00:00,96.261856,89.40316
2023-12-19 10:45:00+00:00,96.91688,96.11906
2023-12-19 11:00:00+00:00,152.67482,152.47588
2023-12-19 11:15:00+00:00,155.06805,154.2467
2023-12-19 11:30:00+00:00,139.89883,137.56615
2023-12-19 11:45:00+00:00,132.48274,122.79234
2023-12-19 12:00:00+00:00,135.73238,117.34711
2023-12-19 12:15:00+00:00,129.11864,110.64671
2023-12-19 12:30:00+00:00,118.20277,108.62572
2023-12-19 12:45:00+00:00,110.86192,113.912636
2023-12-19 13:00:00+00:00,106.175064,111.66333
2023-12-19 13:15:00+00:00,114.27797,110.77055
2023-12-19 13:30:00+00:00,108.693375,108.2748
2023-12-19 13:45:00+00:00,112.9001,111.866005
2023-12-19 14:00:00+00:00,110.72626,112.92299
2023-12-19 14:15:00+00:00,121.79581,120.87274
2023-12-19 14:30:00+00:00,134.62267,124.08073
2023-12-19 14:45:00+00:00,144.96725,125.890015
2023-12-19 15:00:00+00:00,162.70036,127.81641
2023-12-19 15:15:00+00:00,174.56273,137.35251
2023-12-19 15:30:00+00:00,165.28758,144.97093
2023-12-19 15:45:00+00:00,166.13655,148.8635
2023-12-19 16:00:00+00:00,177.42975,159.56477
2023-12-19 16:15:00+00:00,192.79399,170.51418
2023-12-19 16:30:00+00:00,188.19405,175.95297
2023-12-19 16:45:00+00:00,192.05206,183.6114
2023-12-19 17:00:00+00:00,181.12984,191.40257
2023-12-19 17:15:00+00:00,190.87346,201.11111
2023-12-19 17:30:00+00:00,193.70975,194.7247
2023-12-19 17:45:00+00:00,197.15123,201.64998
2023-12-19 18:00:00+00:00,221.58182,202.76584
2023-12-19 18:15:00+00:00,225.5098,200.59769
2023-12-19 18:30:00+00:00,213.36551,194.78177
2023-12-19 18:45:00+00:00,201.30708,190.36111
2023-12-19 19:00:00+00:00,211.4259,204.32239
2023-12-19 19:15:00+00:00,221.95384,207.93106
2023-12-19 19:30:00+00:00,219.84784,211.48666
2023-12-19 19:45:00+00:00,213.56158,211.16353
2023-12-19 20:00:00+00:00,213.63684,208.50473
2023-12-19 20:15:00+00:00,212.5176,199.76477
2023-12-19 20:30:00+00:00,207.59013,197.91481
2023-12-19 20:45:00+00:00,212.86948,188.93144
2023-12-19 21:00:00+00:00,207.8689,184.46196
2023-12-19 21:15:00+00:00,207.81271,190.90457
2023-12-19 21:30:00+00:00,227.2883,198.08093
2023-12-19 21:45:00+00:00,228.65027,203.11737
2023-12-19 22:00:00+00:00,216.5452,191.16501
2023-12-19 22:15:00+00:00,216.71902,191.65599
2023-12-19 22:30:00+00:00,208.51967,178.08768
2023-12-19 22:45:00+00:00,209.86786,190.6586
2023-12-19 23:00:00+00:00,211.68663,213.1585
2023-12-19 23:15:00+00:00,214.9119,201.35652
2023-12-19 23:30:00+00:00,205.11316,187.87715
2023-12-19 23:45:00+00:00,196.82689,173.74062
2023-12-20 00:00:00+00:00,183.19334,170.34169
2023-12-20 00:15:00+00:00,186.49585,159.90312
2023-12-20 00:30:00+00:00,175.64111,138.79065
2023-12-20 00:45:00+00:00,174.70026,153.5401
2023-12-20 01:00:00+00:00,203.167,213.17473
2023-12-20 01:15:00+00:00,208.56688,212.77603
2023-12-20 01:30:00+00:00,207.39874,221.5314
2023-12-20 01:45:00+00:00,190.6906,210.81827
2023-12-20 02:00:00+00:00,187.93674,196.4471
2023-12-20 02:15:00+00:00,184.0602,187.62119
2023-12-20 02:30:00+00:00,165.00731,180.6716
2023-12-20 02:45:00+00:00,156.066,177.0061
2023-12-20 03:00:00+00:00,167.59837,170.87967
2023-12-20 03:15:00+00:00,176.83675,168.40666
2023-12-20 03:30:00+00:00,167.54129,162.93355
2023-12-20 03:45:00+00:00,178.56834,165.37158
2023-12-20 04:00:00+00:00,181.31374,171.44492
2023-12-20 04:15:00+00:00,179.10854,175.06937
2023-12-20 04:30:00+00:00,183.13626,173.5127
2023-12-20 04:45:00+00:00,189.35332,176.74672
2023-12-20 05:00:00+00:00,193.8948,186.08986
2023-12-20 05:15:00+00:00,191.29529,196.39615
2023-12-20 05:30:00+00:00,189.85757,196.3415
2023-12-20 05:45:00+00:00,198.41515,196.66545
2023-12-20 06:00:00+00:00,185.87848,188.03455
2023-12-20 06:15:00+00:00,185.39326,193.99695
2023-12-20 06:30:00+00:00,183.8234,199.44458
2023-12-20 06:45:00+00:00,189.42308,200.71796
2023-12-20 07:00:00+00:00,185.51906,198.96239
2023-12-20 07:15:00+00:00,177.2596,194.06538
2023-12-20 07:30:00+00:00,172.26566,187.4602
2023-12-20 07:45:00+00:00,180.38875,180.95476
2023-12-20 08:00:00+00:00,183.21025,177.83987
2023-12-20 08:15:00+00:00,174.20023,169.66165
2023-12-20 08:30:00+00:00,160.88234,165.53714
2023-12-20 08:45:00+00:00,160.48486,162.66104
2023-12-20 09:00:00+00:00,164.7832,170.62769
2023-12-20 09:15:00+00:00,171.17468,165.38918
2023-12-20 09:30:00+00:00,157.58194,159.52814
2023-12-20 09:45:00+00:00,158.66869,154.13329
2023-12-20 10:00:00+00:00,103.79134,89.40155
2023-12-20 10:15:00+00:00,104.65397,91.16068
2023-12-20 10:30:00+00:00,105.3464,98.794846
2023-12-20 10:45:00+00:00,121.15914,114.599976
2023-12-20 11:00:00+00:00,190.77518,188.46758
2023-12-20 11:15:00+00:00,176.48048,187.95004
2023-12-20 11:30:00+00:00,161.1128,168.56808
2023-12-20 11:45:00+00:00,161.23648,156.74983
2023-12-20 12:00:00+00:00,159.02283,152.11015
2023-12-20 12:15:00+00:00,146.67223,143.28452
2023-12-20 12:30:00+00:00,134.9813,146.69186
2023-12-20 12:45:00+00:00,136.35558,151.46436
2023-12-20 13:00:00+00:00,135.47285,151.05254
2023-12-20 13:15:00+00:00,141.31674,148.29207
2023-12-20 13:30:00+00:00,139.26906,146.59387
2023-12-20 13:45:00+00:00,137.95714,150.50566
2023-12-20 14:00:00+00:00,138.06602,150.02798
2023-12-20 14:15:00+00:00,143.58008,154.37169
2023-12-20 14:30:00+00:00,161.38872,160.50356
2023-12-20 14:45:00+00:00,166.19554,163.04176
2023-12-20 15:00:00+00:00,171.27829,165.60039
2023-12-20 15:15:00+00:00,188.10378,174.75938
2023-12-20 15:30:00+00:00,198.98811,182.33554
2023-12-20 15:45:00+00:00,199.5928,186.39824
2023-12-20 16:00:00+00:00,206.93677,196.72678
2023-12-20 16:15:00+00:00,212.92865,207.50432
2023-12-20 16:30:00+00:00,213.42023,209.85544
2023-12-20 16:45:00+00:00,231.82191,219.81828
2023-12-20 17:00:00+00:00,229.78058,216.03572
2023-12-20 17:15:00+00:00,234.91089,222.08884
2023-12-20 17:30:00+00:00,226.74974,219.77946
2023-12-20 17:45:00+00:00,228.21918,226.7699
2023-12-20 18:00:00+00:00,234.66034,224.43686
2023-12-20 18:15:00+00:00,223.31403,218.58066
2023-12-20 18:30:00+00:00,224.76971,209.55191
2023-12-20 18:45:00+00:00,227.48235,206.89163
2023-12-20 19:00:00+00:00,244.49495,223.10612
2023-12-20 19:15:00+00:00,242.47685,229.50471
2023-12-20 19:30:00+00:00,241.24211,232.57413
2023-12-20 19:45:00+00:00,224.91454,229.34866
2023-12-20 20:00:00+00:00,220.28003,228.55795
2023-12-20 20:15:00+00:00,222.27168,224.66704
2023-12-20 20:30:00+00:00,214.32303,220.73404
2023-12-20 20:45:00+00:00,222.10889,211.01797
2023-12-20 21:00:00+00:00,215.71634,202.84152
2023-12-20 21:15:00+00:00,213.92238,211.47449
2023-12-20 21:30:00+00:00,234.73117,222.31055
2023-12-20 21:45:00+00:00,226.45058,228.31882
2023-12-20 22:00:00+00:00,220.54431,210.4253
2023-12-20 22:15:00+00:00,217.1234,209.47327
2023-12-20 22:30:00+00:00,210.13991,196.22276
2023-12-20 22:45:00+00:00,193.37892,208.86252
2023-12-20 23:00:00+00:00,210.08282,230.06438
2023-12-20 23:15:00+00:00,211.07443,214.50314
2023-12-20 23:30:00+00:00,195.54182,198.69522
2023-12-20 23:45:00+00:00,188.91037,187.22916
2023-12-21 00:00:00+00:00,193.24763,162.231
2023-12-21 00:15:00+00:00,175.37672,145.29341
2023-12-21 00:30:00+00:00,158.5636,120.85646
2023-12-21 00:45:00+00:00,179.72229,140.31967
2023-12-21 01:00:00+00:00,205.08984,195.13914
2023-12-21 01:15:00+00:00,195.57939,194.21405
2023-12-21 01:30:00+00:00,201.73952,203.16211
2023-12-21 01:45:00+00:00,189.97043,191.10336
2023-12-21 02:00:00+00:00,182.48651,178.3094
2023-12-21 02:15:00+00:00,186.7547,175.62383
2023-12-21 02:30:00+00:00,183.5199,168.43613
2023-12-21 02:45:00+00:00,170.83826,163.61429
2023-12-21 03:00:00+00:00,168.52661,155.67178
2023-12-21 03:15:00+00:00,163.1699,153.2919
2023-12-21 03:30:00+00:00,159.4253,149.20532
2023-12-21 03:45:00+00:00,158.25517,152.69563
2023-12-21 04:00:00+00:00,174.08472,162.81094
2023-12-21 04:15:00+00:00,169.83665,161.68315
2023-12-21 04:30:00+00:00,168.68454,162.06984
2023-12-21 04:45:00+00:00,186.97728,165.31479
2023-12-21 05:00:00+00:00,184.60841,175.65897
2023-12-21 05:15:00+00:00,191.10876,185.00282
2023-12-21 05:30:00+00:00,191.84645,184.54189
2023-12-21 05:45:00+00:00,178.54051,181.90161
2023-12-21 06:00:00+00:00,174.54683,170.22017
2023-12-21 06:15:00+00:00,180.78537,173.65875
2023-12-21 06:30:00+00:00,187.28148,178.92912
2023-12-21 06:45:00+00:00,185.28464,180.20808
2023-12-21 07:00:00+00:00,185.12459,178.97327
2023-12-21 07:15:00+00:00,165.75711,176.14842
2023-12-21 07:30:00+00:00,175.18488,171.22745
2023-12-21 07:45:00+00:00,160.36436,171.93832
2023-12-21 08:00:00+00:00,162.89539,168.3284
2023-12-21 08:15:00+00:00,174.90295,159.17484
2023-12-21 08:30:00+00:00,165.649,156.23695
2023-12-21 08:45:00+00:00,162.13968,157.28712
2023-12-21 09:00:00+00:00,166.41425,161.77776
2023-12-21 09:15:00+00:00,170.8976,159.717
2023-12-21 09:30:00+00:00,163.77405,155.0881
2023-12-21 09:45:00+00:00,160.8498,152.98924
2023-12-21 10:00:00+00:00,109.07812,98.41524
2023-12-21 10:15:00+00:00,107.966286,100.22393
2023-12-21 10:30:00+00:00,109.90378,106.4825
2023-12-21 10:45:00+00:00,117.35061,116.92024
2023-12-21 11:00:00+00:00,196.26091,180.8021
2023-12-21 11:15:00+00:00,194.69014,180.5599
2023-12-21 11:30:00+00:00,176.35925,164.64847
2023-12-21 11:45:00+00:00,168.94104,155.59026
2023-12-21 12:00:00+00:00,163.0247,154.01688
2023-12-21 12:15:00+00:00,157.07338,144.36128
2023-12-21 12:30:00+00:00,152.99702,147.02959
2023-12-21 12:45:00+00:00,159.5387,151.12787
2023-12-21 13:00:00+00:00,176.14938,150.63216
2023-12-21 13:15:00+00:00,163.38083,148.12724
2023-12-21 13:30:00+00:00,162.86995,144.93825
2023-12-21 13:45:00+00:00,167.01202,148.94759
2023-12-21 14:00:00+00:00,167.89491,148.92557
2023-12-21 14:15:00+00:00,162.3453,152.32971
2023-12-21 14:30:00+00:00,161.4571,153.08119
2023-12-21 14:45:00+00:00,161.02043,150.94965
2023-12-21 15:00:00+00:00,166.52765,149.46184
2023-12-21 15:15:00+00:00,159.24829,151.99025
2023-12-21 15:30:00+00:00,171.79533,156.07126
2023-12-21 15:45:00+00:00,172.21399,159.33643
2023-12-21 16:00:00+00:00,178.70056,163.79561
2023-12-21 16:15:00+00:00,182.32751,171.73633
2023-12-21 16:30:00+00:00,186.90521,175.43689
2023-12-21 16:45:00+00:00,190.5025,179.66571
2023-12-21 17:00:00+00:00,193.53592,182.93637
2023-12-21 17:15:00+00:00,180.85638,187.34912
2023-12-21 17:30:00+00:00,184.91791,184.00412
2023-12-21 17:45:00+00:00,189.17233,190.4964
2023-12-21 18:00:00+00:00,187.88667,183.61795
2023-12-21 18:15:00+00:00,185.15427,177.3539
2023-12-21 18:30:00+00:00,184.2629,172.29263
2023-12-21 18:45:00+00:00,181.35771,172.40657
2023-12-21 19:00:00+00:00,195.01448,188.60104
2023-12-21 19:15:00+00:00,198.07545,194.13889
2023-12-21 19:30:00+00:00,201.20427,194.95331
2023-12-21 19:45:00+00:00,201.89638,192.68799
2023-12-21 20:00:00+00:00,196.80994,198.00098
2023-12-21 20:15:00+00:00,187.63441,191.00516
2023-12-21 20:30:00+00:00,171.3947,183.5562
2023-12-21 20:45:00+00:00,174.39102,170.95035
2023-12-21 21:00:00+00:00,166.52235,165.58871
2023-12-21 21:15:00+00:00,174.71005,175.49788
2023-12-21 21:30:00+00:00,193.27095,186.77252
2023-12-21 21:45:00+00:00,189.39279,193.47055
2023-12-21 22:00:00+00:00,186.3,178.16733
2023-12-21 22:15:00+00:00,183.69373,176.99576
2023-12-21 22:30:00+00:00,169.46251,162.34924
2023-12-21 22:45:00+00:00,178.29567,171.96542
2023-12-21 23:00:00+00:00,186.89355,197.3044
2023-12-21 23:15:00+00:00,185.19772,186.42549
2023-12-21 23:30:00+00:00,160.54771,168.34848
2023-12-21 23:45:00+00:00,162.88797,157.72554
2023-12-22 00:00:00+00:00,156.77957,152.16019
2023-12-22 00:15:00+00:00,153.3153,133.32602
2023-12-22 00:30:00+00:00,154.48663,108.202225
2023-12-22 00:45:00+00:00,147.8224,125.62462
2023-12-22 01:00:00+00:00,182.54002,179.24356
2023-12-22 01:15:00+00:00,182.854,179.27255
2023-12-22 01:30:00+00:00,193.09982,185.56392
2023-12-22 01:45:00+00:00,193.53642,172.77144
2023-12-22 02:00:00+00:00,182.95549,161.00053
2023-12-22 02:15:00+00:00,175.0544,154.7034
2023-12-22 02:30:00+00:00,163.07486,145.11191
2023-12-22 02:45:00+00:00,156.95189,141.9162
2023-12-22 03:00:00+00:00,148.76854,138.26517
2023-12-22 03:15:00+00:00,149.38274,140.21387
2023-12-22 03:30:00+00:00,150.34264,132.8645
2023-12-22 03:45:00+00:00,153.23392,134.72884
2023-12-22 04:00:00+00:00,151.45157,144.24649
2023-12-22 04:15:00+00:00,158.03229,145.09477
2023-12-22 04:30:00+00:00,164.94283,147.30908
2023-12-22 04:45:00+00:00,160.27026,149.02878
2023-12-22 05:00:00+00:00,161.21957,161.5596
2023-12-22 05:15:00+00:00,179.40454,172.39102
2023-12-22 05:30:00+00:00,173.38518,171.93106
2023-12-22 05:45:00+00:00,167.7432,167.61905
2023-12-22 06:00:00+00:00,165.97566,161.90344
2023-12-22 06:15:00+00:00,162.53043,162.77957
2023-12-22 06:30:00+00:00,163.48714,167.55441
2023-12-22 06:45:00+00:00,180.72914,171.8295
2023-12-22 07:00:00+00:00,177.08095,171.40982
2023-12-22 07:15:00+00:00,161.7862,168.5895
2023-12-22 07:30:00+00:00,167.12582,163.9974
2023-12-22 07:45:00+00:00,167.30449,165.95316
2023-12-22 08:00:00+00:00,168.6904,162.8576
2023-12-22 08:15:00+00:00,168.18826,155.00143
2023-12-22 08:30:00+00:00,167.44298,151.23889
2023-12-22 08:45:00+00:00,178.07571,150.77701
2023-12-22 09:00:00+00:00,172.81114,153.47226
2023-12-22 09:15:00+00:00,163.34866,152.11967
2023-12-22 09:30:00+00:00,154.22023,146.89656
2023-12-22 09:45:00+00:00,142.06943,144.32259
2023-12-22 10:00:00+00:00,101.29755,95.62581
2023-12-22 10:15:00+00:00,108.84237,98.152916
2023-12-22 10:30:00+00:00,132.15343,105.90501
2023-12-22 10:45:00+00:00,138.56711,118.78938
2023-12-22 11:00:00+00:00,187.88388,185.78502
2023-12-22 11:15:00+00:00,210.72029,183.2802
2023-12-22 11:30:00+00:00,197.36223,163.99353
2023-12-22 11:45:00+00:00,189.33217,154.11615
2023-12-22 12:00:00+00:00,181.46808,151.87883
2023-12-22 12:15:00+00:00,165.5454,142.44028
2023-12-22 12:30:00+00:00,173.1008,146.29129
2023-12-22 12:45:00+00:00,181.61186,151.56454
2023-12-22 13:00:00+00:00,181.28203,145.67947
2023-12-22 13:15:00+00:00,168.93565,146.7847
2023-12-22 13:30:00+00:00,167.4842,140.46156
2023-12-22 13:45:00+00:00,173.2044,142.82718
2023-12-22 14:00:00+00:00,179.18044,140.23347
2023-12-22 14:15:00+00:00,179.11594,145.03633
2023-12-22 14:30:00+00:00,179.29037,147.96074
2023-12-22 14:45:00+00:00,184.80865,148.49968
2023-12-22 15:00:00+00:00,180.34645,146.85446
2023-12-22 15:15:00+00:00,176.47098,152.18022
2023-12-22 15:30:00+00:00,179.48277,158.07217
2023-12-22 15:45:00+00:00,180.38452,160.13142
2023-12-22 16:00:00+00:00,186.98955,167.44745
2023-12-22 16:15:00+00:00,190.50983,176.99043
2023-12-22 16:30:00+00:00,180.97652,181.27415
2023-12-22 16:45:00+00:00,178.62755,182.03131
2023-12-22 17:00:00+00:00,168.33414,183.7856
2023-12-22 17:15:00+00:00,174.93071,189.91418
2023-12-22 17:30:00+00:00,185.32349,188.25671
2023-12-22 17:45:00+00:00,189.45058,197.07791
2023-12-22 18:00:00+00:00,189.95166,191.45535
2023-12-22 18:15:00+00:00,183.38469,186.93594
2023-12-22 18:30:00+00:00,187.8881,184.33356
2023-12-22 18:45:00+00:00,185.02748,181.885
2023-12-22 19:00:00+00:00,196.54189,196.54422
2023-12-22 19:15:00+00:00,202.17857,203.61824
2023-12-22 19:30:00+00:00,207.05095,205.254
2023-12-22 19:45:00+00:00,207.53406,205.8099
2023-12-22 20:00:00+00:00,222.13426,210.13188
2023-12-22 20:15:00+00:00,201.22609,200.72722
2023-12-22 20:30:00+00:00,198.05148,192.41092
2023-12-22 20:45:00+00:00,206.34372,183.27092
2023-12-22 21:00:00+00:00,190.15674,173.85063
2023-12-22 21:15:00+00:00,197.1381,182.2719
2023-12-22 21:30:00+00:00,204.4028,199.36398
2023-12-22 21:45:00+00:00,193.89796,201.95276
2023-12-22 22:00:00+00:00,191.72449,187.33896
2023-12-22 22:15:00+00:00,186.94302,184.98225
2023-12-22 22:30:00+00:00,175.6612,173.79439
2023-12-22 22:45:00+00:00,183.36037,184.62965
2023-12-22 23:00:00+00:00,199.4522,213.29489
2023-12-22 23:15:00+00:00,188.52875,201.69295
2023-12-22 23:30:00+00:00,182.06009,187.87827
2023-12-22 23:45:00+00:00,186.70622,178.82391
2023-12-23 00:00:00+00:00,177.36108,161.73442
2023-12-23 00:15:00+00:00,159.94254,143.3038
2023-12-23 00:30:00+00:00,147.71034,127.46527
2023-12-23 00:45:00+00:00,165.5972,143.66489
2023-12-23 01:00:00+00:00,207.60277,196.45192
2023-12-23 01:15:00+00:00,201.71132,190.69235
2023-12-23 01:30:00+00:00,200.35817,195.22238
2023-12-23 01:45:00+00:00,182.84766,184.18254
2023-12-23 02:00:00+00:00,168.45572,169.57083
2023-12-23 02:15:00+00:00,153.78151,162.42892
2023-12-23 02:30:00+00:00,153.9274,149.7181
2023-12-23 02:45:00+00:00,157.68765,149.07402
2023-12-23 03:00:00+00:00,149.5762,149.0527
2023-12-23 03:15:00+00:00,144.74295,144.38974
2023-12-23 03:30:00+00:00,145.56857,140.69531
2023-12-23 03:45:00+00:00,144.929,142.75963
2023-12-23 04:00:00+00:00,150.99384,149.65549
2023-12-23 04:15:00+00:00,158.29869,146.66122
2023-12-23 04:30:00+00:00,168.34048,148.73315
2023-12-23 04:45:00+00:00,156.52797,148.51923
2023-12-23 05:00:00+00:00,157.03857,155.45659
2023-12-23 05:15:00+00:00,170.81631,164.4603
2023-12-23 05:30:00+00:00,162.90572,168.16855
2023-12-23 05:45:00+00:00,152.92311,166.50676
2023-12-23 06:00:00+00:00,156.42543,163.48247
2023-12-23 06:15:00+00:00,156.98677,163.67697
2023-12-23 06:30:00+00:00,160.32523,167.66624
2023-12-23 06:45:00+00:00,169.97377,169.7446
2023-12-23 07:00:00+00:00,170.69897,167.81734
2023-12-23 07:15:00+00:00,164.52315,166.47906
2023-12-23 07:30:00+00:00,155.55328,160.64986
2023-12-23 07:45:00+00:00,160.90244,155.70203
2023-12-23 08:00:00+00:00,172.85765,156.14319
2023-12-23 08:15:00+00:00,170.25815,150.74608
2023-12-23 08:30:00+00:00,173.08917,149.40535
2023-12-23 08:45:00+00:00,174.50046,149.68204
2023-12-23 09:00:00+00:00,170.95691,157.08545
2023-12-23 09:15:00+00:00,170.7106,151.37224
2023-12-23 09:30:00+00:00,163.33492,145.84738
2023-12-23 09:45:00+00:00,157.87689,146.90425
2023-12-23 10:00:00+00:00,156.85251,112.12398
2023-12-23 10:15:00+00:00,154.24138,114.005295
2023-12-23 10:30:00+00:00,159.88017,122.402245
2023-12-23 10:45:00+00:00,163.99774,128.87985
2023-12-23 11:00:00+00:00,164.45972,159.78305
2023-12-23 11:15:00+00:00,162.53995,158.85071
2023-12-23 11:30:00+00:00,148.98103,148.27946
2023-12-23 11:45:00+00:00,149.30452,144.24191
2023-12-23 12:00:00+00:00,150.53503,144.01564
2023-12-23 12:15:00+00:00,154.76149,140.9567
2023-12-23 12:30:00+00:00,159.93938,143.82716
2023-12-23 12:45:00+00:00,151.57843,146.57011
2023-12-23 13:00:00+00:00,149.17766,145.35585
2023-12-23 13:15:00+00:00,153.9422,144.02563
2023-12-23 13:30:00+00:00,156.97832,142.99849
2023-12-23 13:45:00+00:00,155.35349,145.78922
2023-12-23 14:00:00+00:00,150.76337,146.92682
2023-12-23 14:15:00+00:00,156.806,151.3621
2023-12-23 14:30:00+00:00,169.60483,154.67265
2023-12-23 14:45:00+00:00,178.99014,155.89842
2023-12-23 15:00:00+00:00,178.25436,156.25748
2023-12-23 15:15:00+00:00,183.24515,163.75021
2023-12-23 15:30:00+00:00,189.56686,168.80469
2023-12-23 15:45:00+00:00,190.1356,173.06094
2023-12-23 16:00:00+00:00,201.53688,178.40166
2023-12-23 16:15:00+00:00,209.19695,189.1426
2023-12-23 16:30:00+00:00,204.32669,197.7106
2023-12-23 16:45:00+00:00,205.3796,201.91985
2023-12-23 17:00:00+00:00,204.94194,202.13077
2023-12-23 17:15:00+00:00,204.32352,203.17082
2023-12-23 17:30:00+00:00,206.72324,205.93515
2023-12-23 17:45:00+00:00,206.86278,205.23514
2023-12-23 18:00:00+00:00,204.70937,195.17746
2023-12-23 18:15:00+00:00,206.46,188.97147
2023-12-23 18:30:00+00:00,202.44286,186.82187
2023-12-23 18:45:00+00:00,199.07585,184.02269
2023-12-23 19:00:00+00:00,188.94102,189.20778
2023-12-23 19:15:00+00:00,196.15497,191.47926
2023-12-23 19:30:00+00:00,201.26625,191.80627
2023-12-23 19:45:00+00:00,190.22122,193.00554
2023-12-23 20:00:00+00:00,187.8046,195.0711
2023-12-23 20:15:00+00:00,180.21643,190.08852
2023-12-23 20:30:00+00:00,179.88977,185.6691
2023-12-23 20:45:00+00:00,168.21997,175.7258
2023-12-23 21:00:00+00:00,164.5242,170.64993
2023-12-23 21:15:00+00:00,174.1738,175.73152
2023-12-23 21:30:00+00:00,185.12686,189.3585
2023-12-23 21:45:00+00:00,185.25583,198.04796
2023-12-23 22:00:00+00:00,179.67305,186.98221
2023-12-23 22:15:00+00:00,181.27463,184.96011
2023-12-23 22:30:00+00:00,184.04646,175.73203
2023-12-23 22:45:00+00:00,185.93134,184.48062
2023-12-23 23:00:00+00:00,211.45078,206.9679
2023-12-23 23:15:00+00:00,197.3654,199.24744
2023-12-23 23:30:00+00:00,184.9334,183.38712
2023-12-23 23:45:00+00:00,178.57997,175.29675
2023-12-24 00:00:00+00:00,183.9714,159.60355
2023-12-24 00:15:00+00:00,175.85466,142.85442
2023-12-24 00:30:00+00:00,163.02518,127.272446
2023-12-24 00:45:00+00:00,160.03134,147.29407
2023-12-24 01:00:00+00:00,206.34265,204.24767
2023-12-24 01:15:00+00:00,197.24171,197.79141
2023-12-24 01:30:00+00:00,205.40709,204.59021
2023-12-24 01:45:00+00:00,188.14711,192.25061
2023-12-24 02:00:00+00:00,171.76775,177.5302
2023-12-24 02:15:00+00:00,168.63649,170.50381
2023-12-24 02:30:00+00:00,159.85269,159.9571
2023-12-24 02:45:00+00:00,167.60472,159.16655
2023-12-24 03:00:00+00:00,161.09483,152.45944
2023-12-24 03:15:00+00:00,160.86014,147.24025
2023-12-24 03:30:00+00:00,154.32277,139.9336
2023-12-24 03:45:00+00:00,160.50177,144.2106
2023-12-24 04:00:00+00:00,167.05289,149.93677
2023-12-24 04:15:00+00:00,169.2232,145.4979
2023-12-24 04:30:00+00:00,158.08302,147.3046
2023-12-24 04:45:00+00:00,158.58623,148.81377
2023-12-24 05:00:00+00:00,156.1918,157.83249
2023-12-24 05:15:00+00:00,171.11125,164.19571
2023-12-24 05:30:00+00:00,166.8478,167.00081
2023-12-24 05:45:00+00:00,164.36034,162.63713
2023-12-24 06:00:00+00:00,159.44568,159.36276
2023-12-24 06:15:00+00:00,166.17757,162.40813
2023-12-24 06:30:00+00:00,164.35823,167.25931
2023-12-24 06:45:00+00:00,163.54424,170.05681
2023-12-24 07:00:00+00:00,180.15828,171.78366
2023-12-24 07:15:00+00:00,166.25052,169.21098
2023-12-24 07:30:00+00:00,169.96954,164.42097
2023-12-24 07:45:00+00:00,168.01805,161.04892
2023-12-24 08:00:00+00:00,169.6027,161.38261
2023-12-24 08:15:00+00:00,160.78192,155.43428
2023-12-24 08:30:00+00:00,142.79463,153.0949
2023-12-24 08:45:00+00:00,135.75089,157.10666
2023-12-24 09:00:00+00:00,132.74437,166.7658
2023-12-24 09:15:00+00:00,139.66443,161.97063
2023-12-24 09:30:00+00:00,136.91057,155.96982
2023-12-24 09:45:00+00:00,126.44169,162.12894
2023-12-24 10:00:00+00:00,130.81825,126.812035
2023-12-24 10:15:00+00:00,128.1754,126.62974
2023-12-24 10:30:00+00:00,130.48843,134.24251
2023-12-24 10:45:00+00:00,133.82054,140.36667
2023-12-24 11:00:00+00:00,149.58571,165.54655
2023-12-24 11:15:00+00:00,155.27843,161.23282
2023-12-24 11:30:00+00:00,155.23192,153.36281
2023-12-24 11:45:00+00:00,143.75769,149.95972
2023-12-24 12:00:00+00:00,146.12357,149.1937
2023-12-24 12:15:00+00:00,152.04991,148.52216
2023-12-24 12:30:00+00:00,160.79037,150.52045
2023-12-24 12:45:00+00:00,166.47885,154.4257
2023-12-24 13:00:00+00:00,174.01628,155.02177
2023-12-24 13:15:00+00:00,177.60634,153.02979
2023-12-24 13:30:00+00:00,185.43237,151.73172
2023-12-24 13:45:00+00:00,200.62245,157.64574
2023-12-24 14:00:00+00:00,207.02452,160.85258
2023-12-24 14:15:00+00:00,203.9123,164.82092
2023-12-24 14:30:00+00:00,187.18405,163.874
2023-12-24 14:45:00+00:00,174.24358,167.6856
2023-12-24 15:00:00+00:00,187.50436,172.15393
2023-12-24 15:15:00+00:00,187.45363,174.6331
2023-12-24 15:30:00+00:00,188.73805,180.28195
2023-12-24 15:45:00+00:00,182.5136,183.62088
2023-12-24 16:00:00+00:00,192.55646,189.00987
2023-12-24 16:15:00+00:00,187.05508,195.72128
2023-12-24 16:30:00+00:00,182.94492,203.50456
2023-12-24 16:45:00+00:00,178.13597,205.73792
2023-12-24 17:00:00+00:00,187.42825,202.24622
2023-12-24 17:15:00+00:00,196.53131,204.68115
2023-12-24 17:30:00+00:00,198.28194,204.26363
2023-12-24 17:45:00+00:00,190.6906,201.4808
2023-12-24 18:00:00+00:00,184.55388,189.798
2023-12-24 18:15:00+00:00,168.35316,182.96158
2023-12-24 18:30:00+00:00,162.93532,180.767
2023-12-24 18:45:00+00:00,167.49689,181.12679
2023-12-24 19:00:00+00:00,177.4816,183.82413
2023-12-24 19:15:00+00:00,170.48648,185.39871
2023-12-24 19:30:00+00:00,168.4018,185.7181
2023-12-24 19:45:00+00:00,163.90894,183.17033
2023-12-24 20:00:00+00:00,162.42049,187.89107
2023-12-24 20:15:00+00:00,168.97371,180.40909
2023-12-24 20:30:00+00:00,165.38577,171.1711
2023-12-24 20:45:00+00:00,163.27676,162.29773
2023-12-24 21:00:00+00:00,158.64438,159.74002
2023-12-24 21:15:00+00:00,169.67671,164.87022
2023-12-24 21:30:00+00:00,174.24886,174.00345
2023-12-24 21:45:00+00:00,175.4762,184.91922
2023-12-24 22:00:00+00:00,175.16118,172.05325
2023-12-24 22:15:00+00:00,187.82152,167.74239
2023-12-24 22:30:00+00:00,182.93752,158.39522
2023-12-24 22:45:00+00:00,176.31769,170.10417
2023-12-24 23:00:00+00:00,188.77823,191.24857
2023-12-24 23:15:00+00:00,180.11917,182.17386
2023-12-24 23:30:00+00:00,162.45114,160.85335
2023-12-24 23:45:00+00:00,165.7008,153.01347
2023-12-25 00:00:00+00:00,167.22308,145.09079
2023-12-25 00:15:00+00:00,152.78569,135.20016
2023-12-25 00:30:00+00:00,136.22131,119.62052
2023-12-25 00:45:00+00:00,137.73409,130.1679
2023-12-25 01:00:00+00:00,170.39662,179.44751
2023-12-25 01:15:00+00:00,160.77028,173.89143
2023-12-25 01:30:00+00:00,169.61223,176.8003
2023-12-25 01:45:00+00:00,169.78983,171.81339
2023-12-25 02:00:00+00:00,165.76,156.24167
2023-12-25 02:15:00+00:00,157.43289,147.7175
2023-12-25 02:30:00+00:00,149.2929,140.28036
2023-12-25 02:45:00+00:00,146.83186,139.62875
2023-12-25 03:00:00+00:00,151.6852,138.41835
2023-12-25 03:15:00+00:00,153.76248,142.1312
2023-12-25 03:30:00+00:00,146.84032,135.93607
2023-12-25 03:45:00+00:00,138.36626,138.50249
2023-12-25 04:00:00+00:00,144.18372,147.68054
2023-12-25 04:15:00+00:00,144.56429,147.31158
2023-12-25 04:30:00+00:00,143.0198,153.7256
2023-12-25 04:45:00+00:00,152.02454,153.72595
2023-12-25 05:00:00+00:00,153.88512,165.30309
2023-12-25 05:15:00+00:00,160.10852,172.44817
2023-12-25 05:30:00+00:00,148.32031,171.50534
2023-12-25 05:45:00+00:00,138.3356,172.40266
2023-12-25 06:00:00+00:00,138.66014,171.05557
2023-12-25 06:15:00+00:00,140.70782,171.16617
2023-12-25 06:30:00+00:00,146.78957,172.29028
2023-12-25 06:45:00+00:00,160.07997,170.33438
2023-12-25 07:00:00+00:00,160.88763,171.40295
2023-12-25 07:15:00+00:00,154.38408,161.33443
2023-12-25 07:30:00+00:00,157.74158,152.003
2023-12-25 07:45:00+00:00,153.83966,145.02907
2023-12-25 08:00:00+00:00,153.20537,139.04367
2023-12-25 08:15:00+00:00,134.61235,131.98581
2023-12-25 08:30:00+00:00,131.53078,124.07455
2023-12-25 08:45:00+00:00,121.88646,114.65889
2023-12-25 09:00:00+00:00,116.688484,112.40348
2023-12-25 09:15:00+00:00,121.18346,107.22494
2023-12-25 09:30:00+00:00,122.55774,102.31981
2023-12-25 09:45:00+00:00,117.361885,97.77368
2023-12-25 10:00:00+00:00,88.53783,68.33716
2023-12-25 10:15:00+00:00,92.81715,68.90302
2023-12-25 10:30:00+00:00,88.98605,73.58326
2023-12-25 10:45:00+00:00,86.23009,84.65272
2023-12-25 11:00:00+00:00,128.0052,129.95016
2023-12-25 11:15:00+00:00,121.43083,122.361855
2023-12-25 11:30:00+00:00,112.944084,102.53916
2023-12-25 11:45:00+00:00,99.284744,93.46883
2023-12-25 12:00:00+00:00,89.21123,90.312
2023-12-25 12:15:00+00:00,88.9924,87.52997
2023-12-25 12:30:00+00:00,99.26572,85.51431
2023-12-25 12:45:00+00:00,93.4398,84.996704
2023-12-25 13:00:00+00:00,91.76,84.19461
2023-12-25 13:15:00+00:00,95.38917,83.692894
2023-12-25 13:30:00+00:00,102.63905,82.045616
2023-12-25 13:45:00+00:00,113.79297,83.431984
2023-12-25 14:00:00+00:00,119.75632,82.2878
2023-12-25 14:15:00+00:00,115.08269,90.6404
2023-12-25 14:30:00+00:00,124.794655,95.16341
2023-12-25 14:45:00+00:00,138.62949,99.040306
2023-12-25 15:00:00+00:00,142.6847,105.67705
2023-12-25 15:15:00+00:00,149.2284,117.5564
2023-12-25 15:30:00+00:00,161.82742,127.38776
2023-12-25 15:45:00+00:00,166.00949,134.08752
2023-12-25 16:00:00+00:00,176.8452,144.03171
2023-12-25 16:15:00+00:00,172.87563,154.20085
2023-12-25 16:30:00+00:00,172.85449,158.766
2023-12-25 16:45:00+00:00,182.64468,169.1981
2023-12-25 17:00:00+00:00,179.83374,170.64572
2023-12-25 17:15:00+00:00,174.74466,178.13358
2023-12-25 17:30:00+00:00,191.39465,181.0231
2023-12-25 17:45:00+00:00,200.7546,192.54199
2023-12-25 18:00:00+00:00,191.52786,194.21182
2023-12-25 18:15:00+00:00,196.35477,194.51062
2023-12-25 18:30:00+00:00,189.65355,187.8682
2023-12-25 18:45:00+00:00,192.12726,184.10237
2023-12-25 19:00:00+00:00,208.4136,198.85954
2023-12-25 19:15:00+00:00,211.55649,204.49326
2023-12-25 19:30:00+00:00,214.8738,206.75339
2023-12-25 19:45:00+00:00,211.75523,205.13611
2023-12-25 20:00:00+00:00,215.38545,204.7529
2023-12-25 20:15:00+00:00,195.22469,200.31174
2023-12-25 20:30:00+00:00,197.38231,193.66005
2023-12-25 20:45:00+00:00,191.37563,184.57532
2023-12-25 21:00:00+00:00,185.96623,171.6354
2023-12-25 21:15:00+00:00,197.64871,179.48837
2023-12-25 21:30:00+00:00,205.85637,192.30807
2023-12-25 21:45:00+00:00,206.50757,198.9047
2023-12-25 22:00:00+00:00,198.40775,189.63086
2023-12-25 22:15:00+00:00,199.34648,187.84232
2023-12-25 22:30:00+00:00,201.8942,178.30534
2023-12-25 22:45:00+00:00,199.34648,186.83191
2023-12-25 23:00:00+00:00,226.62395,207.61032
2023-12-25 23:15:00+00:00,207.45372,193.91286
2023-12-25 23:30:00+00:00,196.58417,182.32387
2023-12-25 23:45:00+00:00,205.0709,175.07762
2023-12-26 00:00:00+00:00,191.6864,169.99194
2023-12-26 00:15:00+00:00,179.39055,164.30252
2023-12-26 00:30:00+00:00,177.85265,149.20178
2023-12-26 00:45:00+00:00,172.34966,156.44412
2023-12-26 01:00:00+00:00,207.08351,200.35794
2023-12-26 01:15:00+00:00,204.71358,199.07224
2023-12-26 01:30:00+00:00,200.19313,199.70215
2023-12-26 01:45:00+00:00,186.72821,191.96268
2023-12-26 02:00:00+00:00,184.26819,180.80544
2023-12-26 02:15:00+00:00,180.06888,171.10266
2023-12-26 02:30:00+00:00,175.71802,162.51297
2023-12-26 02:45:00+00:00,178.66347,160.47983
2023-12-26 03:00:00+00:00,180.63487,159.2338
2023-12-26 03:15:00+00:00,174.30518,163.90852
2023-12-26 03:30:00+00:00,159.99551,158.95476
2023-12-26 03:45:00+00:00,157.09457,160.69174
2023-12-26 04:00:00+00:00,168.22243,169.34525
2023-12-26 04:15:00+00:00,174.06987,168.00009
2023-12-26 04:30:00+00:00,176.65495,171.7467
2023-12-26 04:45:00+00:00,179.45627,177.54532
2023-12-26 05:00:00+00:00,181.36514,183.78792
2023-12-26 05:15:00+00:00,172.00838,188.81723
2023-12-26 05:30:00+00:00,162.60922,189.84737
2023-12-26 05:45:00+00:00,170.64111,189.693
2023-12-26 06:00:00+00:00,153.78134,183.74036
2023-12-26 06:15:00+00:00,150.46387,184.5912
2023-12-26 06:30:00+00:00,154.70346,184.38069
2023-12-26 06:45:00+00:00,159.79202,180.40982
2023-12-26 07:00:00+00:00,154.20636,178.69005
2023-12-26 07:15:00+00:00,158.68336,170.36174
2023-12-26 07:30:00+00:00,163.54617,158.00002
2023-12-26 07:45:00+00:00,170.11223,152.57176
2023-12-26 08:00:00+00:00,175.42018,146.1821
2023-12-26 08:15:00+00:00,164.25523,134.50252
2023-12-26 08:30:00+00:00,150.33032,130.09856
2023-12-26 08:45:00+00:00,148.7691,120.37445
2023-12-26 09:00:00+00:00,149.4665,114.766495
2023-12-26 09:15:00+00:00,145.8247,111.945724
2023-12-26 09:30:00+00:00,145.25449,108.28066
2023-12-26 09:45:00+00:00,140.68527,102.46095
2023-12-26 10:00:00+00:00,100.584114,67.07085
2023-12-26 10:15:00+00:00,101.281525,62.8383
2023-12-26 10:30:00+00:00,103.830574,68.618454
2023-12-26 10:45:00+00:00,104.43047,76.848114
2023-12-26 11:00:00+00:00,147.38806,131.67528
2023-12-26 11:15:00+00:00,137.81189,123.40881
2023-12-26 11:30:00+00:00,128.17003,103.4551
2023-12-26 11:45:00+00:00,116.283295,90.7344
2023-12-26 12:00:00+00:00,114.74326,86.57629
2023-12-26 12:15:00+00:00,106.004425,82.51227
2023-12-26 12:30:00+00:00,102.501465,80.732445
2023-12-26 12:45:00+00:00,102.84487,84.28228
2023-12-26 13:00:00+00:00,104.22485,86.20026
2023-12-26 13:15:00+00:00,106.85022,84.76868
2023-12-26 13:30:00+00:00,100.96144,81.97135
2023-12-26 13:45:00+00:00,102.157,82.582375
2023-12-26 14:00:00+00:00,121.02315,81.86239
2023-12-26 14:15:00+00:00,127.80542,90.30123
2023-12-26 14:30:00+00:00,126.70949,97.165985
2023-12-26 14:45:00+00:00,133.91466,98.93345
2023-12-26 15:00:00+00:00,145.1061,104.47904
2023-12-26 15:15:00+00:00,156.16187,116.34098
2023-12-26 15:30:00+00:00,161.7507,127.34359
2023-12-26 15:45:00+00:00,174.50974,131.08911
2023-12-26 16:00:00+00:00,179.15419,146.55984
2023-12-26 16:15:00+00:00,187.41502,162.01155
2023-12-26 16:30:00+00:00,183.17543,168.80287
2023-12-26 16:45:00+00:00,185.46057,179.17056
2023-12-26 17:00:00+00:00,182.72285,185.55363
2023-12-26 17:15:00+00:00,193.03671,194.62668
2023-12-26 17:30:00+00:00,196.50151,191.90593
2023-12-26 17:45:00+00:00,196.16553,201.95142
2023-12-26 18:00:00+00:00,197.77126,209.3613
2023-12-26 18:15:00+00:00,201.29012,208.81802
2023-12-26 18:30:00+00:00,201.2827,201.4745
2023-12-26 18:45:00+00:00,197.87195,200.13301
2023-12-26 19:00:00+00:00,206.28964,217.88965
2023-12-26 19:15:00+00:00,216.41165,221.05733
2023-12-26 19:30:00+00:00,215.70682,222.9357
2023-12-26 19:45:00+00:00,211.70465,222.12344
2023-12-26 20:00:00+00:00,217.00095,218.18896
2023-12-26 20:15:00+00:00,204.63197,213.68074
2023-12-26 20:30:00+00:00,196.59265,211.45361
2023-12-26 20:45:00+00:00,204.17621,203.83716
2023-12-26 21:00:00+00:00,208.99344,193.84354
2023-12-26 21:15:00+00:00,212.32681,200.90327
2023-12-26 21:30:00+00:00,228.03871,211.04597
2023-12-26 21:45:00+00:00,229.36464,214.32182
2023-12-26 22:00:00+00:00,222.17854,201.56009
2023-12-26 22:15:00+00:00,221.12712,197.05444
2023-12-26 22:30:00+00:00,215.65489,188.06325
2023-12-26 22:45:00+00:00,222.20293,197.6718
2023-12-26 23:00:00+00:00,241.90002,218.94975
2023-12-26 23:15:00+00:00,213.7439,203.0665
2023-12-26 23:30:00+00:00,196.06483,194.01608
2023-12-26 23:45:00+00:00,206.24089,182.66867
2023-12-27 00:00:00+00:00,200.54713,187.72844
2023-12-27 00:15:00+00:00,196.66791,179.40776
2023-12-27 00:30:00+00:00,186.25974,168.15903
2023-12-27 00:45:00+00:00,193.96199,182.17123
2023-12-27 01:00:00+00:00,219.83936,226.5726
2023-12-27 01:15:00+00:00,220.4912,224.90862
2023-12-27 01:30:00+00:00,220.58128,234.98022
2023-12-27 01:45:00+00:00,208.14658,227.60014
2023-12-27 02:00:00+00:00,203.37175,212.977
2023-12-27 02:15:00+00:00,192.07645,202.0634
2023-12-27 02:30:00+00:00,194.39761,204.01334
2023-12-27 02:45:00+00:00,198.12209,204.28087
2023-12-27 03:00:00+00:00,196.08286,200.79845
2023-12-27 03:15:00+00:00,190.62332,199.81467
2023-12-27 03:30:00+00:00,186.07108,196.75839
2023-12-27 03:45:00+00:00,193.15965,198.66452
2023-12-27 04:00:00+00:00,186.14738,206.35315
2023-12-27 04:15:00+00:00,196.88731,204.32034
2023-12-27 04:30:00+00:00,208.04378,207.43143
2023-12-27 04:45:00+00:00,205.49048,210.29858
2023-12-27 05:00:00+00:00,198.10089,218.87607
2023-12-27 05:15:00+00:00,213.47469,221.87012
2023-12-27 05:30:00+00:00,212.44765,223.83992
2023-12-27 05:45:00+00:00,201.70135,229.47647
2023-12-27 06:00:00+00:00,193.44795,219.53354
2023-12-27 06:15:00+00:00,204.49948,221.46762
2023-12-27 06:30:00+00:00,208.65004,224.66695
2023-12-27 06:45:00+00:00,203.11526,224.96176
2023-12-27 07:00:00+00:00,200.57787,222.42459
2023-12-27 07:15:00+00:00,196.66473,211.67197
2023-12-27 07:30:00+00:00,201.1661,203.02434
2023-12-27 07:45:00+00:00,199.89,190.3975
2023-12-27 08:00:00+00:00,192.87561,177.39944
2023-12-27 08:15:00+00:00,181.03868,165.35184
2023-12-27 08:30:00+00:00,175.38733,156.71243
2023-12-27 08:45:00+00:00,163.4158,146.36047
2023-12-27 09:00:00+00:00,157.01721,147.13754
2023-12-27 09:15:00+00:00,154.70663,137.37875
2023-12-27 09:30:00+00:00,160.35905,128.50153
2023-12-27 09:45:00+00:00,157.77716,123.9037
2023-12-27 10:00:00+00:00,98.986855,82.043625
2023-12-27 10:15:00+00:00,91.75306,74.814644
2023-12-27 10:30:00+00:00,95.45528,80.39675
2023-12-27 10:45:00+00:00,89.82829,88.6758
2023-12-27 11:00:00+00:00,139.40492,141.06194
2023-12-27 11:15:00+00:00,148.64297,140.81638
2023-12-27 11:30:00+00:00,130.50285,125.079575
2023-12-27 11:45:00+00:00,127.20658,111.30328
2023-12-27 12:00:00+00:00,118.17415,108.47662
2023-12-27 12:15:00+00:00,111.288,101.460495
2023-12-27 12:30:00+00:00,103.47021,98.93473
2023-12-27 12:45:00+00:00,106.5969,101.759834
2023-12-27 13:00:00+00:00,106.4358,103.21914
2023-12-27 13:15:00+00:00,100.21421,103.688805
2023-12-27 13:30:00+00:00,96.09969,101.12303
2023-12-27 13:45:00+00:00,101.313324,102.417725
2023-12-27 14:00:00+00:00,106.64778,104.284935
2023-12-27 14:15:00+00:00,121.56369,113.749245
2023-12-27 14:30:00+00:00,135.86275,117.10521
2023-12-27 14:45:00+00:00,143.77805,120.47127
2023-12-27 15:00:00+00:00,150.21373,125.04264
2023-12-27 15:15:00+00:00,147.31386,134.46274
2023-12-27 15:30:00+00:00,157.23236,143.2576
2023-12-27 15:45:00+00:00,174.1748,149.15622
2023-12-27 16:00:00+00:00,191.50833,160.51083
2023-12-27 16:15:00+00:00,190.83954,167.74701
2023-12-27 16:30:00+00:00,194.95088,174.59366
2023-12-27 16:45:00+00:00,204.51643,188.73628
2023-12-27 17:00:00+00:00,202.79836,193.34364
2023-12-27 17:15:00+00:00,198.89581,200.86679
2023-12-27 17:30:00+00:00,204.92874,198.37524
2023-12-27 17:45:00+00:00,205.44067,205.62979
2023-12-27 18:00:00+00:00,210.69246,209.6296
2023-12-27 18:15:00+00:00,216.52293,210.44992
2023-12-27 18:30:00+00:00,223.09854,202.80568
2023-12-27 18:45:00+00:00,204.60759,201.30121
2023-12-27 19:00:00+00:00,216.55368,211.46475
2023-12-27 19:15:00+00:00,232.06631,218.0562
2023-12-27 19:30:00+00:00,228.7287,222.68906
2023-12-27 19:45:00+00:00,231.07532,222.72678
2023-12-27 20:00:00+00:00,240.4766,221.37186
2023-12-27 20:15:00+00:00,219.33272,211.41814
2023-12-27 20:30:00+00:00,211.77673,211.00798
2023-12-27 20:45:00+00:00,216.19543,206.9183
2023-12-27 21:00:00+00:00,211.15245,200.28186
2023-12-27 21:15:00+00:00,205.4269,208.28645
2023-12-27 21:30:00+00:00,212.61617,215.80264
2023-12-27 21:45:00+00:00,224.85371,220.61206
2023-12-27 22:00:00+00:00,202.54822,208.3918
2023-12-27 22:15:00+00:00,202.70296,207.54294
2023-12-27 22:30:00+00:00,190.24283,194.11714
2023-12-27 22:45:00+00:00,191.06212,206.17549
2023-12-27 23:00:00+00:00,213.23938,224.30322
2023-12-27 23:15:00+00:00,203.4841,215.46811
2023-12-27 23:30:00+00:00,190.6053,203.98868
2023-12-27 23:45:00+00:00,192.38275,193.53943
2023-12-28 00:00:00+00:00,192.6933,184.26985
2023-12-28 00:15:00+00:00,178.50659,166.4546
2023-12-28 00:30:00+00:00,166.62198,143.17863
2023-12-28 00:45:00+00:00,173.17426,163.11111
2023-12-28 01:00:00+00:00,207.68553,219.41911
2023-12-28 01:15:00+00:00,203.57419,218.72981
2023-12-28 01:30:00+00:00,203.78406,231.12515
2023-12-28 01:45:00+00:00,194.27043,219.98608
2023-12-28 02:00:00+00:00,180.65924,203.99263
2023-12-28 02:15:00+00:00,175.01424,200.63571
2023-12-28 02:30:00+00:00,174.97185,195.73059
2023-12-28 02:45:00+00:00,180.51933,190.27478
2023-12-28 03:00:00+00:00,177.95544,183.80577
2023-12-28 03:15:00+00:00,177.22095,178.93558
2023-12-28 03:30:00+00:00,175.56645,175.79337
2023-12-28 03:45:00+00:00,171.5505,179.77658
2023-12-28 04:00:00+00:00,187.39488,187.75655
2023-12-28 04:15:00+00:00,188.52473,186.1849
2023-12-28 04:30:00+00:00,189.56448,185.51431
2023-12-28 04:45:00+00:00,186.61479,188.96133
2023-12-28 05:00:00+00:00,196.94455,199.06633
2023-12-28 05:15:00+00:00,207.80318,208.40128
2023-12-28 05:30:00+00:00,200.47188,208.24849
2023-12-28 05:45:00+00:00,187.43198,211.11832
2023-12-28 06:00:00+00:00,186.30956,197.45544
2023-12-28 06:15:00+00:00,198.04895,202.18488
2023-12-28 06:30:00+00:00,192.83003,209.38974
2023-12-28 06:45:00+00:00,195.48613,210.8155
2023-12-28 07:00:00+00:00,200.52805,208.51372
2023-12-28 07:15:00+00:00,191.9768,203.77658
2023-12-28 07:30:00+00:00,182.77267,198.50668
2023-12-28 07:45:00+00:00,185.02072,196.75844
2023-12-28 08:00:00+00:00,182.05513,191.21593
2023-12-28 08:15:00+00:00,172.17053,178.74553
2023-12-28 08:30:00+00:00,175.61838,173.38489
2023-12-28 08:45:00+00:00,174.14513,171.90916
2023-12-28 09:00:00+00:00,164.71523,175.87466
2023-12-28 09:15:00+00:00,162.31668,171.33072
2023-12-28 09:30:00+00:00,163.3236,163.59164
2023-12-28 09:45:00+00:00,152.36745,159.57953
2023-12-28 10:00:00+00:00,107.364265,97.28371
2023-12-28 10:15:00+00:00,104.73997,97.99562
2023-12-28 10:30:00+00:00,114.81534,103.4083
2023-12-28 10:45:00+00:00,106.4093,111.928055
2023-12-28 11:00:00+00:00,170.41005,178.39555
2023-12-28 11:15:00+00:00,170.86475,178.56163
2023-12-28 11:30:00+00:00,151.76543,161.80182
2023-12-28 11:45:00+00:00,139.68474,151.15898
2023-12-28 12:00:00+00:00,126.524,147.373
2023-12-28 12:15:00+00:00,116.02467,136.39537
2023-12-28 12:30:00+00:00,129.2384,136.7707
2023-12-28 12:45:00+00:00,136.60997,142.35152
2023-12-28 13:00:00+00:00,124.70204,142.51239
2023-12-28 13:15:00+00:00,135.41122,138.34915
2023-12-28 13:30:00+00:00,145.9784,135.77945
2023-12-28 13:45:00+00:00,144.73407,139.72574
2023-12-28 14:00:00+00:00,139.29575,140.71777
2023-12-28 14:15:00+00:00,139.89352,147.83423
2023-12-28 14:30:00+00:00,144.74467,147.254
2023-12-28 14:45:00+00:00,146.8475,146.224
2023-12-28 15:00:00+00:00,155.78137,145.28564
2023-12-28 15:15:00+00:00,164.47252,147.96687
2023-12-28 15:30:00+00:00,164.66011,153.37137
2023-12-28 15:45:00+00:00,172.94745,160.14427
2023-12-28 16:00:00+00:00,183.63968,166.93335
2023-12-28 16:15:00+00:00,184.48547,177.11462
2023-12-28 16:30:00+00:00,186.3159,181.90166
2023-12-28 16:45:00+00:00,191.87718,188.36848
2023-12-28 17:00:00+00:00,181.60043,195.0288
2023-12-28 17:15:00+00:00,185.88135,201.04228
2023-12-28 17:30:00+00:00,183.20723,198.16418
2023-12-28 17:45:00+00:00,188.25975,205.73409
2023-12-28 18:00:00+00:00,191.33769,199.71677
2023-12-28 18:15:00+00:00,189.39279,191.83643
2023-12-28 18:30:00+00:00,187.26982,186.73373
2023-12-28 18:45:00+00:00,183.70857,184.99452
2023-12-28 19:00:00+00:00,186.93806,200.18874
2023-12-28 19:15:00+00:00,190.52794,209.9106
2023-12-28 19:30:00+00:00,199.29857,212.31902
2023-12-28 19:45:00+00:00,196.85869,210.63571
2023-12-28 20:00:00+00:00,199.46286,216.03989
2023-12-28 20:15:00+00:00,195.6663,207.6479
2023-12-28 20:30:00+00:00,182.9465,200.7706
2023-12-28 20:45:00+00:00,187.69484,189.97433
2023-12-28 21:00:00+00:00,181.6068,183.43068
2023-12-28 21:15:00+00:00,183.64178,193.93896
2023-12-28 21:30:00+00:00,202.31079,205.30948
2023-12-28 21:45:00+00:00,220.1022,212.0231
2023-12-28 22:00:00+00:00,208.5663,195.73918
2023-12-28 22:15:00+00:00,187.50511,194.69376
2023-12-28 22:30:00+00:00,175.78372,179.93387
2023-12-28 22:45:00+00:00,180.0021,190.23825
2023-12-28 23:00:00+00:00,205.97804,215.40616
2023-12-28 23:15:00+00:00,191.4617,205.24829
2023-12-28 23:30:00+00:00,170.87428,185.21347
2023-12-28 23:45:00+00:00,165.40947,176.08371
2023-12-29 00:00:00+00:00,162.13014,154.1522
2023-12-29 00:15:00+00:00,154.79884,136.23141
2023-12-29 00:30:00+00:00,142.95769,114.170425
2023-12-29 00:45:00+00:00,157.74748,129.84352
2023-12-29 01:00:00+00:00,187.01015,179.7412
2023-12-29 01:15:00+00:00,175.68939,178.23056
2023-12-29 01:30:00+00:00,170.23305,184.60564
2023-12-29 01:45:00+00:00,159.62668,173.4075
2023-12-29 02:00:00+00:00,153.4231,161.97922
2023-12-29 02:15:00+00:00,145.03827,156.69968
2023-12-29 02:30:00+00:00,140.42455,146.58597
2023-12-29 02:45:00+00:00,131.23418,143.58424
2023-12-29 03:00:00+00:00,134.5824,141.31943
2023-12-29 03:15:00+00:00,145.70387,141.26791
2023-12-29 03:30:00+00:00,139.12616,134.75229
2023-12-29 03:45:00+00:00,134.72443,138.13573
2023-12-29 04:00:00+00:00,142.55917,144.95503
2023-12-29 04:15:00+00:00,148.79347,146.26726
2023-12-29 04:30:00+00:00,143.72824,148.68979
2023-12-29 04:45:00+00:00,148.1374,151.24904
2023-12-29 05:00:00+00:00,157.21223,160.74301
2023-12-29 05:15:00+00:00,158.3283,170.36227
2023-12-29 05:30:00+00:00,151.37538,171.25732
2023-12-29 05:45:00+00:00,146.6387,168.10155
2023-12-29 06:00:00+00:00,142.69165,161.03653
2023-12-29 06:15:00+00:00,145.74733,161.9445
2023-12-29 06:30:00+00:00,140.49979,164.47943
2023-12-29 06:45:00+00:00,153.31818,167.40688
2023-12-29 07:00:00+00:00,152.87938,165.73332
2023-12-29 07:15:00+00:00,160.84662,160.60274
2023-12-29 07:30:00+00:00,154.66954,153.98538
2023-12-29 07:45:00+00:00,144.33449,155.02979
2023-12-29 08:00:00+00:00,134.76999,151.71275
2023-12-29 08:15:00+00:00,138.71387,140.1923
2023-12-29 08:30:00+00:00,146.61751,135.53287
2023-12-29 08:45:00+00:00,140.87288,132.5203
2023-12-29 09:00:00+00:00,143.02658,134.34317
2023-12-29 09:15:00+00:00,140.67786,132.81172
2023-12-29 09:30:00+00:00,133.68042,127.366776
2023-12-29 09:45:00+00:00,129.65388,122.56886
2023-12-29 10:00:00+00:00,85.7053,76.55305
2023-12-29 10:15:00+00:00,87.474266,77.0154
2023-12-29 10:30:00+00:00,84.61572,84.17545
2023-12-29 10:45:00+00:00,84.47052,94.60911
2023-12-29 11:00:00+00:00,134.76257,154.14397
2023-12-29 11:15:00+00:00,130.98404,148.14917
2023-12-29 11:30:00+00:00,114.427414,127.809616
2023-12-29 11:45:00+00:00,111.75966,118.76827
2023-12-29 12:00:00+00:00,103.197815,115.417984
2023-12-29 12:15:00+00:00,108.03836,107.665016
2023-12-29 12:30:00+00:00,104.976326,109.65639
2023-12-29 12:45:00+00:00,108.8884,115.64496
2023-12-29 13:00:00+00:00,96.99531,109.65804
2023-12-29 13:15:00+00:00,98.18769,108.00789
2023-12-29 13:30:00+00:00,93.98944,103.270775
2023-12-29 13:45:00+00:00,96.974106,106.365395
2023-12-29 14:00:00+00:00,105.76913,104.902794
2023-12-29 14:15:00+00:00,111.881546,110.622604
2023-12-29 14:30:00+00:00,120.50486,112.47512
2023-12-29 14:45:00+00:00,107.997025,114.712875
2023-12-29 15:00:00+00:00,123.89228,114.42539
2023-12-29 15:15:00+00:00,127.66763,120.95225
2023-12-29 15:30:00+00:00,133.46103,126.07826
2023-12-29 15:45:00+00:00,129.59029,131.87277
2023-12-29 16:00:00+00:00,146.33452,139.70468
2023-12-29 16:15:00+00:00,163.91501,148.4586
2023-12-29 16:30:00+00:00,153.29486,155.15338
2023-12-29 16:45:00+00:00,161.01831,156.50601
2023-12-29 17:00:00+00:00,163.87791,162.3263
2023-12-29 17:15:00+00:00,171.00041,170.72452
2023-12-29 17:30:00+00:00,175.66396,171.69756
2023-12-29 17:45:00+00:00,173.60776,181.66013
2023-12-29 18:00:00+00:00,167.95427,176.68079
2023-12-29 18:15:00+00:00,164.13335,170.45564
2023-12-29 18:30:00+00:00,170.19171,168.18217
2023-12-29 18:45:00+00:00,174.74503,164.1784
2023-12-29 19:00:00+00:00,183.72023,178.529
2023-12-29 19:15:00+00:00,183.74991,186.95393
2023-12-29 19:30:00+00:00,188.27036,187.07541
2023-12-29 19:45:00+00:00,195.08443,189.2172
2023-12-29 20:00:00+00:00,189.27725,193.0846
2023-12-29 20:15:00+00:00,174.7906,184.06085
2023-12-29 20:30:00+00:00,172.37828,175.7479
2023-12-29 20:45:00+00:00,172.74924,165.62125
2023-12-29 21:00:00+00:00,169.84407,156.63681
2023-12-29 21:15:00+00:00,172.10483,162.88777
2023-12-29 21:30:00+00:00,175.03967,178.61565
2023-12-29 21:45:00+00:00,177.25592,181.77893
2023-12-29 22:00:00+00:00,167.55576,170.48291
2023-12-29 22:15:00+00:00,166.99507,166.99194
2023-12-29 22:30:00+00:00,155.91916,158.03983
2023-12-29 22:45:00+00:00,174.57544,165.99399
2023-12-29 23:00:00+00:00,193.43417,193.89038
2023-12-29 23:15:00+00:00,175.50815,183.29892
2023-12-29 23:30:00+00:00,167.91188,170.98178
2023-12-29 23:45:00+00:00,162.58272,161.28963
2023-12-30 00:00:00+00:00,162.24886,160.80106
2023-12-30 00:15:00+00:00,145.64134,146.95569
2023-12-30 00:30:00+00:00,142.61429,135.7014
2023-12-30 00:45:00+00:00,158.95894,149.9324
2023-12-30 01:00:00+00:00,182.38263,198.7933
2023-12-30 01:15:00+00:00,179.79437,191.43738
2023-12-30 01:30:00+00:00,190.74203,195.34668
2023-12-30 01:45:00+00:00,176.89238,188.40852
2023-12-30 02:00:00+00:00,170.05922,169.88559
2023-12-30 02:15:00+00:00,155.8439,159.78699
2023-12-30 02:30:00+00:00,150.7458,153.25415
2023-12-30 02:45:00+00:00,142.09282,152.76414
2023-12-30 03:00:00+00:00,148.99168,153.30867
2023-12-30 03:15:00+00:00,138.30899,153.29434
2023-12-30 03:30:00+00:00,131.50021,150.52109
2023-12-30 03:45:00+00:00,142.96617,151.82663
2023-12-30 04:00:00+00:00,139.48653,158.2496
2023-12-30 04:15:00+00:00,145.26297,152.88643
2023-12-30 04:30:00+00:00,142.27724,157.5626
2023-12-30 04:45:00+00:00,145.0637,157.49472
2023-12-30 05:00:00+00:00,157.76231,166.27695
2023-12-30 05:15:00+00:00,167.5176,170.2643
2023-12-30 05:30:00+00:00,158.28802,173.67241
2023-12-30 05:45:00+00:00,153.24292,176.99666
2023-12-30 06:00:00+00:00,154.52222,180.64198
2023-12-30 06:15:00+00:00,157.12425,179.27914
2023-12-30 06:30:00+00:00,161.30342,186.09045
2023-12-30 06:45:00+00:00,168.18639,185.0838
2023-12-30 07:00:00+00:00,176.96762,185.90146
2023-12-30 07:15:00+00:00,169.30246,178.0277
2023-12-30 07:30:00+00:00,160.70459,167.80222
2023-12-30 07:45:00+00:00,162.07715,153.5516
2023-12-30 08:00:00+00:00,158.94409,146.75906
2023-12-30 08:15:00+00:00,143.29579,140.20438
2023-12-30 08:30:00+00:00,135.124,132.78708
2023-12-30 08:45:00+00:00,133.41121,123.14077
2023-12-30 09:00:00+00:00,115.77454,126.54289
2023-12-30 09:15:00+00:00,114.82912,117.45302
2023-12-30 09:30:00+00:00,114.22816,108.34812
2023-12-30 09:45:00+00:00,108.28638,105.6887
2023-12-30 10:00:00+00:00,105.96203,81.45413
2023-12-30 10:15:00+00:00,104.973145,77.3328
2023-12-30 10:30:00+00:00,107.760666,87.016495
2023-12-30 10:45:00+00:00,102.68271,93.18135
2023-12-30 11:00:00+00:00,101.7818,116.41112
2023-12-30 11:15:00+00:00,103.79772,114.34889
2023-12-30 11:30:00+00:00,104.80144,101.79467
2023-12-30 11:45:00+00:00,106.62764,93.40332
2023-12-30 12:00:00+00:00,107.13639,95.79079
2023-12-30 12:15:00+00:00,113.01033,96.43595
2023-12-30 12:30:00+00:00,96.47172,94.72426
2023-12-30 12:45:00+00:00,94.31483,92.611855
2023-12-30 13:00:00+00:00,100.05629,91.93756
2023-12-30 13:15:00+00:00,101.71503,94.35758
2023-12-30 13:30:00+00:00,108.3203,94.34176
2023-12-30 13:45:00+00:00,111.21593,96.54184
2023-12-30 14:00:00+00:00,111.01879,96.5384
2023-12-30 14:15:00+00:00,111.941956,107.6911
2023-12-30 14:30:00+00:00,118.64262,114.33325
2023-12-30 14:45:00+00:00,125.073006,122.998
2023-12-30 15:00:00+00:00,137.7748,127.777115
2023-12-30 15:15:00+00:00,153.1719,143.67996
2023-12-30 15:30:00+00:00,150.5423,153.23128
2023-12-30 15:45:00+00:00,167.35225,160.66382
2023-12-30 16:00:00+00:00,185.68315,168.95602
2023-12-30 16:15:00+00:00,185.57292,180.60988
2023-12-30 16:30:00+00:00,191.30801,188.68655
2023-12-30 16:45:00+00:00,204.0628,197.55287
2023-12-30 17:00:00+00:00,188.1792,198.40976
2023-12-30 17:15:00+00:00,191.88991,200.4436
2023-12-30 17:30:00+00:00,201.56252,203.75917
2023-12-30 17:45:00+00:00,192.87137,206.08183
2023-12-30 18:00:00+00:00,185.3885,202.91391
2023-12-30 18:15:00+00:00,187.36096,201.32884
2023-12-30 18:30:00+00:00,189.84537,197.1634
2023-12-30 18:45:00+00:00,193.80513,193.10532
2023-12-30 19:00:00+00:00,200.6616,199.63168
2023-12-30 19:15:00+00:00,206.30978,201.72516
2023-12-30 19:30:00+00:00,202.23978,204.99826
2023-12-30 19:45:00+00:00,201.49255,205.57468
2023-12-30 20:00:00+00:00,193.16602,202.71841
2023-12-30 20:15:00+00:00,195.76912,196.39563
2023-12-30 20:30:00+00:00,196.42201,195.85233
2023-12-30 20:45:00+00:00,186.96562,190.24739
2023-12-30 21:00:00+00:00,199.17351,180.3812
2023-12-30 21:15:00+00:00,200.33304,189.94356
2023-12-30 21:30:00+00:00,200.93929,204.64944
2023-12-30 21:45:00+00:00,204.40727,212.09164
2023-12-30 22:00:00+00:00,210.242,205.97588
2023-12-30 22:15:00+00:00,195.80833,202.29071
2023-12-30 22:30:00+00:00,188.01598,195.1372
2023-12-30 22:45:00+00:00,200.85768,204.70804
2023-12-30 23:00:00+00:00,227.70378,226.11531
2023-12-30 23:15:00+00:00,212.65538,215.82747
2023-12-30 23:30:00+00:00,200.73155,204.79388
2023-12-30 23:45:00+00:00,205.9473,197.38687
2023-12-31 00:00:00+00:00,199.06328,194.17776
2023-12-31 00:15:00+00:00,182.2671,182.09013
2023-12-31 00:30:00+00:00,167.42114,174.29256
2023-12-31 00:45:00+00:00,177.82297,190.49948
2023-12-31 01:00:00+00:00,218.046,239.75046
2023-12-31 01:15:00+00:00,214.65541,231.6833
2023-12-31 01:30:00+00:00,218.42545,239.45547
2023-12-31 01:45:00+00:00,205.72684,226.26013
2023-12-31 02:00:00+00:00,199.5858,212.32126
2023-12-31 02:15:00+00:00,190.8777,202.60455
2023-12-31 02:30:00+00:00,183.98308,196.45293
2023-12-31 02:45:00+00:00,180.49602,195.72252
2023-12-31 03:00:00+00:00,185.6185,186.93765
2023-12-31 03:15:00+00:00,181.72232,179.75041
2023-12-31 03:30:00+00:00,175.18488,176.08594
2023-12-31 03:45:00+00:00,169.4731,179.12038
2023-12-31 04:00:00+00:00,168.81279,183.052
2023-12-31 04:15:00+00:00,173.4954,179.12
2023-12-31 04:30:00+00:00,175.81552,177.53072
2023-12-31 04:45:00+00:00,185.22209,179.33807
2023-12-31 05:00:00+00:00,187.8146,183.89017
2023-12-31 05:15:00+00:00,198.66899,189.62552
2023-12-31 05:30:00+00:00,189.53163,191.87723
2023-12-31 05:45:00+00:00,201.78403,191.72665
2023-12-31 06:00:00+00:00,188.1612,183.13283
2023-12-31 06:15:00+00:00,173.5166,191.1547
2023-12-31 06:30:00+00:00,190.4442,198.2178
2023-12-31 06:45:00+00:00,187.90681,197.38388
2023-12-31 07:00:00+00:00,182.71332,193.81354
2023-12-31 07:15:00+00:00,191.40659,193.68996
2023-12-31 07:30:00+00:00,188.02022,187.4401
2023-12-31 07:45:00+00:00,183.72977,183.57358
2023-12-31 08:00:00+00:00,197.91328,184.03062
2023-12-31 08:15:00+00:00,188.42934,174.66101
2023-12-31 08:30:00+00:00,171.02373,171.39674
2023-12-31 08:45:00+00:00,166.19061,176.05518
2023-12-31 09:00:00+00:00,166.18637,181.73328
2023-12-31 09:15:00+00:00,155.6669,178.52744
2023-12-31 09:30:00+00:00,138.60046,171.79507
2023-12-31 09:45:00+00:00,134.1171,176.24649
2023-12-31 10:00:00+00:00,133.45572,139.41837
2023-12-31 10:15:00+00:00,132.44458,137.33853
2023-12-31 10:30:00+00:00,119.45768,140.5239
2023-12-31 10:45:00+00:00,119.89648,141.83041
2023-12-31 11:00:00+00:00,141.47278,166.15732
2023-12-31 11:15:00+00:00,134.86115,164.15044
2023-12-31 11:30:00+00:00,140.50085,159.70183
2023-12-31 11:45:00+00:00,133.09325,155.84682
2023-12-31 12:00:00+00:00,137.83098,152.66618
2023-12-31 12:15:00+00:00,145.19301,153.50859
2023-12-31 12:30:00+00:00,160.85721,153.4617
2023-12-31 12:45:00+00:00,174.48747,159.11028
2023-12-31 13:00:00+00:00,174.4154,162.93558
2023-12-31 13:15:00+00:00,178.37517,159.60078
2023-12-31 13:30:00+00:00,193.7426,159.94882
2023-12-31 13:45:00+00:00,189.25288,165.17339
2023-12-31 14:00:00+00:00,191.40553,172.34706
2023-12-31 14:15:00+00:00,195.72461,177.44254
2023-12-31 14:30:00+00:00,199.07387,177.14902
2023-12-31 14:45:00+00:00,207.0782,182.22757
2023-12-31 15:00:00+00:00,200.89902,187.62834
2023-12-31 15:15:00+00:00,212.56529,188.89255
2023-12-31 15:30:00+00:00,210.95743,197.00764
2023-12-31 15:45:00+00:00,206.58641,203.64943
2023-12-31 16:00:00+00:00,213.59445,211.65591
2023-12-31 16:15:00+00:00,217.86795,218.75298
2023-12-31 16:30:00+00:00,213.13551,227.67395
2023-12-31 16:45:00+00:00,221.85315,232.8134
2023-12-31 17:00:00+00:00,224.4234,231.88733
2023-12-31 17:15:00+00:00,219.06882,234.25815
2023-12-31 17:30:00+00:00,222.58342,230.34445
2023-12-31 17:45:00+00:00,215.79903,228.28311
2023-12-31 18:00:00+00:00,204.50797,220.79927
2023-12-31 18:15:00+00:00,206.08191,212.70354
2023-12-31 18:30:00+00:00,205.54878,208.13232
2023-12-31 18:45:00+00:00,206.88742,207.29707
2023-12-31 19:00:00+00:00,198.78664,208.96895
2023-12-31 19:15:00+00:00,210.80374,210.3802
2023-12-31 19:30:00+00:00,209.66647,209.98373
2023-12-31 19:45:00+00:00,209.49796,206.77351
2023-12-31 20:00:00+00:00,211.70572,209.99077
2023-12-31 20:15:00+00:00,207.69719,203.66196
2023-12-31 20:30:00+00:00,200.41782,198.10641
2023-12-31 20:45:00+00:00,191.13843,193.35733
2023-12-31 21:00:00+00:00,192.11037,190.6115
2023-12-31 21:15:00+00:00,210.01306,194.09413
2023-12-31 21:30:00+00:00,198.73471,195.42429
2023-12-31 21:45:00+00:00,202.97958,203.67587
2023-12-31 22:00:00+00:00,199.32295,193.85643
2023-12-31 22:15:00+00:00,187.63866,188.70157
2023-12-31 22:30:00+00:00,182.4314,180.61475
2023-12-31 22:45:00+00:00,195.29428,188.01352
2023-12-31 23:00:00+00:00,212.5335,203.48628
2023-12-31 23:15:00+00:00,206.3384,199.30676
2023-12-31 23:30:00+00:00,197.99596,178.48611
2023-12-31 23:45:00+00:00,204.12852,174.764
2024-01-01 00:00:00+00:00,196.53755,164.56804
2024-01-01 00:15:00+00:00,187.67363,154.80957
2024-01-01 00:30:00+00:00,187.99373,139.39835
2024-01-01 00:45:00+00:00,193.7903,151.65607
2024-01-01 01:00:00+00:00,214.73172,199.17331
2024-01-01 01:15:00+00:00,216.96492,197.16074
2024-01-01 01:30:00+00:00,227.97511,203.75302
2024-01-01 01:45:00+00:00,200.93716,194.87727
2024-01-01 02:00:00+00:00,190.26083,181.95952
2024-01-01 02:15:00+00:00,183.35667,172.78473
2024-01-01 02:30:00+00:00,174.58075,166.69574
2024-01-01 02:45:00+00:00,170.78102,164.005
2024-01-01 03:00:00+00:00,164.41316,158.47452
2024-01-01 03:15:00+00:00,166.16411,158.46849
2024-01-01 03:30:00+00:00,164.77882,153.78365
2024-01-01 03:45:00+00:00,159.61925,156.55911
2024-01-01 04:00:00+00:00,169.67554,165.70363
2024-01-01 04:15:00+00:00,170.67291,164.1691
2024-01-01 04:30:00+00:00,146.95456,167.43707
2024-01-01 04:45:00+00:00,151.98906,167.88884
2024-01-01 05:00:00+00:00,167.65857,177.0945
2024-01-01 05:15:00+00:00,171.09474,186.19077
2024-01-01 05:30:00+00:00,164.68661,185.18259
2024-01-01 05:45:00+00:00,168.42804,188.60199
2024-01-01 06:00:00+00:00,166.91982,178.14673
2024-01-01 06:15:00+00:00,155.34258,182.82304
2024-01-01 06:30:00+00:00,146.5624,184.57272
2024-01-01 06:45:00+00:00,154.47346,180.3693
2024-01-01 07:00:00+00:00,156.93666,177.4157
2024-01-01 07:15:00+00:00,155.03732,170.4126
2024-01-01 07:30:00+00:00,158.20428,159.29976
2024-01-01 07:45:00+00:00,146.36208,157.41379
2024-01-01 08:00:00+00:00,152.07068,154.82413
2024-01-01 08:15:00+00:00,141.51624,147.02399
2024-01-01 08:30:00+00:00,142.60475,141.2656
2024-01-01 08:45:00+00:00,142.85594,138.7423
2024-01-01 09:00:00+00:00,141.8978,139.2935
2024-01-01 09:15:00+00:00,139.23004,135.86569
2024-01-01 09:30:00+00:00,138.18286,131.07614
2024-01-01 09:45:00+00:00,137.72075,128.94934
2024-01-01 10:00:00+00:00,85.55055,87.50734
2024-01-01 10:15:00+00:00,82.21294,89.83839
2024-01-01 10:30:00+00:00,79.409515,93.202866
2024-01-01 10:45:00+00:00,77.604515,104.83473
2024-01-01 11:00:00+00:00,136.7043,163.08269
2024-01-01 11:15:00+00:00,146.57088,159.37791
2024-01-01 11:30:00+00:00,133.76839,142.11185
2024-01-01 11:45:00+00:00,128.97873,133.70593
2024-01-01 12:00:00+00:00,110.704,129.97488
2024-01-01 12:15:00+00:00,115.0358,126.80045
2024-01-01 12:30:00+00:00,122.40843,125.68329
2024-01-01 12:45:00+00:00,130.58977,129.3613
2024-01-01 13:00:00+00:00,128.51237,132.66853
2024-01-01 13:15:00+00:00,141.96669,131.29509
2024-01-01 13:30:00+00:00,158.43323,130.57625
2024-01-01 13:45:00+00:00,145.52158,131.66641
2024-01-01 14:00:00+00:00,143.4145,133.69493
2024-01-01 14:15:00+00:00,143.22267,142.07373
2024-01-01 14:30:00+00:00,138.8029,146.48618
2024-01-01 14:45:00+00:00,148.83693,146.70406
2024-01-01 15:00:00+00:00,152.25934,151.97678
2024-01-01 15:15:00+00:00,166.90074,157.03165
2024-01-01 15:30:00+00:00,170.33586,165.16875
2024-01-01 15:45:00+00:00,183.42876,170.27591
2024-01-01 16:00:00+00:00,185.77536,175.60013
2024-01-01 16:15:00+00:00,196.2376,183.25496
2024-01-01 16:30:00+00:00,195.75217,189.87746
2024-01-01 16:45:00+00:00,200.77606,196.87923
2024-01-01 17:00:00+00:00,193.43735,198.39255
2024-01-01 17:15:00+00:00,199.56673,204.38876
2024-01-01 17:30:00+00:00,210.3109,200.37088
2024-01-01 17:45:00+00:00,214.71582,212.41472
2024-01-01 18:00:00+00:00,213.2203,214.01013
2024-01-01 18:15:00+00:00,215.31572,210.34067
2024-01-01 18:30:00+00:00,210.0385,203.6827
2024-01-01 18:45:00+00:00,202.61287,202.91138
2024-01-01 19:00:00+00:00,216.51659,215.18771
2024-01-01 19:15:00+00:00,224.9862,221.08138
2024-01-01 19:30:00+00:00,214.97125,222.5513
2024-01-01 19:45:00+00:00,214.18163,221.35477
2024-01-01 20:00:00+00:00,223.0413,221.24019
2024-01-01 20:15:00+00:00,203.96848,219.57642
2024-01-01 20:30:00+00:00,207.8106,212.03223
2024-01-01 20:45:00+00:00,206.67332,203.48169
2024-01-01 21:00:00+00:00,190.43254,194.88374
2024-01-01 21:15:00+00:00,206.10205,199.81424
2024-01-01 21:30:00+00:00,210.61084,207.88278
2024-01-01 21:45:00+00:00,216.74551,213.44734
2024-01-01 22:00:00+00:00,214.56955,202.29507
2024-01-01 22:15:00+00:00,204.95418,202.20468
2024-01-01 22:30:00+00:00,189.81038,189.57837
2024-01-01 22:45:00+00:00,193.41615,197.81277
2024-01-01 23:00:00+00:00,206.59914,214.20956
2024-01-01 23:15:00+00:00,189.90366,205.2863
2024-01-01 23:30:00+00:00,184.34874,190.54231
2024-01-01 23:45:00+00:00,192.09764,183.68257
2024-01-02 00:00:00+00:00,177.26923,156.44196
2024-01-02 00:15:00+00:00,166.84557,143.59949
2024-01-02 00:30:00+00:00,163.48329,123.887
2024-01-02 00:45:00+00:00,161.49399,137.29842
2024-01-02 01:00:00+00:00,192.104,181.8276
2024-01-02 01:15:00+00:00,181.30309,181.66899
2024-01-02 01:30:00+00:00,182.7345,185.55814
2024-01-02 01:45:00+00:00,170.26202,176.65015
2024-01-02 02:00:00+00:00,168.63509,167.88474
2024-01-02 02:15:00+00:00,169.98997,162.324
2024-01-02 02:30:00+00:00,167.25043,152.45332
2024-01-02 02:45:00+00:00,148.0821,149.11932
2024-01-02 03:00:00+00:00,152.36678,145.22
2024-01-02 03:15:00+00:00,153.52826,146.94101
2024-01-02 03:30:00+00:00,144.6104,140.43701
2024-01-02 03:45:00+00:00,141.56905,142.21713
2024-01-02 04:00:00+00:00,154.8821,151.8815
2024-01-02 04:15:00+00:00,149.09909,151.59201
2024-01-02 04:30:00+00:00,152.49536,152.1257
2024-01-02 04:45:00+00:00,152.41246,157.56609
2024-01-02 05:00:00+00:00,158.32088,166.59242
2024-01-02 05:15:00+00:00,163.96893,174.06184
2024-01-02 05:30:00+00:00,162.04657,173.96301
2024-01-02 05:45:00+00:00,151.58359,172.10497
2024-01-02 06:00:00+00:00,146.36273,160.05136
2024-01-02 06:15:00+00:00,140.79225,162.00528
2024-01-02 06:30:00+00:00,144.1407,162.92247
2024-01-02 06:45:00+00:00,150.51987,161.83623
2024-01-02 07:00:00+00:00,170.02718,160.12154
2024-01-02 07:15:00+00:00,154.50592,157.56343
2024-01-02 07:30:00+00:00,161.41322,146.3945
2024-01-02 07:45:00+00:00,155.02237,148.62576
2024-01-02 08:00:00+00:00,155.74498,143.82045
2024-01-02 08:15:00+00:00,156.86397,134.53195
2024-01-02 08:30:00+00:00,154.236,133.49362
2024-01-02 08:45:00+00:00,166.0475,131.25308
2024-01-02 09:00:00+00:00,165.7744,132.21127
2024-01-02 09:15:00+00:00,153.1032,132.50363
2024-01-02 09:30:00+00:00,150.4391,129.29936
2024-01-02 09:45:00+00:00,149.85782,125.97349
2024-01-02 10:00:00+00:00,109.20245,81.520065
2024-01-02 10:15:00+00:00,107.686035,81.49968
2024-01-02 10:30:00+00:00,94.56533,88.180954
2024-01-02 10:45:00+00:00,97.80008,96.51848
2024-01-02 11:00:00+00:00,167.90503,159.27052
2024-01-02 11:15:00+00:00,169.9496,155.944
2024-01-02 11:30:00+00:00,157.23483,137.6713
2024-01-02 11:45:00+00:00,158.29218,128.23264
2024-01-02 12:00:00+00:00,146.04286,125.95215
2024-01-02 12:15:00+00:00,152.14574,119.59657
2024-01-02 12:30:00+00:00,146.43605,122.62518
2024-01-02 12:45:00+00:00,149.96515,128.97536
2024-01-02 13:00:00+00:00,158.42926,127.13512
2024-01-02 13:15:00+00:00,174.83466,124.852295
2024-01-02 13:30:00+00:00,171.24393,122.66081
2024-01-02 13:45:00+00:00,163.77446,125.5258
2024-01-02 14:00:00+00:00,164.38124,124.610825
2024-01-02 14:15:00+00:00,164.43225,128.95444
2024-01-02 14:30:00+00:00,164.51514,133.4169
2024-01-02 14:45:00+00:00,167.2887,131.30762
2024-01-02 15:00:00+00:00,173.37137,129.92624
2024-01-02 15:15:00+00:00,176.43503,134.55093
2024-01-02 15:30:00+00:00,174.68164,139.47215
2024-01-02 15:45:00+00:00,176.74852,140.86507
2024-01-02 16:00:00+00:00,193.40045,148.53677
2024-01-02 16:15:00+00:00,182.9449,157.66206
2024-01-02 16:30:00+00:00,181.0948,163.62355
2024-01-02 16:45:00+00:00,181.96407,166.23451
2024-01-02 17:00:00+00:00,192.91693,172.11618
2024-01-02 17:15:00+00:00,192.08806,179.14375
2024-01-02 17:30:00+00:00,197.26535,172.08752
2024-01-02 17:45:00+00:00,194.05505,180.65701
2024-01-02 18:00:00+00:00,187.31883,178.35802
2024-01-02 18:15:00+00:00,194.47905,173.7561
2024-01-02 18:30:00+00:00,190.3336,167.19528
2024-01-02 18:45:00+00:00,176.8399,166.47615
2024-01-02 19:00:00+00:00,195.63522,183.24275
2024-01-02 19:15:00+00:00,201.5245,186.14072
2024-01-02 19:30:00+00:00,187.14987,184.96771
2024-01-02 19:45:00+00:00,183.43585,185.03308
2024-01-02 20:00:00+00:00,191.87128,185.01167
2024-01-02 20:15:00+00:00,177.1449,180.57637
2024-01-02 20:30:00+00:00,170.96764,174.52962
2024-01-02 20:45:00+00:00,168.78705,163.65117
2024-01-02 21:00:00+00:00,165.40352,158.70992
2024-01-02 21:15:00+00:00,170.29709,163.85136
2024-01-02 21:30:00+00:00,186.6876,172.9142
2024-01-02 21:45:00+00:00,184.40181,177.67268
2024-01-02 22:00:00+00:00,175.81125,163.0875
2024-01-02 22:15:00+00:00,166.1187,160.72182
2024-01-02 22:30:00+00:00,153.34868,146.90616
2024-01-02 22:45:00+00:00,156.62062,157.07828
2024-01-02 23:00:00+00:00,177.1587,178.6865
2024-01-02 23:15:00+00:00,173.67848,167.14511
2024-01-02 23:30:00+00:00,154.39433,155.78133
2024-01-02 23:45:00+00:00,149.59747,141.2977
2024-01-03 00:00:00+00:00,143.95836,134.04436
2024-01-03 00:15:00+00:00,146.79774,122.23
2024-01-03 00:30:00+00:00,132.52496,110.66457
2024-01-03 00:45:00+00:00,145.2819,123.69869
2024-01-03 01:00:00+00:00,169.87924,165.69292
2024-01-03 01:15:00+00:00,157.8861,161.80634
2024-01-03 01:30:00+00:00,167.38809,167.25565
2024-01-03 01:45:00+00:00,157.9662,158.6821
2024-01-03 02:00:00+00:00,144.72429,145.63469
2024-01-03 02:15:00+00:00,138.18344,139.26181
2024-01-03 02:30:00+00:00,136.31403,135.01755
2024-01-03 02:45:00+00:00,146.87144,133.7341
2024-01-03 03:00:00+00:00,144.9155,132.53944
2024-01-03 03:15:00+00:00,139.30403,130.11615
2024-01-03 03:30:00+00:00,131.06361,128.74263
2024-01-03 03:45:00+00:00,123.18747,131.71266
2024-01-03 04:00:00+00:00,131.07109,141.98773
2024-01-03 04:15:00+00:00,128.5244,140.70671
2024-01-03 04:30:00+00:00,127.11219,145.67935
2024-01-03 04:45:00+00:00,141.70116,147.79935
2024-01-03 05:00:00+00:00,152.02037,159.62503
2024-01-03 05:15:00+00:00,144.92831,162.51974
2024-01-03 05:30:00+00:00,141.68193,163.22476
2024-01-03 05:45:00+00:00,150.8186,165.19688
2024-01-03 06:00:00+00:00,146.68237,158.32903
2024-01-03 06:15:00+00:00,143.63681,155.07317
2024-01-03 06:30:00+00:00,143.15184,152.76218
2024-01-03 06:45:00+00:00,142.14235,149.73985
2024-01-03 07:00:00+00:00,148.9524,151.08463
2024-01-03 07:15:00+00:00,141.21725,137.86185
2024-01-03 07:30:00+00:00,139.241,125.68501
2024-01-03 07:45:00+00:00,132.12224,115.74583
2024-01-03 08:00:00+00:00,127.90589,108.19633
2024-01-03 08:15:00+00:00,116.83571,99.19424
2024-01-03 08:30:00+00:00,106.68848,93.32679
2024-01-03 08:45:00+00:00,100.52152,85.55593
2024-01-03 09:00:00+00:00,98.9918,89.20564
2024-01-03 09:15:00+00:00,95.733665,86.11411
2024-01-03 09:30:00+00:00,92.32063,81.50487
2024-01-03 09:45:00+00:00,93.73285,79.60325
2024-01-03 10:00:00+00:00,71.59461,45.7861
2024-01-03 10:15:00+00:00,69.25303,48.87172
2024-01-03 10:30:00+00:00,67.03108,52.717144
2024-01-03 10:45:00+00:00,68.38882,65.24644
2024-01-03 11:00:00+00:00,121.84789,115.57103
2024-01-03 11:15:00+00:00,114.644745,107.83946
2024-01-03 11:30:00+00:00,105.627716,88.2933
2024-01-03 11:45:00+00:00,89.459885,79.48157
2024-01-03 12:00:00+00:00,88.4568,83.9325
2024-01-03 12:15:00+00:00,86.33314,80.92268
2024-01-03 12:30:00+00:00,97.53045,81.04499
2024-01-03 12:45:00+00:00,98.049614,83.19414
2024-01-03 13:00:00+00:00,103.069275,83.66087
2024-01-03 13:15:00+00:00,97.07965,80.61444
2024-01-03 13:30:00+00:00,92.30461,81.22832
2024-01-03 13:45:00+00:00,95.91527,82.128525
2024-01-03 14:00:00+00:00,97.955605,82.04261
2024-01-03 14:15:00+00:00,102.55438,84.961975
2024-01-03 14:30:00+00:00,105.30297,91.172806
2024-01-03 14:45:00+00:00,98.84118,93.82609
2024-01-03 15:00:00+00:00,107.238625,98.2134
2024-01-03 15:15:00+00:00,120.02334,104.83368
2024-01-03 15:30:00+00:00,130.91086,108.445656
2024-01-03 15:45:00+00:00,136.14417,115.66864
2024-01-03 16:00:00+00:00,140.82841,122.05379
2024-01-03 16:15:00+00:00,135.90596,126.68955
2024-01-03 16:30:00+00:00,137.20494,134.13278
2024-01-03 16:45:00+00:00,142.56537,142.27383
2024-01-03 17:00:00+00:00,143.13902,145.21758
2024-01-03 17:15:00+00:00,142.00027,151.18184
2024-01-03 17:30:00+00:00,145.43573,151.58438
2024-01-03 17:45:00+00:00,159.19362,162.73308
2024-01-03 18:00:00+00:00,168.71165,164.8576
2024-01-03 18:15:00+00:00,182.63937,163.43533
2024-01-03 18:30:00+00:00,175.59326,158.11684
2024-01-03 18:45:00+00:00,177.1593,160.70523
2024-01-03 19:00:00+00:00,179.47525,175.75607
2024-01-03 19:15:00+00:00,189.48146,179.68939
2024-01-03 19:30:00+00:00,190.3382,179.91626
2024-01-03 19:45:00+00:00,195.84178,178.75996
2024-01-03 20:00:00+00:00,194.57271,181.20206
2024-01-03 20:15:00+00:00,184.00246,174.84656
2024-01-03 20:30:00+00:00,170.43365,171.04282
2024-01-03 20:45:00+00:00,166.25043,161.85834
2024-01-03 21:00:00+00:00,161.1688,150.8555
2024-01-03 21:15:00+00:00,165.57101,159.73788
2024-01-03 21:30:00+00:00,157.3477,172.43803
2024-01-03 21:45:00+00:00,167.04306,180.65105
2024-01-03 22:00:00+00:00,164.26562,170.982
2024-01-03 22:15:00+00:00,161.98386,165.20952
2024-01-03 22:30:00+00:00,156.53903,152.17734
2024-01-03 22:45:00+00:00,163.93768,161.50357
2024-01-03 23:00:00+00:00,180.39928,181.99
2024-01-03 23:15:00+00:00,161.28523,169.5157
2024-01-03 23:30:00+00:00,153.37277,159.50601
2024-01-03 23:45:00+00:00,147.43655,150.43332
2024-01-04 00:00:00+00:00,147.17804,141.57367
2024-01-04 00:15:00+00:00,137.253,131.59819
2024-01-04 00:30:00+00:00,138.8778,114.399796
2024-01-04 00:45:00+00:00,150.28448,124.910484
2024-01-04 01:00:00+00:00,167.13278,174.05132
2024-01-04 01:15:00+00:00,163.24225,173.72052
2024-01-04 01:30:00+00:00,185.76292,178.63528
2024-01-04 01:45:00+00:00,180.32022,168.32675
2024-01-04 02:00:00+00:00,173.08502,154.32957
2024-01-04 02:15:00+00:00,153.6612,147.95773
2024-01-04 02:30:00+00:00,146.974,143.03755
2024-01-04 02:45:00+00:00,139.94818,139.0257
2024-01-04 03:00:00+00:00,143.25545,134.3079
2024-01-04 03:15:00+00:00,141.09547,134.95027
2024-01-04 03:30:00+00:00,135.766,133.53716
2024-01-04 03:45:00+00:00,137.84055,135.7139
2024-01-04 04:00:00+00:00,156.53796,144.66528
2024-01-04 04:15:00+00:00,154.02547,142.52151
2024-01-04 04:30:00+00:00,149.72153,145.66194
2024-01-04 04:45:00+00:00,160.57593,146.679
2024-01-04 05:00:00+00:00,166.70656,157.2021
2024-01-04 05:15:00+00:00,167.04413,163.8569
2024-01-04 05:30:00+00:00,155.68552,165.38242
2024-01-04 05:45:00+00:00,159.9916,166.2731
2024-01-04 06:00:00+00:00,143.36334,163.5914
2024-01-04 06:15:00+00:00,151.96483,166.5753
2024-01-04 06:30:00+00:00,155.80943,171.173
2024-01-04 06:45:00+00:00,157.27505,170.10765
2024-01-04 07:00:00+00:00,150.16805,169.11505
2024-01-04 07:15:00+00:00,146.24547,162.1362
2024-01-04 07:30:00+00:00,154.23376,157.19386
2024-01-04 07:45:00+00:00,146.39822,151.50931
2024-01-04 08:00:00+00:00,140.84871,148.44798
2024-01-04 08:15:00+00:00,149.40639,139.49734
2024-01-04 08:30:00+00:00,140.2633,133.1748
2024-01-04 08:45:00+00:00,140.07957,125.36916
2024-01-04 09:00:00+00:00,144.96571,125.6793
2024-01-04 09:15:00+00:00,145.49236,121.08138
2024-01-04 09:30:00+00:00,144.33224,117.12349
2024-01-04 09:45:00+00:00,131.68213,112.3766
2024-01-04 10:00:00+00:00,79.622444,73.349106
2024-01-04 10:15:00+00:00,86.795685,73.01161
2024-01-04 10:30:00+00:00,83.44782,77.70297
2024-01-04 10:45:00+00:00,84.75855,90.29561
2024-01-04 11:00:00+00:00,139.1438,141.99992
2024-01-04 11:15:00+00:00,133.47571,137.05617
2024-01-04 11:30:00+00:00,117.71487,117.74965
2024-01-04 11:45:00+00:00,105.726,107.22246
2024-01-04 12:00:00+00:00,102.51486,107.402664
2024-01-04 12:15:00+00:00,106.1629,100.79145
2024-01-04 12:30:00+00:00,100.119865,100.114136
2024-01-04 12:45:00+00:00,99.260994,98.760185
2024-01-04 13:00:00+00:00,91.71601,100.43002
2024-01-04 13:15:00+00:00,92.01298,99.7151
2024-01-04 13:30:00+00:00,92.963715,97.52263
2024-01-04 13:45:00+00:00,98.73969,97.93043
2024-01-04 14:00:00+00:00,97.37555,97.33198
2024-01-04 14:15:00+00:00,101.28745,107.516525
2024-01-04 14:30:00+00:00,113.04879,109.937
2024-01-04 14:45:00+00:00,111.06613,114.44877
2024-01-04 15:00:00+00:00,119.807556,119.41145
2024-01-04 15:15:00+00:00,142.49701,130.2651
2024-01-04 15:30:00+00:00,145.49663,138.33908
2024-01-04 15:45:00+00:00,153.98808,145.3499
2024-01-04 16:00:00+00:00,168.18286,155.51308
2024-01-04 16:15:00+00:00,168.0846,167.2913
2024-01-04 16:30:00+00:00,163.32664,171.7673
2024-01-04 16:45:00+00:00,170.39948,181.03401
2024-01-04 17:00:00+00:00,172.04669,184.09116
2024-01-04 17:15:00+00:00,183.1062,189.54985
2024-01-04 17:30:00+00:00,180.80414,190.06557
2024-01-04 17:45:00+00:00,199.71202,198.14665
2024-01-04 18:00:00+00:00,202.5108,198.75829
2024-01-04 18:15:00+00:00,198.93861,196.06125
2024-01-04 18:30:00+00:00,186.70831,189.31445
2024-01-04 18:45:00+00:00,191.03896,187.30797
2024-01-04 19:00:00+00:00,204.77869,204.53647
2024-01-04 19:15:00+00:00,208.3167,209.98543
2024-01-04 19:30:00+00:00,201.55367,214.465
2024-01-04 19:45:00+00:00,220.11757,211.02849
2024-01-04 20:00:00+00:00,223.7293,210.8959
2024-01-04 20:15:00+00:00,220.64955,206.17429
2024-01-04 20:30:00+00:00,216.85728,202.79654
2024-01-04 20:45:00+00:00,199.50905,193.97469
2024-01-04 21:00:00+00:00,192.94257,181.61423
2024-01-04 21:15:00+00:00,208.07954,192.69626
2024-01-04 21:30:00+00:00,207.32431,207.07275
2024-01-04 21:45:00+00:00,221.30438,212.5795
2024-01-04 22:00:00+00:00,209.81972,200.49016
2024-01-04 22:15:00+00:00,187.14735,196.03098
2024-01-04 22:30:00+00:00,179.74338,187.47972
2024-01-04 22:45:00+00:00,198.29233,194.46152
2024-01-04 23:00:00+00:00,205.16753,218.43352
2024-01-04 23:15:00+00:00,190.48561,202.18759
2024-01-04 23:30:00+00:00,186.02571,190.47507
2024-01-04 23:45:00+00:00,184.76839,183.09677
2024-01-05 00:00:00+00:00,181.50594,181.38046
2024-01-05 00:15:00+00:00,177.3074,164.61966
2024-01-05 00:30:00+00:00,158.48795,144.44423
2024-01-05 00:45:00+00:00,171.19812,159.58144
2024-01-05 01:00:00+00:00,207.3815,209.08247
2024-01-05 01:15:00+00:00,208.74815,207.90776
2024-01-05 01:30:00+00:00,192.35034,214.43454
2024-01-05 01:45:00+00:00,189.6845,202.30034
2024-01-05 02:00:00+00:00,177.99823,190.52397
2024-01-05 02:15:00+00:00,172.09245,184.04489
2024-01-05 02:30:00+00:00,169.9707,176.71277
2024-01-05 02:45:00+00:00,164.43764,172.81995
2024-01-05 03:00:00+00:00,168.30627,169.3916
2024-01-05 03:15:00+00:00,161.7825,168.58264
2024-01-05 03:30:00+00:00,151.90633,163.68993
2024-01-05 03:45:00+00:00,151.66962,164.76761
2024-01-05 04:00:00+00:00,161.8864,172.96413
2024-01-05 04:15:00+00:00,159.43689,173.1124
2024-01-05 04:30:00+00:00,162.13058,172.15924
2024-01-05 04:45:00+00:00,176.89505,174.26378
2024-01-05 05:00:00+00:00,184.99329,183.50998
2024-01-05 05:15:00+00:00,188.16039,193.6446
2024-01-05 05:30:00+00:00,181.49736,193.24176
2024-01-05 05:45:00+00:00,171.55586,194.00977
2024-01-05 06:00:00+00:00,167.85536,183.43631
2024-01-05 06:15:00+00:00,158.92065,186.2543
2024-01-05 06:30:00+00:00,161.5201,191.12344
2024-01-05 06:45:00+00:00,171.8943,192.52225
2024-01-05 07:00:00+00:00,176.13568,188.27025
2024-01-05 07:15:00+00:00,173.49232,184.46367
2024-01-05 07:30:00+00:00,183.0204,179.16898
2024-01-05 07:45:00+00:00,187.01222,179.23027
2024-01-05 08:00:00+00:00,174.61264,175.79065
2024-01-05 08:15:00+00:00,165.43907,164.90817
2024-01-05 08:30:00+00:00,161.2127,160.33792
2024-01-05 08:45:00+00:00,152.46434,159.63887
2024-01-05 09:00:00+00:00,146.64853,160.0817
2024-01-05 09:15:00+00:00,156.11449,159.24387
2024-01-05 09:30:00+00:00,155.38617,151.67961
2024-01-05 09:45:00+00:00,152.20193,147.38127
2024-01-05 10:00:00+00:00,98.28622,95.46275
2024-01-05 10:15:00+00:00,99.57469,97.70668
2024-01-05 10:30:00+00:00,105.258766,103.86914
2024-01-05 10:45:00+00:00,106.57831,113.55879
2024-01-05 11:00:00+00:00,180.29028,180.45044
2024-01-05 11:15:00+00:00,193.93228,178.65257
2024-01-05 11:30:00+00:00,187.10004,161.09433
2024-01-05 11:45:00+00:00,168.4316,151.74548
2024-01-05 12:00:00+00:00,150.90918,147.1434
2024-01-05 12:15:00+00:00,151.10518,138.47038
2024-01-05 12:30:00+00:00,148.32901,140.06375
2024-01-05 12:45:00+00:00,154.62894,147.27518
2024-01-05 13:00:00+00:00,151.96631,143.89769
2024-01-05 13:15:00+00:00,157.45651,142.40085
2024-01-05 13:30:00+00:00,168.97247,137.57352
2024-01-05 13:45:00+00:00,168.02031,139.23524
2024-01-05 14:00:00+00:00,166.05171,138.97794
2024-01-05 14:15:00+00:00,161.68503,145.01642
2024-01-05 14:30:00+00:00,161.22876,148.44125
2024-01-05 14:45:00+00:00,163.53903,149.86966
2024-01-05 15:00:00+00:00,171.21419,149.5324
2024-01-05 15:15:00+00:00,183.0354,153.9531
2024-01-05 15:30:00+00:00,179.56625,160.58046
2024-01-05 15:45:00+00:00,189.5774,165.8791
2024-01-05 16:00:00+00:00,197.65526,175.2714
2024-01-05 16:15:00+00:00,189.81944,184.22733
2024-01-05 16:30:00+00:00,189.62987,190.60269
2024-01-05 16:45:00+00:00,206.44647,193.35269
2024-01-05 17:00:00+00:00,203.6553,197.05038
2024-01-05 17:15:00+00:00,194.76556,204.0017
2024-01-05 17:30:00+00:00,192.25716,200.1616
2024-01-05 17:45:00+00:00,199.24577,210.29233
2024-01-05 18:00:00+00:00,191.34998,208.11165
2024-01-05 18:15:00+00:00,184.21783,201.72568
2024-01-05 18:30:00+00:00,187.25427,198.5852
2024-01-05 18:45:00+00:00,198.23363,194.82599
2024-01-05 19:00:00+00:00,200.67778,207.25056
2024-01-05 19:15:00+00:00,191.56955,216.33554
2024-01-05 19:30:00+00:00,194.24504,217.94205
2024-01-05 19:45:00+00:00,195.95229,218.50986
2024-01-05 20:00:00+00:00,198.80557,221.94016
2024-01-05 20:15:00+00:00,195.21541,213.15591
2024-01-05 20:30:00+00:00,199.99873,207.4031
2024-01-05 20:45:00+00:00,202.43538,200.28465
2024-01-05 21:00:00+00:00,180.9929,191.62125
2024-01-05 21:15:00+00:00,182.19034,199.39467
2024-01-05 21:30:00+00:00,195.05475,212.23921
2024-01-05 21:45:00+00:00,205.03267,213.19409
2024-01-05 22:00:00+00:00,192.88693,199.7011
2024-01-05 22:15:00+00:00,187.33781,197.13579
2024-01-05 22:30:00+00:00,186.6502,186.14238
2024-01-05 22:45:00+00:00,189.8955,194.81299
2024-01-05 23:00:00+00:00,214.68929,221.59624
2024-01-05 23:15:00+00:00,205.38612,212.83386
2024-01-05 23:30:00+00:00,191.61346,199.75517
2024-01-05 23:45:00+00:00,186.87941,193.184
2024-01-06 00:00:00+00:00,188.40654,184.59323
2024-01-06 00:15:00+00:00,167.81213,164.93204
2024-01-06 00:30:00+00:00,160.69394,152.0782
2024-01-06 00:45:00+00:00,168.21266,169.5422
2024-01-06 01:00:00+00:00,204.24402,223.60469
2024-01-06 01:15:00+00:00,208.58319,217.83041
2024-01-06 01:30:00+00:00,208.57674,224.14958
2024-01-06 01:45:00+00:00,192.31718,211.27808
2024-01-06 02:00:00+00:00,182.5535,194.03854
2024-01-06 02:15:00+00:00,176.42265,186.50676
2024-01-06 02:30:00+00:00,161.76851,176.14485
2024-01-06 02:45:00+00:00,164.27942,175.14546
2024-01-06 03:00:00+00:00,164.52599,173.288
2024-01-06 03:15:00+00:00,162.08505,169.3599
2024-01-06 03:30:00+00:00,152.90387,166.41824
2024-01-06 03:45:00+00:00,166.31656,167.42282
2024-01-06 04:00:00+00:00,163.2533,175.9439
2024-01-06 04:15:00+00:00,167.65277,172.83792
2024-01-06 04:30:00+00:00,182.15404,173.1385
2024-01-06 04:45:00+00:00,174.45657,172.48459
2024-01-06 05:00:00+00:00,176.83073,177.8877
2024-01-06 05:15:00+00:00,162.27994,188.89127
2024-01-06 05:30:00+00:00,169.42183,192.07803
2024-01-06 05:45:00+00:00,179.82294,192.75636
2024-01-06 06:00:00+00:00,164.23311,187.39612
2024-01-06 06:15:00+00:00,173.27756,190.24629
2024-01-06 06:30:00+00:00,175.12198,196.77829
2024-01-06 06:45:00+00:00,176.34944,200.01784
2024-01-06 07:00:00+00:00,181.82887,195.46281
2024-01-06 07:15:00+00:00,184.12659,198.04214
2024-01-06 07:30:00+00:00,198.23915,193.32446
2024-01-06 07:45:00+00:00,189.52956,188.33907
2024-01-06 08:00:00+00:00,186.25742,189.47888
2024-01-06 08:15:00+00:00,192.83617,184.89816
2024-01-06 08:30:00+00:00,194.01733,183.23473
2024-01-06 08:45:00+00:00,186.44907,186.93515
2024-01-06 09:00:00+00:00,187.62054,192.82382
2024-01-06 09:15:00+00:00,197.86983,188.27327
2024-01-06 09:30:00+00:00,185.34436,181.49956
2024-01-06 09:45:00+00:00,189.3799,183.8981
2024-01-06 10:00:00+00:00,189.79874,144.92276
2024-01-06 10:15:00+00:00,185.34758,148.02554
2024-01-06 10:30:00+00:00,192.15245,155.02536
2024-01-06 10:45:00+00:00,183.22107,159.30966
2024-01-06 11:00:00+00:00,184.343,195.33102
2024-01-06 11:15:00+00:00,184.9309,201.07138
2024-01-06 11:30:00+00:00,185.42726,195.42717
2024-01-06 11:45:00+00:00,180.44313,189.50449
2024-01-06 12:00:00+00:00,181.5683,188.71902
2024-01-06 12:15:00+00:00,190.51799,183.54587
2024-01-06 12:30:00+00:00,187.3729,186.31778
2024-01-06 12:45:00+00:00,192.2892,188.20932
2024-01-06 13:00:00+00:00,202.04643,188.28569
2024-01-06 13:15:00+00:00,210.35979,186.44662
2024-01-06 13:30:00+00:00,202.89812,184.73853
2024-01-06 13:45:00+00:00,203.79286,188.31607
2024-01-06 14:00:00+00:00,200.01143,189.87883
2024-01-06 14:15:00+00:00,196.43996,193.20236
2024-01-06 14:30:00+00:00,192.91261,196.54434
2024-01-06 14:45:00+00:00,207.70567,195.75995
2024-01-06 15:00:00+00:00,216.90947,194.09781
2024-01-06 15:15:00+00:00,213.69547,199.54475
2024-01-06 15:30:00+00:00,224.73615,205.59517
2024-01-06 15:45:00+00:00,223.22119,207.61002
2024-01-06 16:00:00+00:00,227.58945,213.60022
2024-01-06 16:15:00+00:00,237.28961,226.7364
2024-01-06 16:30:00+00:00,240.68881,234.31467
2024-01-06 16:45:00+00:00,237.8086,241.43063
2024-01-06 17:00:00+00:00,228.05136,239.0929
2024-01-06 17:15:00+00:00,217.66101,239.20134
2024-01-06 17:30:00+00:00,222.84111,240.56763
2024-01-06 17:45:00+00:00,226.35768,239.02524
2024-01-06 18:00:00+00:00,214.70004,229.86372
2024-01-06 18:15:00+00:00,221.31325,225.20918
2024-01-06 18:30:00+00:00,224.61017,221.68242
2024-01-06 18:45:00+00:00,226.94127,218.21758
2024-01-06 19:00:00+00:00,221.34016,223.12444
2024-01-06 19:15:00+00:00,204.93204,222.0227
2024-01-06 19:30:00+00:00,205.88493,224.2808
2024-01-06 19:45:00+00:00,214.93907,224.18149
2024-01-06 20:00:00+00:00,212.89223,226.15329
2024-01-06 20:15:00+00:00,206.4136,220.82492
2024-01-06 20:30:00+00:00,207.4171,217.93367
2024-01-06 20:45:00+00:00,215.77892,210.74313
2024-01-06 21:00:00+00:00,208.28064,204.13521
2024-01-06 21:15:00+00:00,194.90778,211.0245
2024-01-06 21:30:00+00:00,206.92827,223.07602
2024-01-06 21:45:00+00:00,219.48282,230.31807
2024-01-06 22:00:00+00:00,202.23055,219.69186
2024-01-06 22:15:00+00:00,195.4246,217.17436
2024-01-06 22:30:00+00:00,194.49863,205.92949
2024-01-06 22:45:00+00:00,199.0047,215.85002
2024-01-06 23:00:00+00:00,226.12296,238.22281
2024-01-06 23:15:00+00:00,228.08366,231.13615
2024-01-06 23:30:00+00:00,202.93903,213.57097
2024-01-06 23:45:00+00:00,200.63269,208.90292
2024-01-07 00:00:00+00:00,195.98235,192.94336
2024-01-07 00:15:00+00:00,185.21838,176.323
2024-01-07 00:30:00+00:00,177.17851,161.31378
2024-01-07 00:45:00+00:00,181.91501,182.02823
2024-01-07 01:00:00+00:00,224.56818,247.12566
2024-01-07 01:15:00+00:00,220.65321,241.78036
2024-01-07 01:30:00+00:00,217.53073,251.05351
2024-01-07 01:45:00+00:00,204.21172,234.58047
2024-01-07 02:00:00+00:00,195.54196,215.68918
2024-01-07 02:15:00+00:00,201.50592,206.03793
2024-01-07 02:30:00+00:00,177.01917,197.66325
2024-01-07 02:45:00+00:00,178.95618,194.69193
2024-01-07 03:00:00+00:00,175.46437,183.39651
2024-01-07 03:15:00+00:00,182.65256,179.29642
2024-01-07 03:30:00+00:00,175.79385,172.61996
2024-01-07 03:45:00+00:00,166.89046,176.71121
2024-01-07 04:00:00+00:00,172.30635,182.53465
2024-01-07 04:15:00+00:00,173.26572,179.35896
2024-01-07 04:30:00+00:00,180.08243,178.9327
2024-01-07 04:45:00+00:00,185.99147,180.17601
2024-01-07 05:00:00+00:00,189.28946,187.84387
2024-01-07 05:15:00+00:00,186.87222,199.00327
2024-01-07 05:30:00+00:00,188.77908,200.6557
2024-01-07 05:45:00+00:00,182.86143,199.7976
2024-01-07 06:00:00+00:00,180.22993,192.65332
2024-01-07 06:15:00+00:00,179.52039,202.52316
2024-01-07 06:30:00+00:00,191.38045,210.81686
2024-01-07 06:45:00+00:00,192.4324,213.83086
2024-01-07 07:00:00+00:00,197.64049,212.40898
2024-01-07 07:15:00+00:00,201.90538,211.84358
2024-01-07 07:30:00+00:00,197.81815,205.84615
2024-01-07 07:45:00+00:00,201.26472,201.67693
2024-01-07 08:00:00+00:00,208.15143,203.2742
2024-01-07 08:15:00+00:00,207.55493,198.9209
2024-01-07 08:30:00+00:00,197.83646,194.53893
2024-01-07 08:45:00+00:00,197.1592,199.52884
2024-01-07 09:00:00+00:00,184.02861,209.3223
2024-01-07 09:15:00+00:00,192.15784,203.9303
2024-01-07 09:30:00+00:00,196.39043,197.02629
2024-01-07 09:45:00+00:00,187.84988,202.59671
2024-01-07 10:00:00+00:00,196.56485,147.4387
2024-01-07 10:15:00+00:00,196.8125,148.09998
2024-01-07 10:30:00+00:00,189.67169,155.25754
2024-01-07 10:45:00+00:00,177.94083,164.46362
2024-01-07 11:00:00+00:00,185.70828,209.99373
2024-01-07 11:15:00+00:00,193.24101,211.19768
2024-01-07 11:30:00+00:00,197.44669,202.69331
2024-01-07 11:45:00+00:00,204.9708,195.22464
2024-01-07 12:00:00+00:00,205.81064,191.62738
2024-01-07 12:15:00+00:00,204.4852,187.64447
2024-01-07 12:30:00+00:00,211.7229,189.03777
2024-01-07 12:45:00+00:00,211.62062,194.10257
2024-01-07 13:00:00+00:00,212.26773,198.8641
2024-01-07 13:15:00+00:00,223.88876,195.29085
2024-01-07 13:30:00+00:00,213.96463,193.98288
2024-01-07 13:45:00+00:00,213.09035,200.02776
2024-01-07 14:00:00+00:00,226.00021,203.54668
2024-01-07 14:15:00+00:00,227.38379,210.68819
2024-01-07 14:30:00+00:00,223.36763,213.28238
2024-01-07 14:45:00+00:00,228.08258,215.21367
2024-01-07 15:00:00+00:00,230.57196,219.90201
2024-01-07 15:15:00+00:00,229.14207,221.89706
2024-01-07 15:30:00+00:00,254.42561,232.71709
2024-01-07 15:45:00+00:00,262.8294,233.70432
2024-01-07 16:00:00+00:00,252.48428,244.96147
2024-01-07 16:15:00+00:00,258.87354,257.58185
2024-01-07 16:30:00+00:00,277.1024,264.40036
2024-01-07 16:45:00+00:00,268.38098,269.7603
2024-01-07 17:00:00+00:00,267.6854,265.68063
2024-01-07 17:15:00+00:00,287.02222,267.33145
2024-01-07 17:30:00+00:00,266.78098,266.3054
2024-01-07 17:45:00+00:00,260.31528,266.13297
2024-01-07 18:00:00+00:00,245.92274,260.55777
2024-01-07 18:15:00+00:00,260.59415,253.53043
2024-01-07 18:30:00+00:00,261.6547,247.90894
2024-01-07 18:45:00+00:00,255.51094,247.9229
2024-01-07 19:00:00+00:00,260.00192,254.09615
2024-01-07 19:15:00+00:00,251.76826,253.81514
2024-01-07 19:30:00+00:00,251.67674,256.85773
2024-01-07 19:45:00+00:00,247.0027,253.25517
2024-01-07 20:00:00+00:00,251.99437,255.3957
2024-01-07 20:15:00+00:00,243.386,249.49553
2024-01-07 20:30:00+00:00,239.02313,241.8547
2024-01-07 20:45:00+00:00,237.46942,236.06372
2024-01-07 21:00:00+00:00,231.64653,228.128
2024-01-07 21:15:00+00:00,242.49556,235.6646
2024-01-07 21:30:00+00:00,239.95988,244.28085
2024-01-07 21:45:00+00:00,256.4606,252.85457
2024-01-07 22:00:00+00:00,228.25917,238.00537
2024-01-07 22:15:00+00:00,210.39316,233.10947
2024-01-07 22:30:00+00:00,202.18855,222.78714
2024-01-07 22:45:00+00:00,228.2527,235.53323
2024-01-07 23:00:00+00:00,252.57365,258.10077
2024-01-07 23:15:00+00:00,236.7211,244.70822
2024-01-07 23:30:00+00:00,239.30954,219.23283
2024-01-07 23:45:00+00:00,231.72083,215.82214
2024-01-08 00:00:00+00:00,227.09105,224.15376
2024-01-08 00:15:00+00:00,219.37086,209.5168
2024-01-08 00:30:00+00:00,213.67928,196.8129
2024-01-08 00:45:00+00:00,213.77008,214.54399
2024-01-08 01:00:00+00:00,251.46404,267.47617
2024-01-08 01:15:00+00:00,241.61913,262.38956
2024-01-08 01:30:00+00:00,258.36807,273.36115
2024-01-08 01:45:00+00:00,243.59752,260.1526
2024-01-08 02:00:00+00:00,223.63956,242.62871
2024-01-08 02:15:00+00:00,221.88443,234.77998
2024-01-08 02:30:00+00:00,211.77887,230.99088
2024-01-08 02:45:00+00:00,233.57848,227.67924
2024-01-08 03:00:00+00:00,220.34616,222.18205
2024-01-08 03:15:00+00:00,219.64006,222.16458
2024-01-08 03:30:00+00:00,222.98686,216.8173
2024-01-08 03:45:00+00:00,215.79866,215.9167
2024-01-08 04:00:00+00:00,221.78937,230.30173
2024-01-08 04:15:00+00:00,230.97945,230.77359
2024-01-08 04:30:00+00:00,242.93199,229.6873
2024-01-08 04:45:00+00:00,241.20145,229.36807
2024-01-08 05:00:00+00:00,240.27208,237.4135
2024-01-08 05:15:00+00:00,256.4036,250.27783
2024-01-08 05:30:00+00:00,246.63559,249.13748
2024-01-08 05:45:00+00:00,253.10486,251.22139
2024-01-08 06:00:00+00:00,250.58168,236.06494
2024-01-08 06:15:00+00:00,251.97679,243.7264
2024-01-08 06:30:00+00:00,251.91911,249.58904
2024-01-08 06:45:00+00:00,253.1679,250.45187
2024-01-08 07:00:00+00:00,258.68964,242.82938
2024-01-08 07:15:00+00:00,257.772,242.82187
2024-01-08 07:30:00+00:00,246.57043,236.32365
2024-01-08 07:45:00+00:00,248.62785,237.89604
2024-01-08 08:00:00+00:00,249.84993,232.40482
2024-01-08 08:15:00+00:00,252.49489,226.72798
2024-01-08 08:30:00+00:00,245.68166,220.83643
2024-01-08 08:45:00+00:00,255.88657,225.2898
2024-01-08 09:00:00+00:00,264.63654,221.61697
2024-01-08 09:15:00+00:00,256.6621,221.59431
2024-01-08 09:30:00+00:00,246.22112,214.41438
2024-01-08 09:45:00+00:00,241.25378,213.58908
2024-01-08 10:00:00+00:00,151.41576,156.63382
2024-01-08 10:15:00+00:00,163.37898,160.76678
2024-01-08 10:30:00+00:00,169.29277,161.6709
2024-01-08 10:45:00+00:00,176.88583,167.15645
2024-01-08 11:00:00+00:00,264.60663,240.2687
2024-01-08 11:15:00+00:00,287.20953,250.18051
2024-01-08 11:30:00+00:00,286.80682,241.58882
2024-01-08 11:45:00+00:00,281.10883,230.95969
2024-01-08 12:00:00+00:00,269.94568,220.68945
2024-01-08 12:15:00+00:00,258.1149,208.96516
2024-01-08 12:30:00+00:00,256.1515,209.97586
2024-01-08 12:45:00+00:00,251.64671,214.19954
2024-01-08 13:00:00+00:00,264.75616,217.0968
2024-01-08 13:15:00+00:00,265.19202,213.58499
2024-01-08 13:30:00+00:00,252.30368,210.43286
2024-01-08 13:45:00+00:00,254.7585,214.62949
2024-01-08 14:00:00+00:00,254.8931,216.56125
2024-01-08 14:15:00+00:00,257.76666,220.76045
2024-01-08 14:30:00+00:00,258.54327,221.98596
2024-01-08 14:45:00+00:00,246.64948,218.078
2024-01-08 15:00:00+00:00,255.96027,216.88628
2024-01-08 15:15:00+00:00,263.06622,218.20865
2024-01-08 15:30:00+00:00,263.6516,229.86531
2024-01-08 15:45:00+00:00,271.40063,232.7175
2024-01-08 16:00:00+00:00,271.30984,239.31555
2024-01-08 16:15:00+00:00,262.23404,252.83675
2024-01-08 16:30:00+00:00,263.67618,256.15723
2024-01-08 16:45:00+00:00,268.8123,266.88504
2024-01-08 17:00:00+00:00,265.9024,266.9605
2024-01-08 17:15:00+00:00,261.11453,272.53397
2024-01-08 17:30:00+00:00,256.85867,264.90536
2024-01-08 17:45:00+00:00,278.1594,273.32822
2024-01-08 18:00:00+00:00,273.64075,274.80887
2024-01-08 18:15:00+00:00,286.622,273.51654
2024-01-08 18:30:00+00:00,280.4294,266.61996
2024-01-08 18:45:00+00:00,275.13733,263.05914
2024-01-08 19:00:00+00:00,286.63055,273.2646
2024-01-08 19:15:00+00:00,288.89737,272.51862
2024-01-08 19:30:00+00:00,298.19214,277.37482
2024-01-08 19:45:00+00:00,288.85034,273.97256
2024-01-08 20:00:00+00:00,285.67767,274.99237
2024-01-08 20:15:00+00:00,271.13037,269.39597
2024-01-08 20:30:00+00:00,268.82724,263.38907
2024-01-08 20:45:00+00:00,269.00458,260.78522
2024-01-08 21:00:00+00:00,263.8674,251.89258
2024-01-08 21:15:00+00:00,273.1579,257.75705
2024-01-08 21:30:00+00:00,279.70728,262.54132
2024-01-08 21:45:00+00:00,282.22406,266.0799
2024-01-08 22:00:00+00:00,285.76315,252.64189
2024-01-08 22:15:00+00:00,266.71854,251.681
2024-01-08 22:30:00+00:00,238.07364,234.5394
2024-01-08 22:45:00+00:00,249.36815,245.89438
2024-01-08 23:00:00+00:00,265.25504,264.6315
2024-01-08 23:15:00+00:00,243.90623,257.40985
2024-01-08 23:30:00+00:00,241.33391,239.53503
2024-01-08 23:45:00+00:00,231.30739,235.12984
2024-01-09 00:00:00+00:00,242.56032,235.9154
2024-01-09 00:15:00+00:00,238.40955,218.59091
2024-01-09 00:30:00+00:00,223.44937,196.25766
2024-01-09 00:45:00+00:00,237.56898,218.31865
2024-01-09 01:00:00+00:00,270.79422,282.79596
2024-01-09 01:15:00+00:00,264.89856,281.92532
2024-01-09 01:30:00+00:00,280.0468,295.89642
2024-01-09 01:45:00+00:00,264.9772,279.99036
2024-01-09 02:00:00+00:00,248.59624,260.09418
2024-01-09 02:15:00+00:00,235.87616,252.09883
2024-01-09 02:30:00+00:00,238.6954,245.8815
2024-01-09 02:45:00+00:00,229.95924,239.16504
2024-01-09 03:00:00+00:00,226.75745,232.09933
2024-01-09 03:15:00+00:00,216.74078,234.52364
2024-01-09 03:30:00+00:00,222.43347,226.61002
2024-01-09 03:45:00+00:00,233.57231,226.76718
2024-01-09 04:00:00+00:00,234.9814,240.56155
2024-01-09 04:15:00+00:00,237.70712,239.6576
2024-01-09 04:30:00+00:00,243.77919,237.90962
2024-01-09 04:45:00+00:00,244.6984,242.99202
2024-01-09 05:00:00+00:00,255.4111,252.99744
2024-01-09 05:15:00+00:00,267.31506,268.13666
2024-01-09 05:30:00+00:00,260.3493,266.4673
2024-01-09 05:45:00+00:00,259.88702,267.9473
2024-01-09 06:00:00+00:00,261.06552,251.01791
2024-01-09 06:15:00+00:00,253.97543,258.76202
2024-01-09 06:30:00+00:00,256.8967,265.5958
2024-01-09 06:45:00+00:00,274.2957,268.18698
2024-01-09 07:00:00+00:00,269.60828,262.3219
2024-01-09 07:15:00+00:00,249.66528,260.1248
2024-01-09 07:30:00+00:00,248.44109,249.27945
2024-01-09 07:45:00+00:00,249.17645,250.59995
2024-01-09 08:00:00+00:00,256.7596,241.40947
2024-01-09 08:15:00+00:00,249.39642,235.76108
2024-01-09 08:30:00+00:00,261.86783,229.93301
2024-01-09 08:45:00+00:00,259.54062,232.3759
2024-01-09 09:00:00+00:00,255.01047,233.20247
2024-01-09 09:15:00+00:00,259.9646,231.11052
2024-01-09 09:30:00+00:00,268.35114,223.83357
2024-01-09 09:45:00+00:00,268.40216,221.42307
2024-01-09 10:00:00+00:00,170.143,136.10568
2024-01-09 10:15:00+00:00,170.60207,140.28413
2024-01-09 10:30:00+00:00,171.56804,146.47583
2024-01-09 10:45:00+00:00,176.1938,158.32396
2024-01-09 11:00:00+00:00,270.30856,261.01886
2024-01-09 11:15:00+00:00,295.86032,272.8978
2024-01-09 11:30:00+00:00,285.41858,258.36127
2024-01-09 11:45:00+00:00,287.4982,241.67183
2024-01-09 12:00:00+00:00,292.11017,233.59341
2024-01-09 12:15:00+00:00,271.13,217.30403
2024-01-09 12:30:00+00:00,264.79123,219.92896
2024-01-09 12:45:00+00:00,260.25897,229.09512
2024-01-09 13:00:00+00:00,257.96786,230.47685
2024-01-09 13:15:00+00:00,256.20065,225.59164
2024-01-09 13:30:00+00:00,257.58105,222.32895
2024-01-09 13:45:00+00:00,259.43222,227.88298
2024-01-09 14:00:00+00:00,261.22067,226.61203
2024-01-09 14:15:00+00:00,261.96878,232.17929
2024-01-09 14:30:00+00:00,256.97852,239.54378
2024-01-09 14:45:00+00:00,260.9635,233.4561
2024-01-09 15:00:00+00:00,252.00632,229.56467
2024-01-09 15:15:00+00:00,268.58707,231.2917
2024-01-09 15:30:00+00:00,266.22794,243.30147
2024-01-09 15:45:00+00:00,272.36163,240.38968
2024-01-09 16:00:00+00:00,272.36484,252.2186
2024-01-09 16:15:00+00:00,288.96786,270.33774
2024-01-09 16:30:00+00:00,278.2254,272.8694
2024-01-09 16:45:00+00:00,283.47498,282.6147
2024-01-09 17:00:00+00:00,279.40073,284.8133
2024-01-09 17:15:00+00:00,276.21484,290.83453
2024-01-09 17:30:00+00:00,276.36682,280.08636
2024-01-09 17:45:00+00:00,291.7701,291.45135
2024-01-09 18:00:00+00:00,306.82806,295.03632
2024-01-09 18:15:00+00:00,303.10767,292.75406
2024-01-09 18:30:00+00:00,291.2526,283.2083
2024-01-09 18:45:00+00:00,296.4246,282.7742
2024-01-09 19:00:00+00:00,312.03723,300.7907
2024-01-09 19:15:00+00:00,313.2784,300.3771
2024-01-09 19:30:00+00:00,309.79395,305.54828
2024-01-09 19:45:00+00:00,295.70728,301.80908
2024-01-09 20:00:00+00:00,312.11057,300.3832
2024-01-09 20:15:00+00:00,303.00565,295.41666
2024-01-09 20:30:00+00:00,298.7008,290.76624
2024-01-09 20:45:00+00:00,288.1103,285.18213
2024-01-09 21:00:00+00:00,265.8592,275.81146
2024-01-09 21:15:00+00:00,273.15756,285.38348
2024-01-09 21:30:00+00:00,291.10275,295.16608
2024-01-09 21:45:00+00:00,301.468,297.0389
2024-01-09 22:00:00+00:00,288.2155,276.32834
2024-01-09 22:15:00+00:00,280.8013,274.55145
2024-01-09 22:30:00+00:00,258.3196,253.78752
2024-01-09 22:45:00+00:00,272.49234,272.83228
2024-01-09 23:00:00+00:00,281.37622,298.53824
2024-01-09 23:15:00+00:00,274.14584,284.143
2024-01-09 23:30:00+00:00,265.68173,263.41156
2024-01-09 23:45:00+00:00,268.5605,252.48112
2024-01-10 00:00:00+00:00,257.2219,244.31467
2024-01-10 00:15:00+00:00,264.71704,229.66785
2024-01-10 00:30:00+00:00,260.23685,211.53255
2024-01-10 00:45:00+00:00,255.43742,232.22505
2024-01-10 01:00:00+00:00,274.82965,295.23267
2024-01-10 01:15:00+00:00,274.8804,292.1426
2024-01-10 01:30:00+00:00,269.80188,307.54504
2024-01-10 01:45:00+00:00,256.41,291.60657
2024-01-10 02:00:00+00:00,258.9535,273.41705
2024-01-10 02:15:00+00:00,255.26088,266.3999
2024-01-10 02:30:00+00:00,256.54953,265.61993
2024-01-10 02:45:00+00:00,252.64763,258.2154
2024-01-10 03:00:00+00:00,248.26471,249.60803
2024-01-10 03:15:00+00:00,241.00954,243.56747
2024-01-10 03:30:00+00:00,239.37097,239.45535
2024-01-10 03:45:00+00:00,239.76422,240.9941
2024-01-10 04:00:00+00:00,250.29654,250.63896
2024-01-10 04:15:00+00:00,254.99132,253.47066
2024-01-10 04:30:00+00:00,254.82112,248.08377
2024-01-10 04:45:00+00:00,259.37424,250.83154
2024-01-10 05:00:00+00:00,254.97229,258.69434
2024-01-10 05:15:00+00:00,265.98666,272.69077
2024-01-10 05:30:00+00:00,263.33112,272.16025
2024-01-10 05:45:00+00:00,276.8932,272.94263
2024-01-10 06:00:00+00:00,264.64407,254.13611
2024-01-10 06:15:00+00:00,260.8669,261.84662
2024-01-10 06:30:00+00:00,263.48544,269.243
2024-01-10 06:45:00+00:00,264.23392,271.4623
2024-01-10 07:00:00+00:00,261.58893,264.70322
2024-01-10 07:15:00+00:00,259.64804,262.42355
2024-01-10 07:30:00+00:00,261.9505,257.82098
2024-01-10 07:45:00+00:00,250.897,255.22507
2024-01-10 08:00:00+00:00,255.85289,247.23303
2024-01-10 08:15:00+00:00,255.26195,238.42403
2024-01-10 08:30:00+00:00,252.11589,231.89348
2024-01-10 08:45:00+00:00,245.95169,235.42004
2024-01-10 09:00:00+00:00,238.94812,241.44048
2024-01-10 09:15:00+00:00,232.68349,239.3695
2024-01-10 09:30:00+00:00,223.43983,229.89743
2024-01-10 09:45:00+00:00,224.57942,225.45381
2024-01-10 10:00:00+00:00,144.06215,135.37527
2024-01-10 10:15:00+00:00,143.8782,137.89764
2024-01-10 10:30:00+00:00,165.25151,143.3108
2024-01-10 10:45:00+00:00,171.67577,154.12532
2024-01-10 11:00:00+00:00,250.42868,251.50449
2024-01-10 11:15:00+00:00,274.6679,264.95468
2024-01-10 11:30:00+00:00,259.11206,253.04251
2024-01-10 11:45:00+00:00,264.698,238.83862
2024-01-10 12:00:00+00:00,269.11157,228.25606
2024-01-10 12:15:00+00:00,259.57297,211.73909
2024-01-10 12:30:00+00:00,260.1618,214.87297
2024-01-10 12:45:00+00:00,256.95444,224.95938
2024-01-10 13:00:00+00:00,249.76057,224.3317
2024-01-10 13:15:00+00:00,244.17886,218.28125
2024-01-10 13:30:00+00:00,247.42216,214.01384
2024-01-10 13:45:00+00:00,245.06897,221.53012
2024-01-10 14:00:00+00:00,251.59894,223.38374
2024-01-10 14:15:00+00:00,244.22432,225.203
2024-01-10 14:30:00+00:00,239.78326,229.92473
2024-01-10 14:45:00+00:00,241.70197,224.90576
2024-01-10 15:00:00+00:00,241.8468,221.74673
2024-01-10 15:15:00+00:00,252.17615,223.60493
2024-01-10 15:30:00+00:00,260.3246,233.46342
2024-01-10 15:45:00+00:00,264.49396,233.87796
2024-01-10 16:00:00+00:00,271.13705,244.2666
2024-01-10 16:15:00+00:00,277.4514,254.19975
2024-01-10 16:30:00+00:00,268.2574,258.24295
2024-01-10 16:45:00+00:00,265.81857,270.23737
2024-01-10 17:00:00+00:00,272.47223,271.0213
2024-01-10 17:15:00+00:00,263.51718,277.7105
2024-01-10 17:30:00+00:00,255.51671,269.12085
2024-01-10 17:45:00+00:00,273.89197,280.05692
2024-01-10 18:00:00+00:00,277.28964,280.79916
2024-01-10 18:15:00+00:00,284.2858,277.06772
2024-01-10 18:30:00+00:00,293.14993,266.08804
2024-01-10 18:45:00+00:00,288.96472,266.07382
2024-01-10 19:00:00+00:00,292.30212,279.60135
2024-01-10 19:15:00+00:00,301.15356,282.49298
2024-01-10 19:30:00+00:00,293.9798,287.23914
2024-01-10 19:45:00+00:00,274.70068,283.36017
2024-01-10 20:00:00+00:00,272.6456,285.13287
2024-01-10 20:15:00+00:00,275.1468,277.40637
2024-01-10 20:30:00+00:00,271.2946,274.45712
2024-01-10 20:45:00+00:00,262.63763,268.46783
2024-01-10 21:00:00+00:00,249.65697,261.8897
2024-01-10 21:15:00+00:00,256.33493,270.90515
2024-01-10 21:30:00+00:00,256.1087,277.97504
2024-01-10 21:45:00+00:00,267.43073,280.163
2024-01-10 22:00:00+00:00,257.42804,260.50058
2024-01-10 22:15:00+00:00,240.204,259.74673
2024-01-10 22:30:00+00:00,232.96574,239.73845
2024-01-10 22:45:00+00:00,232.41708,256.32916
2024-01-10 23:00:00+00:00,255.03255,278.39764
2024-01-10 23:15:00+00:00,246.08806,268.01447
2024-01-10 23:30:00+00:00,243.76022,249.02328
2024-01-10 23:45:00+00:00,241.82988,238.89774
2024-01-11 00:00:00+00:00,243.95854,235.41866
2024-01-11 00:15:00+00:00,228.75087,216.81009
2024-01-11 00:30:00+00:00,225.885,195.5336
2024-01-11 00:45:00+00:00,241.20549,217.77412
2024-01-11 01:00:00+00:00,259.7451,284.93246
2024-01-11 01:15:00+00:00,255.34189,282.52817
2024-01-11 01:30:00+00:00,264.90533,297.84277
2024-01-11 01:45:00+00:00,252.23456,279.9577
2024-01-11 02:00:00+00:00,247.1228,258.52658
2024-01-11 02:15:00+00:00,233.6665,254.73235
2024-01-11 02:30:00+00:00,239.05556,252.04446
2024-01-11 02:45:00+00:00,231.4027,243.05156
2024-01-11 03:00:00+00:00,223.51997,231.6401
2024-01-11 03:15:00+00:00,232.99696,229.71074
2024-01-11 03:30:00+00:00,224.70618,226.2507
2024-01-11 03:45:00+00:00,231.75908,227.76785
2024-01-11 04:00:00+00:00,239.22743,240.84973
2024-01-11 04:15:00+00:00,239.83055,239.29367
2024-01-11 04:30:00+00:00,234.18105,235.78154
2024-01-11 04:45:00+00:00,242.88199,237.65572
2024-01-11 05:00:00+00:00,240.66142,247.36792
2024-01-11 05:15:00+00:00,248.64642,262.96698
2024-01-11 05:30:00+00:00,244.58064,261.00677
2024-01-11 05:45:00+00:00,247.48131,263.1159
2024-01-11 06:00:00+00:00,236.8139,246.39018
2024-01-11 06:15:00+00:00,254.00595,255.75151
2024-01-11 06:30:00+00:00,256.81067,265.88583
2024-01-11 06:45:00+00:00,261.89923,268.50018
2024-01-11 07:00:00+00:00,270.62863,263.08423
2024-01-11 07:15:00+00:00,258.19617,260.78195
2024-01-11 07:30:00+00:00,249.5627,256.01373
2024-01-11 07:45:00+00:00,249.41298,255.69466
2024-01-11 08:00:00+00:00,251.48909,249.65706
2024-01-11 08:15:00+00:00,255.91548,243.4545
2024-01-11 08:30:00+00:00,259.5711,237.48685
2024-01-11 08:45:00+00:00,257.31046,241.39758
2024-01-11 09:00:00+00:00,250.4484,245.3562
2024-01-11 09:15:00+00:00,248.14241,242.83138
2024-01-11 09:30:00+00:00,251.37628,235.08748
2024-01-11 09:45:00+00:00,247.29468,232.92517
2024-01-11 10:00:00+00:00,153.60771,144.2429
2024-01-11 10:15:00+00:00,164.62729,149.88481
2024-01-11 10:30:00+00:00,169.33308,155.11484
2024-01-11 10:45:00+00:00,171.9206,167.70258
2024-01-11 11:00:00+00:00,265.0825,264.83267
2024-01-11 11:15:00+00:00,291.32028,279.39487
2024-01-11 11:30:00+00:00,280.76358,267.4924
2024-01-11 11:45:00+00:00,261.89395,251.95786
2024-01-11 12:00:00+00:00,280.09085,245.36502
2024-01-11 12:15:00+00:00,268.59152,228.00919
2024-01-11 12:30:00+00:00,270.151,229.99455
2024-01-11 12:45:00+00:00,256.72528,236.9335
2024-01-11 13:00:00+00:00,262.3231,240.11443
2024-01-11 13:15:00+00:00,259.48148,234.33147
2024-01-11 13:30:00+00:00,257.28726,230.76147
2024-01-11 13:45:00+00:00,252.61731,237.01547
2024-01-11 14:00:00+00:00,249.89694,237.48215
2024-01-11 14:15:00+00:00,236.11061,242.10147
2024-01-11 14:30:00+00:00,255.89334,246.70493
2024-01-11 14:45:00+00:00,267.69528,241.22173
2024-01-11 15:00:00+00:00,266.10104,238.46086
2024-01-11 15:15:00+00:00,257.87878,238.40388
2024-01-11 15:30:00+00:00,261.31192,249.31143
2024-01-11 15:45:00+00:00,269.31802,249.8416
2024-01-11 16:00:00+00:00,268.39014,259.24078
2024-01-11 16:15:00+00:00,277.73004,273.93854
2024-01-11 16:30:00+00:00,271.5776,276.30402
2024-01-11 16:45:00+00:00,266.91714,285.40225
2024-01-11 17:00:00+00:00,264.91586,285.08774
2024-01-11 17:15:00+00:00,268.27628,288.90994
2024-01-11 17:30:00+00:00,269.45508,280.25693
2024-01-11 17:45:00+00:00,277.49387,289.11148
2024-01-11 18:00:00+00:00,283.96054,290.41388
2024-01-11 18:15:00+00:00,287.81647,285.76495
2024-01-11 18:30:00+00:00,299.0364,277.17047
2024-01-11 18:45:00+00:00,290.13406,277.10394
2024-01-11 19:00:00+00:00,294.106,293.97223
2024-01-11 19:15:00+00:00,292.6467,294.61127
2024-01-11 19:30:00+00:00,288.15283,300.8123
2024-01-11 19:45:00+00:00,285.5316,295.4025
2024-01-11 20:00:00+00:00,281.857,298.2308
2024-01-11 20:15:00+00:00,279.36017,291.36124
2024-01-11 20:30:00+00:00,284.0259,287.0539
2024-01-11 20:45:00+00:00,282.74164,281.30118
2024-01-11 21:00:00+00:00,272.87662,271.19507
2024-01-11 21:15:00+00:00,277.95676,284.58295
2024-01-11 21:30:00+00:00,291.40988,295.05273
2024-01-11 21:45:00+00:00,284.01642,297.50372
2024-01-11 22:00:00+00:00,272.17755,278.52396
2024-01-11 22:15:00+00:00,258.52725,275.9727
2024-01-11 22:30:00+00:00,258.2668,256.25687
2024-01-11 22:45:00+00:00,260.94287,271.5821
2024-01-11 23:00:00+00:00,282.41898,299.11005
2024-01-11 23:15:00+00:00,280.16995,285.39603
2024-01-11 23:30:00+00:00,266.2845,263.27325
2024-01-11 23:45:00+00:00,261.4975,257.204
2024-01-12 00:00:00+00:00,271.92978,249.90532
2024-01-12 00:15:00+00:00,257.48233,229.87495
2024-01-12 00:30:00+00:00,250.59601,208.66255
2024-01-12 00:45:00+00:00,250.1964,229.22993
2024-01-12 01:00:00+00:00,289.88312,292.71182
2024-01-12 01:15:00+00:00,278.9057,289.77298
2024-01-12 01:30:00+00:00,290.91748,303.02817
2024-01-12 01:45:00+00:00,274.54364,285.60312
2024-01-12 02:00:00+00:00,252.83768,266.6718
2024-01-12 02:15:00+00:00,253.31322,260.59976
2024-01-12 02:30:00+00:00,243.68651,256.30722
2024-01-12 02:45:00+00:00,228.24687,247.53609
2024-01-12 03:00:00+00:00,229.66714,241.22258
2024-01-12 03:15:00+00:00,244.73985,240.61472
2024-01-12 03:30:00+00:00,245.90286,233.80061
2024-01-12 03:45:00+00:00,238.14139,234.3956
2024-01-12 04:00:00+00:00,238.2479,244.52994
2024-01-12 04:15:00+00:00,245.46107,245.78316
2024-01-12 04:30:00+00:00,238.45349,241.39297
2024-01-12 04:45:00+00:00,245.96402,243.74857
2024-01-12 05:00:00+00:00,263.46082,252.98177
2024-01-12 05:15:00+00:00,275.33865,269.24042
2024-01-12 05:30:00+00:00,257.48126,267.20615
2024-01-12 05:45:00+00:00,254.40979,268.6476
2024-01-12 06:00:00+00:00,253.34169,252.90598
2024-01-12 06:15:00+00:00,260.91125,260.09152
2024-01-12 06:30:00+00:00,264.07867,269.3694
2024-01-12 06:45:00+00:00,268.1476,273.5043
2024-01-12 07:00:00+00:00,278.63367,265.9334
2024-01-12 07:15:00+00:00,271.73892,263.4892
2024-01-12 07:30:00+00:00,262.53397,258.37436
2024-01-12 07:45:00+00:00,266.52808,259.43134
2024-01-12 08:00:00+00:00,267.9241,252.31425
2024-01-12 08:15:00+00:00,257.32944,243.62569
2024-01-12 08:30:00+00:00,249.21896,236.03728
2024-01-12 08:45:00+00:00,249.42879,238.67915
2024-01-12 09:00:00+00:00,266.546,240.26294
2024-01-12 09:15:00+00:00,259.4509,238.59695
2024-01-12 09:30:00+00:00,263.58206,228.50835
2024-01-12 09:45:00+00:00,252.79655,223.36832
2024-01-12 10:00:00+00:00,148.5898,135.44276
2024-01-12 10:15:00+00:00,162.57751,138.52194
2024-01-12 10:30:00+00:00,163.89342,145.63132
2024-01-12 10:45:00+00:00,175.65952,157.28342
2024-01-12 11:00:00+00:00,262.41272,255.88518
2024-01-12 11:15:00+00:00,283.1792,266.40973
2024-01-12 11:30:00+00:00,271.02087,252.45822
2024-01-12 11:45:00+00:00,264.16513,237.92683
2024-01-12 12:00:00+00:00,282.77115,226.14444
2024-01-12 12:15:00+00:00,256.30878,209.04378
2024-01-12 12:30:00+00:00,249.82947,210.76372
2024-01-12 12:45:00+00:00,255.17001,221.79301
2024-01-12 13:00:00+00:00,240.73207,219.35556
2024-01-12 13:15:00+00:00,234.77574,214.16312
2024-01-12 13:30:00+00:00,243.51358,207.97495
2024-01-12 13:45:00+00:00,240.39465,213.73337
2024-01-12 14:00:00+00:00,231.58827,213.06079
2024-01-12 14:15:00+00:00,230.23547,218.44002
2024-01-12 14:30:00+00:00,234.29176,223.54916
2024-01-12 14:45:00+00:00,243.54205,220.48239
2024-01-12 15:00:00+00:00,249.97919,217.5835
2024-01-12 15:15:00+00:00,255.36403,218.76033
2024-01-12 15:30:00+00:00,259.3328,231.54712
2024-01-12 15:45:00+00:00,266.9762,234.05937
2024-01-12 16:00:00+00:00,262.43277,247.0824
2024-01-12 16:15:00+00:00,283.15497,261.353
2024-01-12 16:30:00+00:00,272.77963,266.07013
2024-01-12 16:45:00+00:00,269.6934,272.18427
2024-01-12 17:00:00+00:00,264.7841,274.6323
2024-01-12 17:15:00+00:00,258.56308,282.07474
2024-01-12 17:30:00+00:00,265.5812,275.2932
2024-01-12 17:45:00+00:00,272.95148,287.55942
2024-01-12 18:00:00+00:00,284.13766,288.92767
2024-01-12 18:15:00+00:00,285.3397,284.2414
2024-01-12 18:30:00+00:00,274.1303,278.23126
2024-01-12 18:45:00+00:00,272.28723,274.78653
2024-01-12 19:00:00+00:00,297.82278,287.93198
2024-01-12 19:15:00+00:00,303.96994,293.52936
2024-01-12 19:30:00+00:00,290.9027,299.2575
2024-01-12 19:45:00+00:00,285.78674,296.80933
2024-01-12 20:00:00+00:00,299.3875,299.78705
2024-01-12 20:15:00+00:00,289.4529,289.63354
2024-01-12 20:30:00+00:00,279.1925,284.35065
2024-01-12 20:45:00+00:00,283.3785,281.10754
2024-01-12 21:00:00+00:00,286.3171,270.0381
2024-01-12 21:15:00+00:00,285.60117,280.49384
2024-01-12 21:30:00+00:00,283.53876,292.42572
2024-01-12 21:45:00+00:00,275.43674,290.51993
2024-01-12 22:00:00+00:00,265.36188,272.10553
2024-01-12 22:15:00+00:00,264.31592,269.54727
2024-01-12 22:30:00+00:00,257.8693,253.48221
2024-01-12 22:45:00+00:00,260.84692,268.4515
2024-01-12 23:00:00+00:00,284.3633,298.2348
2024-01-12 23:15:00+00:00,268.4281,288.04276
2024-01-12 23:30:00+00:00,256.4838,269.19
2024-01-12 23:45:00+00:00,269.0407,264.26874
2024-01-13 00:00:00+00:00,275.57056,256.46722
2024-01-13 00:15:00+00:00,253.84074,235.6468
2024-01-13 00:30:00+00:00,252.34631,222.58562
2024-01-13 00:45:00+00:00,266.6502,243.79866
2024-01-13 01:00:00+00:00,290.7179,306.86148
2024-01-13 01:15:00+00:00,277.34158,299.00488
2024-01-13 01:30:00+00:00,276.8904,310.50616
2024-01-13 01:45:00+00:00,274.86487,293.976
2024-01-13 02:00:00+00:00,259.15384,272.22714
2024-01-13 02:15:00+00:00,243.62683,265.4916
2024-01-13 02:30:00+00:00,246.43903,258.5762
2024-01-13 02:45:00+00:00,237.85312,252.19547
2024-01-13 03:00:00+00:00,240.23201,247.99927
2024-01-13 03:15:00+00:00,236.64684,241.31503
2024-01-13 03:30:00+00:00,232.17194,237.24715
2024-01-13 03:45:00+00:00,243.21773,238.27205
2024-01-13 04:00:00+00:00,234.88632,247.84448
2024-01-13 04:15:00+00:00,244.64171,245.32698
2024-01-13 04:30:00+00:00,244.23996,240.03108
2024-01-13 04:45:00+00:00,246.71877,240.56436
2024-01-13 05:00:00+00:00,252.25272,243.93852
2024-01-13 05:15:00+00:00,250.76984,258.879
2024-01-13 05:30:00+00:00,253.99535,260.73737
2024-01-13 05:45:00+00:00,253.03621,262.32874
2024-01-13 06:00:00+00:00,250.04944,248.69885
2024-01-13 06:15:00+00:00,240.09529,257.12854
2024-01-13 06:30:00+00:00,249.68872,266.84872
2024-01-13 06:45:00+00:00,255.02809,268.9816
2024-01-13 07:00:00+00:00,270.68234,259.3108
2024-01-13 07:15:00+00:00,261.0195,263.01923
2024-01-13 07:30:00+00:00,262.0428,256.33917
2024-01-13 07:45:00+00:00,271.77188,252.17929
2024-01-13 08:00:00+00:00,264.672,249.63687
2024-01-13 08:15:00+00:00,263.9295,243.19156
2024-01-13 08:30:00+00:00,267.1056,239.22586
2024-01-13 08:45:00+00:00,270.8727,245.57925
2024-01-13 09:00:00+00:00,271.67514,251.48904
2024-01-13 09:15:00+00:00,264.9549,248.22305
2024-01-13 09:30:00+00:00,254.26352,238.75774
2024-01-13 09:45:00+00:00,250.38808,239.23294
2024-01-13 10:00:00+00:00,250.08835,169.50006
2024-01-13 10:15:00+00:00,258.75418,171.66263
2024-01-13 10:30:00+00:00,265.26093,178.19171
2024-01-13 10:45:00+00:00,274.6093,181.51242
2024-01-13 11:00:00+00:00,253.9007,241.6105
2024-01-13 11:15:00+00:00,255.24263,256.00925
2024-01-13 11:30:00+00:00,248.14696,253.32076
2024-01-13 11:45:00+00:00,249.25542,245.09451
2024-01-13 12:00:00+00:00,248.81897,237.38382
2024-01-13 12:15:00+00:00,262.95776,227.04153
2024-01-13 12:30:00+00:00,263.60455,228.33337
2024-01-13 12:45:00+00:00,259.30527,236.00435
2024-01-13 13:00:00+00:00,257.36703,236.40015
2024-01-13 13:15:00+00:00,265.64374,228.73901
2024-01-13 13:30:00+00:00,258.58487,227.52893
2024-01-13 13:45:00+00:00,242.0451,234.54057
2024-01-13 14:00:00+00:00,252.30846,237.62003
2024-01-13 14:15:00+00:00,264.07358,239.72232
2024-01-13 14:30:00+00:00,266.31787,244.725
2024-01-13 14:45:00+00:00,255.97566,241.94038
2024-01-13 15:00:00+00:00,263.19965,238.69888
2024-01-13 15:15:00+00:00,284.26898,241.41235
2024-01-13 15:30:00+00:00,295.00558,252.20193
2024-01-13 15:45:00+00:00,288.5651,254.10783
2024-01-13 16:00:00+00:00,282.45905,263.836
2024-01-13 16:15:00+00:00,287.18005,278.52588
2024-01-13 16:30:00+00:00,285.07562,287.36182
2024-01-13 16:45:00+00:00,302.20013,296.52872
2024-01-13 17:00:00+00:00,309.66602,295.57062
2024-01-13 17:15:00+00:00,305.10275,298.29556
2024-01-13 17:30:00+00:00,301.24942,294.35724
2024-01-13 17:45:00+00:00,299.39426,295.93317
2024-01-13 18:00:00+00:00,290.93665,291.82104
2024-01-13 18:15:00+00:00,281.19495,286.2494
2024-01-13 18:30:00+00:00,275.25714,280.5578
2024-01-13 18:45:00+00:00,276.39612,277.00943
2024-01-13 19:00:00+00:00,278.4448,281.08435
2024-01-13 19:15:00+00:00,285.87912,279.02145
2024-01-13 19:30:00+00:00,281.24646,282.58298
2024-01-13 19:45:00+00:00,280.769,280.119
2024-01-13 20:00:00+00:00,292.2565,281.47107
2024-01-13 20:15:00+00:00,275.41595,274.67877
2024-01-13 20:30:00+00:00,266.8374,273.66934
2024-01-13 20:45:00+00:00,266.24637,267.97284
2024-01-13 21:00:00+00:00,263.06607,262.0285
2024-01-13 21:15:00+00:00,257.5479,270.52777
2024-01-13 21:30:00+00:00,272.90244,278.49023
2024-01-13 21:45:00+00:00,282.9912,282.3705
2024-01-13 22:00:00+00:00,279.63425,268.70178
2024-01-13 22:15:00+00:00,261.34973,266.8603
2024-01-13 22:30:00+00:00,269.3404,252.08704
2024-01-13 22:45:00+00:00,277.2995,264.3932
2024-01-13 23:00:00+00:00,285.551,287.9218
2024-01-13 23:15:00+00:00,292.07352,281.5622
2024-01-13 23:30:00+00:00,282.29816,260.06342
2024-01-13 23:45:00+00:00,280.6323,256.80493
2024-01-14 00:00:00+00:00,265.19092,248.3693
2024-01-14 00:15:00+00:00,255.00333,232.52768
2024-01-14 00:30:00+00:00,247.46964,218.91013
2024-01-14 00:45:00+00:00,265.78464,242.33102
2024-01-14 01:00:00+00:00,303.63248,307.35318
2024-01-14 01:15:00+00:00,292.66867,297.29654
2024-01-14 01:30:00+00:00,288.5861,308.62402
2024-01-14 01:45:00+00:00,264.2521,293.77475
2024-01-14 02:00:00+00:00,262.36288,272.3855
2024-01-14 02:15:00+00:00,261.52896,262.02142
2024-01-14 02:30:00+00:00,250.64592,262.7432
2024-01-14 02:45:00+00:00,244.84196,257.54684
2024-01-14 03:00:00+00:00,237.15826,248.17159
2024-01-14 03:15:00+00:00,259.04712,243.97458
2024-01-14 03:30:00+00:00,246.41228,233.66682
2024-01-14 03:45:00+00:00,226.95076,235.39062
2024-01-14 04:00:00+00:00,226.24794,241.22649
2024-01-14 04:15:00+00:00,240.22755,240.30615
2024-01-14 04:30:00+00:00,251.22285,235.8198
2024-01-14 04:45:00+00:00,260.45587,238.27754
2024-01-14 05:00:00+00:00,251.45258,242.98782
2024-01-14 05:15:00+00:00,251.3288,250.80537
2024-01-14 05:30:00+00:00,245.24687,251.88632
2024-01-14 05:45:00+00:00,250.60396,248.64494
2024-01-14 06:00:00+00:00,236.6663,240.42685
2024-01-14 06:15:00+00:00,248.12314,249.32089
2024-01-14 06:30:00+00:00,258.5226,262.9865
2024-01-14 06:45:00+00:00,258.62228,267.60602
2024-01-14 07:00:00+00:00,263.09613,263.0974
2024-01-14 07:15:00+00:00,264.64545,267.54916
2024-01-14 07:30:00+00:00,269.777,263.13336
2024-01-14 07:45:00+00:00,264.1598,256.9228
2024-01-14 08:00:00+00:00,262.27585,250.88997
2024-01-14 08:15:00+00:00,265.15842,242.42859
2024-01-14 08:30:00+00:00,263.92377,236.72
2024-01-14 08:45:00+00:00,254.7369,240.9108
2024-01-14 09:00:00+00:00,260.75482,246.29602
2024-01-14 09:15:00+00:00,278.42157,239.7915
2024-01-14 09:30:00+00:00,266.2357,232.0809
2024-01-14 09:45:00+00:00,267.41788,235.9841
2024-01-14 10:00:00+00:00,251.2155,178.51797
2024-01-14 10:15:00+00:00,246.57486,169.08386
2024-01-14 10:30:00+00:00,235.44006,174.01086
2024-01-14 10:45:00+00:00,225.21051,174.90598
2024-01-14 11:00:00+00:00,221.0524,207.90918
2024-01-14 11:15:00+00:00,230.8288,216.34009
2024-01-14 11:30:00+00:00,223.92972,214.61758
2024-01-14 11:45:00+00:00,197.52507,205.7728
2024-01-14 12:00:00+00:00,204.16609,193.58522
2024-01-14 12:15:00+00:00,202.66711,189.73088
2024-01-14 12:30:00+00:00,204.58987,187.48271
2024-01-14 12:45:00+00:00,195.1974,192.93858
2024-01-14 13:00:00+00:00,186.2025,194.72977
2024-01-14 13:15:00+00:00,183.5591,189.89151
2024-01-14 13:30:00+00:00,175.80092,185.3118
2024-01-14 13:45:00+00:00,189.23192,195.59091
2024-01-14 14:00:00+00:00,196.36072,202.75142
2024-01-14 14:15:00+00:00,217.70828,206.58842
2024-01-14 14:30:00+00:00,231.19908,204.32915
2024-01-14 14:45:00+00:00,237.97437,208.49313
2024-01-14 15:00:00+00:00,224.88008,211.07333
2024-01-14 15:15:00+00:00,243.18774,215.1625
2024-01-14 15:30:00+00:00,240.02301,228.32376
2024-01-14 15:45:00+00:00,245.91191,230.80571
2024-01-14 16:00:00+00:00,260.19574,243.04549
2024-01-14 16:15:00+00:00,286.50702,253.99272
2024-01-14 16:30:00+00:00,282.7045,261.523
2024-01-14 16:45:00+00:00,281.6954,271.33545
2024-01-14 17:00:00+00:00,288.8504,270.5801
2024-01-14 17:15:00+00:00,275.37537,278.2578
2024-01-14 17:30:00+00:00,273.35504,274.16943
2024-01-14 17:45:00+00:00,269.49484,271.38086
2024-01-14 18:00:00+00:00,271.63055,265.02875
2024-01-14 18:15:00+00:00,273.59525,261.78586
2024-01-14 18:30:00+00:00,257.18625,256.79395
2024-01-14 18:45:00+00:00,248.09587,252.0704
2024-01-14 19:00:00+00:00,240.8496,253.67044
2024-01-14 19:15:00+00:00,254.18199,248.34497
2024-01-14 19:30:00+00:00,255.65685,253.75601
2024-01-14 19:45:00+00:00,252.59909,250.1643
2024-01-14 20:00:00+00:00,254.39598,252.003
2024-01-14 20:15:00+00:00,237.69743,239.42928
2024-01-14 20:30:00+00:00,230.34312,234.99927
2024-01-14 20:45:00+00:00,231.61447,228.9469
2024-01-14 21:00:00+00:00,226.82382,225.52612
2024-01-14 21:15:00+00:00,224.12798,233.071
2024-01-14 21:30:00+00:00,230.49626,236.91238
2024-01-14 21:45:00+00:00,248.15565,243.08562
2024-01-14 22:00:00+00:00,222.84613,230.78325
2024-01-14 22:15:00+00:00,221.26219,227.7461
2024-01-14 22:30:00+00:00,226.42313,217.01787
2024-01-14 22:45:00+00:00,215.36488,232.34306
2024-01-14 23:00:00+00:00,236.19217,254.78207
2024-01-14 23:15:00+00:00,225.84514,243.57784
2024-01-14 23:30:00+00:00,212.07742,220.33305
2024-01-14 23:45:00+00:00,206.6018,214.17184
2024-01-15 00:00:00+00:00,212.28679,215.43242
2024-01-15 00:15:00+00:00,201.60382,199.70413
2024-01-15 00:30:00+00:00,209.11386,181.31242
2024-01-15 00:45:00+00:00,215.93716,199.36348
2024-01-15 01:00:00+00:00,244.91304,258.81445
2024-01-15 01:15:00+00:00,242.17026,256.1546
2024-01-15 01:30:00+00:00,256.22174,267.68146
2024-01-15 01:45:00+00:00,246.56628,254.99826
2024-01-15 02:00:00+00:00,221.245,237.15474
2024-01-15 02:15:00+00:00,222.84459,229.64307
2024-01-15 02:30:00+00:00,213.76123,224.95032
2024-01-15 02:45:00+00:00,206.29747,218.40813
2024-01-15 03:00:00+00:00,212.44243,211.78494
2024-01-15 03:15:00+00:00,219.69481,210.13469
2024-01-15 03:30:00+00:00,219.66011,204.06516
2024-01-15 03:45:00+00:00,208.82886,206.11789
2024-01-15 04:00:00+00:00,206.07872,217.40169
2024-01-15 04:15:00+00:00,213.44783,216.65446
2024-01-15 04:30:00+00:00,224.83647,216.83276
2024-01-15 04:45:00+00:00,232.29288,216.77107
2024-01-15 05:00:00+00:00,246.79555,226.06815
2024-01-15 05:15:00+00:00,255.75902,240.71793
2024-01-15 05:30:00+00:00,243.1641,238.75764
2024-01-15 05:45:00+00:00,244.59543,240.02829
2024-01-15 06:00:00+00:00,237.76056,225.2908
2024-01-15 06:15:00+00:00,233.06587,232.92563
2024-01-15 06:30:00+00:00,234.31105,237.67339
2024-01-15 06:45:00+00:00,242.77077,236.9816
2024-01-15 07:00:00+00:00,224.42737,231.97603
2024-01-15 07:15:00+00:00,219.16582,228.75244
2024-01-15 07:30:00+00:00,222.1284,220.09993
2024-01-15 07:45:00+00:00,222.11578,220.63286
2024-01-15 08:00:00+00:00,214.8981,216.35017
2024-01-15 08:15:00+00:00,233.60327,209.73514
2024-01-15 08:30:00+00:00,221.26392,202.20923
2024-01-15 08:45:00+00:00,216.79428,203.43886
2024-01-15 09:00:00+00:00,222.48598,205.36812
2024-01-15 09:15:00+00:00,226.01015,202.01665
2024-01-15 09:30:00+00:00,232.65045,194.76865
2024-01-15 09:45:00+00:00,225.77457,191.42868
2024-01-15 10:00:00+00:00,141.68753,122.24367
2024-01-15 10:15:00+00:00,133.99554,126.55992
2024-01-15 10:30:00+00:00,137.27994,130.57422
2024-01-15 10:45:00+00:00,143.84769,142.6232
2024-01-15 11:00:00+00:00,225.31604,224.4011
2024-01-15 11:15:00+00:00,241.36467,230.35722
2024-01-15 11:30:00+00:00,223.20848,215.68071
2024-01-15 11:45:00+00:00,222.95291,204.50636
2024-01-15 12:00:00+00:00,230.04228,194.82333
2024-01-15 12:15:00+00:00,219.25626,183.12253
2024-01-15 12:30:00+00:00,213.04189,183.75156
2024-01-15 12:45:00+00:00,210.93433,189.70413
2024-01-15 13:00:00+00:00,207.6594,191.55379
2024-01-15 13:15:00+00:00,194.87518,187.36797
2024-01-15 13:30:00+00:00,188.5609,184.5784
2024-01-15 13:45:00+00:00,192.78128,188.87822
2024-01-15 14:00:00+00:00,205.29942,189.2178
2024-01-15 14:15:00+00:00,213.21332,195.59824
2024-01-15 14:30:00+00:00,209.98361,199.695
2024-01-15 14:45:00+00:00,203.58939,195.37015
2024-01-15 15:00:00+00:00,213.24802,196.44778
2024-01-15 15:15:00+00:00,223.43353,198.96353
2024-01-15 15:30:00+00:00,225.6105,209.73344
2024-01-15 15:45:00+00:00,240.27829,212.66855
2024-01-15 16:00:00+00:00,242.39217,218.77267
2024-01-15 16:15:00+00:00,241.351,229.63354
2024-01-15 16:30:00+00:00,244.668,234.82454
2024-01-15 16:45:00+00:00,248.80846,243.46233
2024-01-15 17:00:00+00:00,252.61765,245.2989
2024-01-15 17:15:00+00:00,254.74203,252.72665
2024-01-15 17:30:00+00:00,247.87141,247.82288
2024-01-15 17:45:00+00:00,258.7994,261.36426
2024-01-15 18:00:00+00:00,267.94482,263.18655
2024-01-15 18:15:00+00:00,274.18127,258.60995
2024-01-15 18:30:00+00:00,272.77307,251.13745
2024-01-15 18:45:00+00:00,269.60016,249.78186
2024-01-15 19:00:00+00:00,281.03403,263.05273
2024-01-15 19:15:00+00:00,276.30356,267.64398
2024-01-15 19:30:00+00:00,279.1431,271.6503
2024-01-15 19:45:00+00:00,279.3934,268.1487
2024-01-15 20:00:00+00:00,283.4655,269.1519
2024-01-15 20:15:00+00:00,275.14883,266.42618
2024-01-15 20:30:00+00:00,262.963,258.40933
2024-01-15 20:45:00+00:00,260.2276,250.2104
2024-01-15 21:00:00+00:00,256.6761,241.85478
2024-01-15 21:15:00+00:00,266.88895,247.58931
2024-01-15 21:30:00+00:00,267.49155,256.17984
2024-01-15 21:45:00+00:00,269.86728,260.86627
2024-01-15 22:00:00+00:00,259.11282,245.31091
2024-01-15 22:15:00+00:00,248.48033,245.71011
2024-01-15 22:30:00+00:00,253.49579,229.09708
2024-01-15 22:45:00+00:00,255.13957,241.37155
2024-01-15 23:00:00+00:00,254.74625,261.95352
2024-01-15 23:15:00+00:00,264.0673,252.4349
2024-01-15 23:30:00+00:00,257.79086,233.26765
2024-01-15 23:45:00+00:00,235.80128,226.72392
2024-01-16 00:00:00+00:00,231.91092,235.94157
2024-01-16 00:15:00+00:00,235.61821,222.32092
2024-01-16 00:30:00+00:00,227.3327,204.49979
2024-01-16 00:45:00+00:00,236.74641,222.3107
2024-01-16 01:00:00+00:00,272.89246,279.0015
2024-01-16 01:15:00+00:00,258.62213,276.1935
2024-01-16 01:30:00+00:00,255.37563,285.636
2024-01-16 01:45:00+00:00,258.8288,274.43353
2024-01-16 02:00:00+00:00,258.95007,256.5628
2024-01-16 02:15:00+00:00,247.96422,247.18172
2024-01-16 02:30:00+00:00,230.58554,244.1668
2024-01-16 02:45:00+00:00,231.74327,240.35257
2024-01-16 03:00:00+00:00,235.83647,239.07097
2024-01-16 03:15:00+00:00,245.07727,241.33415
2024-01-16 03:30:00+00:00,231.63466,231.42245
2024-01-16 03:45:00+00:00,238.9206,232.09245
2024-01-16 04:00:00+00:00,241.9151,241.83952
2024-01-16 04:15:00+00:00,237.57413,241.81865
2024-01-16 04:30:00+00:00,244.56693,240.52803
2024-01-16 04:45:00+00:00,246.09793,246.45956
2024-01-16 05:00:00+00:00,248.55469,252.44048
2024-01-16 05:15:00+00:00,265.59808,260.71014
2024-01-16 05:30:00+00:00,266.78745,258.9178
2024-01-16 05:45:00+00:00,251.11057,263.25507
2024-01-16 06:00:00+00:00,259.57214,250.53572
2024-01-16 06:15:00+00:00,259.3866,255.251
2024-01-16 06:30:00+00:00,274.20096,261.81158
2024-01-16 06:45:00+00:00,260.02872,263.79327
2024-01-16 07:00:00+00:00,252.52031,259.48917
2024-01-16 07:15:00+00:00,256.56815,256.2246
2024-01-16 07:30:00+00:00,257.19553,245.35857
2024-01-16 07:45:00+00:00,253.38913,238.64322
2024-01-16 08:00:00+00:00,255.25543,226.28337
2024-01-16 08:15:00+00:00,246.38156,216.84904
2024-01-16 08:30:00+00:00,223.91115,210.41959
2024-01-16 08:45:00+00:00,227.98537,206.83945
2024-01-16 09:00:00+00:00,227.18402,202.5323
2024-01-16 09:15:00+00:00,208.18893,198.13962
2024-01-16 09:30:00+00:00,198.06454,189.23967
2024-01-16 09:45:00+00:00,198.78787,184.4943
2024-01-16 10:00:00+00:00,128.45068,123.827736
2024-01-16 10:15:00+00:00,124.51459,118.70974
2024-01-16 10:30:00+00:00,117.815956,124.98772
2024-01-16 10:45:00+00:00,124.57363,130.14462
2024-01-16 11:00:00+00:00,184.76007,197.02144
2024-01-16 11:15:00+00:00,187.62595,200.76315
2024-01-16 11:30:00+00:00,172.45412,187.38203
2024-01-16 11:45:00+00:00,175.01843,173.87619
2024-01-16 12:00:00+00:00,170.51718,163.04648
2024-01-16 12:15:00+00:00,161.84682,152.74655
2024-01-16 12:30:00+00:00,163.48537,151.64117
2024-01-16 12:45:00+00:00,160.38542,157.13272
2024-01-16 13:00:00+00:00,151.96811,155.71101
2024-01-16 13:15:00+00:00,145.38757,149.71147
2024-01-16 13:30:00+00:00,146.88588,146.70114
2024-01-16 13:45:00+00:00,151.08873,151.59988
2024-01-16 14:00:00+00:00,158.536,151.47128
2024-01-16 14:15:00+00:00,158.70891,156.47174
2024-01-16 14:30:00+00:00,165.87042,161.28589
2024-01-16 14:45:00+00:00,176.03699,163.44876
2024-01-16 15:00:00+00:00,182.0144,162.05807
2024-01-16 15:15:00+00:00,202.3971,169.94739
2024-01-16 15:30:00+00:00,209.67459,181.03
2024-01-16 15:45:00+00:00,230.74265,185.67581
2024-01-16 16:00:00+00:00,243.22046,201.20439
2024-01-16 16:15:00+00:00,242.02898,217.1976
2024-01-16 16:30:00+00:00,245.6709,223.24553
2024-01-16 16:45:00+00:00,245.75735,235.29065
2024-01-16 17:00:00+00:00,244.08507,241.09805
2024-01-16 17:15:00+00:00,238.33014,250.88379
2024-01-16 17:30:00+00:00,235.76688,244.3623
2024-01-16 17:45:00+00:00,252.55089,253.3693
2024-01-16 18:00:00+00:00,262.5793,257.48462
2024-01-16 18:15:00+00:00,271.20645,256.71658
2024-01-16 18:30:00+00:00,261.34988,250.3555
2024-01-16 18:45:00+00:00,251.39104,243.20415
2024-01-16 19:00:00+00:00,258.76553,255.71155
2024-01-16 19:15:00+00:00,258.68015,257.15765
2024-01-16 19:30:00+00:00,259.9781,262.92828
2024-01-16 19:45:00+00:00,257.825,260.44662
2024-01-16 20:00:00+00:00,246.0199,257.27997
2024-01-16 20:15:00+00:00,248.97751,248.44453
2024-01-16 20:30:00+00:00,242.6184,247.08691
2024-01-16 20:45:00+00:00,239.91174,241.57742
2024-01-16 21:00:00+00:00,237.4613,234.64548
2024-01-16 21:15:00+00:00,250.24911,243.46236
2024-01-16 21:30:00+00:00,246.14326,250.21802
2024-01-16 21:45:00+00:00,252.1734,254.88557
2024-01-16 22:00:00+00:00,245.94293,238.50703
2024-01-16 22:15:00+00:00,237.06485,237.79947
2024-01-16 22:30:00+00:00,234.52162,222.98933
2024-01-16 22:45:00+00:00,243.05176,238.38882
2024-01-16 23:00:00+00:00,243.86154,261.30573
2024-01-16 23:15:00+00:00,238.83835,248.44885
2024-01-16 23:30:00+00:00,234.8991,233.04073
2024-01-16 23:45:00+00:00,229.69456,221.94121
2024-01-17 00:00:00+00:00,224.42552,204.01204
2024-01-17 00:15:00+00:00,222.2538,188.15947
2024-01-17 00:30:00+00:00,216.76883,172.43494
2024-01-17 00:45:00+00:00,210.37343,190.59741
2024-01-17 01:00:00+00:00,247.98595,243.72652
2024-01-17 01:15:00+00:00,246.18837,239.64944
2024-01-17 01:30:00+00:00,248.093,249.37407
2024-01-17 01:45:00+00:00,227.14522,238.51823
2024-01-17 02:00:00+00:00,210.82281,225.73763
2024-01-17 02:15:00+00:00,211.51599,222.02258
2024-01-17 02:30:00+00:00,203.92926,218.35701
2024-01-17 02:45:00+00:00,202.21329,212.45969
2024-01-17 03:00:00+00:00,193.26988,208.5999
2024-01-17 03:15:00+00:00,201.2615,200.67789
2024-01-17 03:30:00+00:00,202.71144,195.87999
2024-01-17 03:45:00+00:00,199.32825,198.25723
2024-01-17 04:00:00+00:00,221.5956,204.99643
2024-01-17 04:15:00+00:00,216.78792,210.07259
2024-01-17 04:30:00+00:00,219.82663,206.20361
2024-01-17 04:45:00+00:00,222.26758,208.07959
2024-01-17 05:00:00+00:00,226.77107,214.55998
2024-01-17 05:15:00+00:00,239.61488,223.86453
2024-01-17 05:30:00+00:00,229.68155,225.6998
2024-01-17 05:45:00+00:00,224.21991,220.21513
2024-01-17 06:00:00+00:00,222.52196,203.90341
2024-01-17 06:15:00+00:00,225.61261,207.4522
2024-01-17 06:30:00+00:00,225.61261,210.2461
2024-01-17 06:45:00+00:00,228.9216,212.384
2024-01-17 07:00:00+00:00,222.84204,207.47989
2024-01-17 07:15:00+00:00,211.15457,206.47507
2024-01-17 07:30:00+00:00,214.23781,203.62212
2024-01-17 07:45:00+00:00,199.98114,201.75479
2024-01-17 08:00:00+00:00,223.08264,194.94705
2024-01-17 08:15:00+00:00,223.07416,182.35934
2024-01-17 08:30:00+00:00,212.17525,177.3809
2024-01-17 08:45:00+00:00,202.9372,178.28262
2024-01-17 09:00:00+00:00,203.80525,183.06009
2024-01-17 09:15:00+00:00,207.01779,181.9535
2024-01-17 09:30:00+00:00,208.99556,174.66583
2024-01-17 09:45:00+00:00,199.49254,168.4803
2024-01-17 10:00:00+00:00,129.90825,104.848976
2024-01-17 10:15:00+00:00,128.71906,102.912415
2024-01-17 10:30:00+00:00,131.87436,108.180664
2024-01-17 10:45:00+00:00,140.09598,113.533325
2024-01-17 11:00:00+00:00,208.51013,179.98474
2024-01-17 11:15:00+00:00,207.09729,182.73682
2024-01-17 11:30:00+00:00,193.64615,168.46182
2024-01-17 11:45:00+00:00,194.75162,159.62924
2024-01-17 12:00:00+00:00,179.72441,149.65398
2024-01-17 12:15:00+00:00,159.25359,137.44992
2024-01-17 12:30:00+00:00,145.75581,140.58496
2024-01-17 12:45:00+00:00,146.37161,148.19351
2024-01-17 13:00:00+00:00,161.41896,142.46658
2024-01-17 13:15:00+00:00,161.02785,136.8761
2024-01-17 13:30:00+00:00,141.10075,133.25696
2024-01-17 13:45:00+00:00,142.62383,140.5437
2024-01-17 14:00:00+00:00,137.04877,142.0335
2024-01-17 14:15:00+00:00,141.29471,142.39412
2024-01-17 14:30:00+00:00,142.37051,142.31468
2024-01-17 14:45:00+00:00,145.01283,139.12492
2024-01-17 15:00:00+00:00,160.10045,137.79056
2024-01-17 15:15:00+00:00,163.86838,141.1512
2024-01-17 15:30:00+00:00,166.2648,145.72423
2024-01-17 15:45:00+00:00,179.37253,150.33601
2024-01-17 16:00:00+00:00,175.82506,159.45813
2024-01-17 16:15:00+00:00,185.52522,163.01407
2024-01-17 16:30:00+00:00,188.41768,169.05133
2024-01-17 16:45:00+00:00,178.36987,177.47408
2024-01-17 17:00:00+00:00,174.3412,183.38676
2024-01-17 17:15:00+00:00,190.43042,193.35172
2024-01-17 17:30:00+00:00,197.41832,191.62866
2024-01-17 17:45:00+00:00,209.13547,200.90677
2024-01-17 18:00:00+00:00,201.63565,195.0187
2024-01-17 18:15:00+00:00,194.39973,189.06366
2024-01-17 18:30:00+00:00,199.79672,182.65092
2024-01-17 18:45:00+00:00,200.76547,180.3757
2024-01-17 19:00:00+00:00,215.74074,190.83124
2024-01-17 19:15:00+00:00,211.19379,198.54718
2024-01-17 19:30:00+00:00,203.18945,198.25407
2024-01-17 19:45:00+00:00,192.93602,197.46773
2024-01-17 20:00:00+00:00,197.46283,201.5052
2024-01-17 20:15:00+00:00,189.50937,191.50827
2024-01-17 20:30:00+00:00,187.83263,186.05911
2024-01-17 20:45:00+00:00,190.97098,174.82762
2024-01-17 21:00:00+00:00,180.96237,170.77448
2024-01-17 21:15:00+00:00,180.07631,177.38654
2024-01-17 21:30:00+00:00,194.61278,186.35445
2024-01-17 21:45:00+00:00,189.51044,191.50688
2024-01-17 22:00:00+00:00,176.8521,174.80591
2024-01-17 22:15:00+00:00,172.4938,173.86641
2024-01-17 22:30:00+00:00,167.85889,158.60245
2024-01-17 22:45:00+00:00,172.41113,169.89761
2024-01-17 23:00:00+00:00,178.94327,191.6575
2024-01-17 23:15:00+00:00,165.72849,182.59253
2024-01-17 23:30:00+00:00,163.56525,168.41049
2024-01-17 23:45:00+00:00,167.51547,156.44054
2024-01-18 00:00:00+00:00,161.40775,154.38583
2024-01-18 00:15:00+00:00,153.1134,138.70975
2024-01-18 00:30:00+00:00,143.38135,108.77512
2024-01-18 00:45:00+00:00,161.1128,127.67944
2024-01-18 01:00:00+00:00,186.54977,198.96083
2024-01-18 01:15:00+00:00,172.78154,203.21317
2024-01-18 01:30:00+00:00,174.68228,213.64136
2024-01-18 01:45:00+00:00,173.99937,198.95834
2024-01-18 02:00:00+00:00,161.32846,179.69962
2024-01-18 02:15:00+00:00,156.77217,169.87764
2024-01-18 02:30:00+00:00,152.40512,162.15161
2024-01-18 02:45:00+00:00,147.83614,152.49062
2024-01-18 03:00:00+00:00,144.34334,143.08966
2024-01-18 03:15:00+00:00,149.81723,141.96939
2024-01-18 03:30:00+00:00,142.77771,141.08391
2024-01-18 03:45:00+00:00,146.11406,146.20578
2024-01-18 04:00:00+00:00,147.87103,156.6363
2024-01-18 04:15:00+00:00,155.63046,150.90842
2024-01-18 04:30:00+00:00,159.95734,155.29926
2024-01-18 04:45:00+00:00,170.45372,156.66002
2024-01-18 05:00:00+00:00,169.32574,172.85635
2024-01-18 05:15:00+00:00,167.31822,183.71985
2024-01-18 05:30:00+00:00,175.1728,183.01317
2024-01-18 05:45:00+00:00,172.07538,184.98569
2024-01-18 06:00:00+00:00,163.95229,176.9746
2024-01-18 06:15:00+00:00,162.53148,181.89026
2024-01-18 06:30:00+00:00,176.90123,188.1301
2024-01-18 06:45:00+00:00,175.37048,185.4224
2024-01-18 07:00:00+00:00,172.68428,185.88266
2024-01-18 07:15:00+00:00,171.35228,171.37253
2024-01-18 07:30:00+00:00,151.62811,159.7504
2024-01-18 07:45:00+00:00,155.52475,152.94856
2024-01-18 08:00:00+00:00,144.5146,148.12021
2024-01-18 08:15:00+00:00,133.7402,143.0801
2024-01-18 08:30:00+00:00,140.1634,134.74838
2024-01-18 08:45:00+00:00,130.82248,127.5154
2024-01-18 09:00:00+00:00,137.2108,137.07095
2024-01-18 09:15:00+00:00,141.07677,130.15732
2024-01-18 09:30:00+00:00,140.31458,124.11516
2024-01-18 09:45:00+00:00,127.76734,119.86067
2024-01-18 10:00:00+00:00,99.81966,43.56288
2024-01-18 10:15:00+00:00,109.87626,50.28531
2024-01-18 10:30:00+00:00,104.62649,58.20056
2024-01-18 10:45:00+00:00,91.90377,84.97005
2024-01-18 11:00:00+00:00,149.42397,176.61307
2024-01-18 11:15:00+00:00,147.4302,170.02454
2024-01-18 11:30:00+00:00,131.63332,141.15512
2024-01-18 11:45:00+00:00,127.01043,126.17882
2024-01-18 12:00:00+00:00,126.67637,131.6062
2024-01-18 12:15:00+00:00,127.873055,122.99296
2024-01-18 12:30:00+00:00,123.28928,124.07268
2024-01-18 12:45:00+00:00,139.1496,128.18796
2024-01-18 13:00:00+00:00,132.88814,132.93228
2024-01-18 13:15:00+00:00,126.91634,130.13509
2024-01-18 13:30:00+00:00,139.2754,132.25496
2024-01-18 13:45:00+00:00,143.84225,131.54825
2024-01-18 14:00:00+00:00,163.27148,129.43684
2024-01-18 14:15:00+00:00,177.05557,145.31155
2024-01-18 14:30:00+00:00,167.75272,155.81613
2024-01-18 14:45:00+00:00,175.47937,159.56932
2024-01-18 15:00:00+00:00,192.38626,166.91284
2024-01-18 15:15:00+00:00,209.10391,174.51682
2024-01-18 15:30:00+00:00,209.08488,182.52695
2024-01-18 15:45:00+00:00,212.42969,186.1679
2024-01-18 16:00:00+00:00,219.93329,197.09126
2024-01-18 16:15:00+00:00,232.0418,209.73897
2024-01-18 16:30:00+00:00,225.10905,215.46176
2024-01-18 16:45:00+00:00,226.84805,219.23006
2024-01-18 17:00:00+00:00,213.5936,219.81522
2024-01-18 17:15:00+00:00,238.43752,224.18803
2024-01-18 17:30:00+00:00,228.26674,222.93452
2024-01-18 17:45:00+00:00,239.38155,239.08987
2024-01-18 18:00:00+00:00,253.49968,245.42685
2024-01-18 18:15:00+00:00,249.676,237.34102
2024-01-18 18:30:00+00:00,245.75717,229.00554
2024-01-18 18:45:00+00:00,259.71356,232.36148
2024-01-18 19:00:00+00:00,256.39413,256.66183
2024-01-18 19:15:00+00:00,275.1415,267.84836
2024-01-18 19:30:00+00:00,275.58868,272.36078
2024-01-18 19:45:00+00:00,267.59775,268.87296
2024-01-18 20:00:00+00:00,277.8235,267.63632
2024-01-18 20:15:00+00:00,267.26474,266.69882
2024-01-18 20:30:00+00:00,264.05313,260.497
2024-01-18 20:45:00+00:00,253.38023,247.88809
2024-01-18 21:00:00+00:00,246.13774,231.6879
2024-01-18 21:15:00+00:00,252.3675,247.33821
2024-01-18 21:30:00+00:00,245.20851,268.50507
2024-01-18 21:45:00+00:00,254.28726,273.9656
2024-01-18 22:00:00+00:00,240.07397,254.39188
2024-01-18 22:15:00+00:00,242.0318,251.71294
2024-01-18 22:30:00+00:00,236.36023,237.12534
2024-01-18 22:45:00+00:00,243.18408,248.48848
2024-01-18 23:00:00+00:00,252.18883,277.33618
2024-01-18 23:15:00+00:00,243.68094,255.21089
2024-01-18 23:30:00+00:00,245.57323,232.98894
2024-01-18 23:45:00+00:00,243.67566,225.60928
2024-01-19 00:00:00+00:00,229.62729,223.09709
2024-01-19 00:15:00+00:00,227.10918,211.6042
2024-01-19 00:30:00+00:00,226.82057,195.95029
2024-01-19 00:45:00+00:00,217.07372,208.21103
2024-01-19 01:00:00+00:00,257.4608,259.39127
2024-01-19 01:15:00+00:00,256.01675,257.89764
2024-01-19 01:30:00+00:00,249.91702,266.1895
2024-01-19 01:45:00+00:00,249.95192,251.89072
2024-01-19 02:00:00+00:00,233.85057,235.0159
2024-01-19 02:15:00+00:00,229.05643,223.21577
2024-01-19 02:30:00+00:00,228.15785,223.40962
2024-01-19 02:45:00+00:00,222.64062,219.49985
2024-01-19 03:00:00+00:00,220.87837,217.10384
2024-01-19 03:15:00+00:00,239.5951,222.49991
2024-01-19 03:30:00+00:00,226.31314,218.4842
2024-01-19 03:45:00+00:00,224.9082,216.50833
2024-01-19 04:00:00+00:00,226.3142,225.26201
2024-01-19 04:15:00+00:00,218.1002,225.00192
2024-01-19 04:30:00+00:00,224.47583,225.0209
2024-01-19 04:45:00+00:00,236.01349,227.63846
2024-01-19 05:00:00+00:00,247.45706,234.93633
2024-01-19 05:15:00+00:00,259.55923,245.19522
2024-01-19 05:30:00+00:00,255.966,243.59036
2024-01-19 05:45:00+00:00,246.0796,250.42825
2024-01-19 06:00:00+00:00,255.0579,241.33582
2024-01-19 06:15:00+00:00,256.28207,246.5687
2024-01-19 06:30:00+00:00,264.25717,254.0896
2024-01-19 06:45:00+00:00,266.33975,257.06848
2024-01-19 07:00:00+00:00,270.64548,248.98491
2024-01-19 07:15:00+00:00,253.27028,242.70308
2024-01-19 07:30:00+00:00,257.25677,237.65869
2024-01-19 07:45:00+00:00,250.25531,228.6943
2024-01-19 08:00:00+00:00,245.08905,221.72583
2024-01-19 08:15:00+00:00,234.83054,211.7179
2024-01-19 08:30:00+00:00,238.61723,202.89627
2024-01-19 08:45:00+00:00,232.90126,196.51366
2024-01-19 09:00:00+00:00,228.6896,190.03667
2024-01-19 09:15:00+00:00,238.92062,186.28
2024-01-19 09:30:00+00:00,232.93826,175.77887
2024-01-19 09:45:00+00:00,230.48674,169.76926
2024-01-19 10:00:00+00:00,147.77377,114.154236
2024-01-19 10:15:00+00:00,147.61838,113.48092
2024-01-19 10:30:00+00:00,147.14688,119.56126
2024-01-19 10:45:00+00:00,155.67169,128.32906
2024-01-19 11:00:00+00:00,233.38332,197.17752
2024-01-19 11:15:00+00:00,242.02545,199.36467
2024-01-19 11:30:00+00:00,229.2594,184.11807
2024-01-19 11:45:00+00:00,231.31978,168.80785
2024-01-19 12:00:00+00:00,236.32005,161.32228
2024-01-19 12:15:00+00:00,208.24551,150.5958
2024-01-19 12:30:00+00:00,200.77997,147.81071
2024-01-19 12:45:00+00:00,200.17635,151.02965
2024-01-19 13:00:00+00:00,190.439,152.89754
2024-01-19 13:15:00+00:00,191.64731,151.00142
2024-01-19 13:30:00+00:00,186.82568,145.21219
2024-01-19 13:45:00+00:00,189.67574,145.2604
2024-01-19 14:00:00+00:00,193.23303,144.85397
2024-01-19 14:15:00+00:00,193.95929,153.48862
2024-01-19 14:30:00+00:00,196.32623,158.2908
2024-01-19 14:45:00+00:00,186.39226,161.41562
2024-01-19 15:00:00+00:00,204.4694,162.99307
2024-01-19 15:15:00+00:00,214.7184,169.0717
2024-01-19 15:30:00+00:00,224.85112,183.00874
2024-01-19 15:45:00+00:00,241.86795,189.19797
2024-01-19 16:00:00+00:00,236.70169,208.11227
2024-01-19 16:15:00+00:00,246.02568,226.83403
2024-01-19 16:30:00+00:00,248.72563,232.427
2024-01-19 16:45:00+00:00,264.05103,246.8833
2024-01-19 17:00:00+00:00,267.21188,250.72897
2024-01-19 17:15:00+00:00,263.74445,257.71637
2024-01-19 17:30:00+00:00,257.11722,257.20642
2024-01-19 17:45:00+00:00,277.82666,268.1615
2024-01-19 18:00:00+00:00,274.06113,274.54843
2024-01-19 18:15:00+00:00,291.99765,275.96362
2024-01-19 18:30:00+00:00,291.95538,271.4148
2024-01-19 18:45:00+00:00,282.82272,265.55115
2024-01-19 19:00:00+00:00,280.42935,277.9489
2024-01-19 19:15:00+00:00,290.11594,283.76846
2024-01-19 19:30:00+00:00,291.20163,292.82806
2024-01-19 19:45:00+00:00,286.65802,291.80353
2024-01-19 20:00:00+00:00,281.38184,289.32056
2024-01-19 20:15:00+00:00,273.7408,279.1966
2024-01-19 20:30:00+00:00,291.82956,280.40204
2024-01-19 20:45:00+00:00,288.3854,281.20892
2024-01-19 21:00:00+00:00,279.7052,263.807
2024-01-19 21:15:00+00:00,305.71304,275.44067
2024-01-19 21:30:00+00:00,290.4743,288.77313
2024-01-19 21:45:00+00:00,300.68527,287.75772
2024-01-19 22:00:00+00:00,296.20615,275.06354
2024-01-19 22:15:00+00:00,283.6938,270.23502
2024-01-19 22:30:00+00:00,281.69473,259.3034
2024-01-19 22:45:00+00:00,282.68634,272.53888
2024-01-19 23:00:00+00:00,314.241,298.96008
2024-01-19 23:15:00+00:00,306.3251,286.34357
2024-01-19 23:30:00+00:00,296.08246,274.84543
2024-01-19 23:45:00+00:00,288.72687,272.83057
2024-01-20 00:00:00+00:00,289.40872,274.21802
2024-01-20 00:15:00+00:00,277.0412,261.44244
2024-01-20 00:30:00+00:00,264.09967,253.87976
2024-01-20 00:45:00+00:00,264.44534,268.22873
2024-01-20 01:00:00+00:00,303.95078,321.48123
2024-01-20 01:15:00+00:00,299.17038,313.88727
2024-01-20 01:30:00+00:00,304.98254,321.61066
2024-01-20 01:45:00+00:00,297.0434,307.42618
2024-01-20 02:00:00+00:00,279.5477,286.29526
2024-01-20 02:15:00+00:00,266.1685,276.31317
2024-01-20 02:30:00+00:00,257.47772,276.78583
2024-01-20 02:45:00+00:00,257.87415,271.73444
2024-01-20 03:00:00+00:00,258.1342,271.35867
2024-01-20 03:15:00+00:00,260.3616,268.8581
2024-01-20 03:30:00+00:00,250.89066,264.84833
2024-01-20 03:45:00+00:00,255.24925,264.80615
2024-01-20 04:00:00+00:00,254.07266,272.33456
2024-01-20 04:15:00+00:00,261.331,268.298
2024-01-20 04:30:00+00:00,272.99658,264.18982
2024-01-20 04:45:00+00:00,286.27112,266.87286
2024-01-20 05:00:00+00:00,271.67514,265.82758
2024-01-20 05:15:00+00:00,276.4418,275.19666
2024-01-20 05:30:00+00:00,272.3126,278.6142
2024-01-20 05:45:00+00:00,284.85983,285.2448
2024-01-20 06:00:00+00:00,269.2268,274.62662
2024-01-20 06:15:00+00:00,276.5845,282.28433
2024-01-20 06:30:00+00:00,277.27588,291.234
2024-01-20 06:45:00+00:00,273.52725,291.8358
2024-01-20 07:00:00+00:00,289.6212,281.71826
2024-01-20 07:15:00+00:00,298.60373,281.0772
2024-01-20 07:30:00+00:00,299.81628,272.73395
2024-01-20 07:45:00+00:00,299.85434,258.39383
2024-01-20 08:00:00+00:00,294.45868,252.40286
2024-01-20 08:15:00+00:00,282.8111,242.89798
2024-01-20 08:30:00+00:00,274.39307,235.95915
2024-01-20 08:45:00+00:00,264.0225,232.52475
2024-01-20 09:00:00+00:00,257.14682,230.33232
2024-01-20 09:15:00+00:00,272.04727,225.26143
2024-01-20 09:30:00+00:00,267.08502,213.0999
2024-01-20 09:45:00+00:00,254.69849,211.75137
2024-01-20 10:00:00+00:00,238.0559,157.2266
2024-01-20 10:15:00+00:00,235.84117,153.54948
2024-01-20 10:30:00+00:00,235.33797,159.83359
2024-01-20 10:45:00+00:00,228.41158,158.80493
2024-01-20 11:00:00+00:00,234.75972,197.3893
2024-01-20 11:15:00+00:00,219.30429,208.44096
2024-01-20 11:30:00+00:00,214.92877,205.92929
2024-01-20 11:45:00+00:00,214.15916,196.6468
2024-01-20 12:00:00+00:00,211.70766,188.79231
2024-01-20 12:15:00+00:00,204.44086,180.54085
2024-01-20 12:30:00+00:00,200.94806,176.27075
2024-01-20 12:45:00+00:00,196.86537,178.96848
2024-01-20 13:00:00+00:00,202.68071,182.53056
2024-01-20 13:15:00+00:00,203.53383,173.82466
2024-01-20 13:30:00+00:00,200.2165,172.34953
2024-01-20 13:45:00+00:00,211.22348,176.08765
2024-01-20 14:00:00+00:00,217.09697,179.69542
2024-01-20 14:15:00+00:00,213.77226,183.30325
2024-01-20 14:30:00+00:00,215.76392,188.27974
2024-01-20 14:45:00+00:00,210.01729,190.00479
2024-01-20 15:00:00+00:00,220.04535,189.6051
2024-01-20 15:15:00+00:00,231.8716,195.6814
2024-01-20 15:30:00+00:00,252.89288,210.00883
2024-01-20 15:45:00+00:00,259.5846,217.3136
2024-01-20 16:00:00+00:00,273.50928,233.96819
2024-01-20 16:15:00+00:00,278.70407,251.31314
2024-01-20 16:30:00+00:00,298.74646,263.74982
2024-01-20 16:45:00+00:00,303.77316,279.94882
2024-01-20 17:00:00+00:00,302.6949,283.62796
2024-01-20 17:15:00+00:00,302.26144,288.98285
2024-01-20 17:30:00+00:00,308.04297,289.20358
2024-01-20 17:45:00+00:00,308.7872,290.46606
2024-01-20 18:00:00+00:00,293.54636,293.35297
2024-01-20 18:15:00+00:00,298.25595,293.56927
2024-01-20 18:30:00+00:00,291.8856,288.92554
2024-01-20 18:45:00+00:00,278.14273,283.15472
2024-01-20 19:00:00+00:00,295.55176,284.50092
2024-01-20 19:15:00+00:00,305.4519,282.75568
2024-01-20 19:30:00+00:00,301.83542,289.66882
2024-01-20 19:45:00+00:00,298.683,288.50296
2024-01-20 20:00:00+00:00,289.5398,284.137
2024-01-20 20:15:00+00:00,288.3336,274.76532
2024-01-20 20:30:00+00:00,283.63144,280.97968
2024-01-20 20:45:00+00:00,285.36514,280.16302
2024-01-20 21:00:00+00:00,277.16278,270.9156
2024-01-20 21:15:00+00:00,286.45294,279.44913
2024-01-20 21:30:00+00:00,302.57965,285.90048
2024-01-20 21:45:00+00:00,293.47342,289.73502
2024-01-20 22:00:00+00:00,288.21838,281.2464
2024-01-20 22:15:00+00:00,292.6404,278.8902
2024-01-20 22:30:00+00:00,292.06427,267.5082
2024-01-20 22:45:00+00:00,300.9453,279.65375
2024-01-20 23:00:00+00:00,317.64923,299.9908
2024-01-20 23:15:00+00:00,311.83707,292.1316
2024-01-20 23:30:00+00:00,302.9338,276.8225
2024-01-20 23:45:00+00:00,302.98242,277.37094
2024-01-21 00:00:00+00:00,292.55075,273.74667
2024-01-21 00:15:00+00:00,271.95825,257.1471
2024-01-21 00:30:00+00:00,272.47278,243.3165
2024-01-21 00:45:00+00:00,283.22034,261.6272
2024-01-21 01:00:00+00:00,328.12003,330.75873
2024-01-21 01:15:00+00:00,315.80774,326.02686
2024-01-21 01:30:00+00:00,316.83264,337.59067
2024-01-21 01:45:00+00:00,301.63867,320.2082
2024-01-21 02:00:00+00:00,295.6064,299.49033
2024-01-21 02:15:00+00:00,288.8519,291.73834
2024-01-21 02:30:00+00:00,284.20303,288.2476
2024-01-21 02:45:00+00:00,282.0489,279.92624
2024-01-21 03:00:00+00:00,273.0274,273.47186
2024-01-21 03:15:00+00:00,270.23746,263.68298
2024-01-21 03:30:00+00:00,275.90698,256.5469
2024-01-21 03:45:00+00:00,269.47406,260.35614
2024-01-21 04:00:00+00:00,269.4087,262.9978
2024-01-21 04:15:00+00:00,281.69568,261.66342
2024-01-21 04:30:00+00:00,295.579,256.45355
2024-01-21 04:45:00+00:00,293.81604,259.5661
2024-01-21 05:00:00+00:00,283.03793,260.84338
2024-01-21 05:15:00+00:00,281.121,271.4461
2024-01-21 05:30:00+00:00,285.21,275.01422
2024-01-21 05:45:00+00:00,281.47107,274.1143
2024-01-21 06:00:00+00:00,267.6689,259.9091
2024-01-21 06:15:00+00:00,283.98584,273.85822
2024-01-21 06:30:00+00:00,282.91666,283.66333
2024-01-21 06:45:00+00:00,279.822,286.2312
2024-01-21 07:00:00+00:00,290.346,278.92236
2024-01-21 07:15:00+00:00,277.29562,281.23663
2024-01-21 07:30:00+00:00,274.318,277.42694
2024-01-21 07:45:00+00:00,282.45694,269.45605
2024-01-21 08:00:00+00:00,278.92047,267.5974
2024-01-21 08:15:00+00:00,268.08224,254.98283
2024-01-21 08:30:00+00:00,270.45993,246.49397
2024-01-21 08:45:00+00:00,258.32587,249.58533
2024-01-21 09:00:00+00:00,245.15424,255.77701
2024-01-21 09:15:00+00:00,228.77406,252.26138
2024-01-21 09:30:00+00:00,224.54697,239.74617
2024-01-21 09:45:00+00:00,219.1484,238.60425
2024-01-21 10:00:00+00:00,220.59717,160.66716
2024-01-21 10:15:00+00:00,222.56468,156.6044
2024-01-21 10:30:00+00:00,222.40652,163.56865
2024-01-21 10:45:00+00:00,224.24329,165.35435
2024-01-21 11:00:00+00:00,220.09421,211.53372
2024-01-21 11:15:00+00:00,214.39726,214.78445
2024-01-21 11:30:00+00:00,212.7566,209.10349
2024-01-21 11:45:00+00:00,205.45802,200.77153
2024-01-21 12:00:00+00:00,197.95067,186.76488
2024-01-21 12:15:00+00:00,203.9186,175.8109
2024-01-21 12:30:00+00:00,202.66386,173.52371
2024-01-21 12:45:00+00:00,180.42964,181.07518
2024-01-21 13:00:00+00:00,184.55658,183.68193
2024-01-21 13:15:00+00:00,180.4908,170.54733
2024-01-21 13:30:00+00:00,183.21115,167.59956
2024-01-21 13:45:00+00:00,184.51018,175.08842
2024-01-21 14:00:00+00:00,184.77484,180.51602
2024-01-21 14:15:00+00:00,190.69849,182.87865
2024-01-21 14:30:00+00:00,182.491,181.65292
2024-01-21 14:45:00+00:00,191.06857,181.28577
2024-01-21 15:00:00+00:00,196.76236,184.38089
2024-01-21 15:15:00+00:00,210.72162,185.95844
2024-01-21 15:30:00+00:00,211.136,199.43802
2024-01-21 15:45:00+00:00,238.95961,208.89365
2024-01-21 16:00:00+00:00,239.95708,228.4945
2024-01-21 16:15:00+00:00,256.34253,243.72212
2024-01-21 16:30:00+00:00,266.83804,255.95468
2024-01-21 16:45:00+00:00,294.04907,268.13092
2024-01-21 17:00:00+00:00,297.8449,274.00742
2024-01-21 17:15:00+00:00,285.79834,283.79453
2024-01-21 17:30:00+00:00,287.22812,285.77887
2024-01-21 17:45:00+00:00,273.5873,287.3736
2024-01-21 18:00:00+00:00,284.94006,284.2094
2024-01-21 18:15:00+00:00,288.41223,274.65723
2024-01-21 18:30:00+00:00,282.81967,269.8998
2024-01-21 18:45:00+00:00,277.99576,265.1196
2024-01-21 19:00:00+00:00,287.92194,268.66666
2024-01-21 19:15:00+00:00,287.90295,274.2783
2024-01-21 19:30:00+00:00,278.34372,280.45572
2024-01-21 19:45:00+00:00,277.79755,275.08652
2024-01-21 20:00:00+00:00,280.32706,277.12872
2024-01-21 20:15:00+00:00,251.98466,267.17853
2024-01-21 20:30:00+00:00,253.33641,262.80923
2024-01-21 20:45:00+00:00,252.48235,256.09583
2024-01-21 21:00:00+00:00,251.61774,250.50809
2024-01-21 21:15:00+00:00,267.3368,257.0017
2024-01-21 21:30:00+00:00,266.91397,264.6007
2024-01-21 21:45:00+00:00,277.35785,272.51715
2024-01-21 22:00:00+00:00,250.81744,253.99016
2024-01-21 22:15:00+00:00,247.7565,249.54337
2024-01-21 22:30:00+00:00,248.19092,241.24532
2024-01-21 22:45:00+00:00,258.2204,254.36768
2024-01-21 23:00:00+00:00,268.00528,278.29913
2024-01-21 23:15:00+00:00,266.0441,264.92444
2024-01-21 23:30:00+00:00,265.29337,239.42473
2024-01-21 23:45:00+00:00,253.89314,237.26465
2024-01-22 00:00:00+00:00,235.60977,225.61423
2024-01-22 00:15:00+00:00,247.07114,213.41714
2024-01-22 00:30:00+00:00,240.2249,198.08208
2024-01-22 00:45:00+00:00,245.41783,212.80637
2024-01-22 01:00:00+00:00,259.49097,266.5226
2024-01-22 01:15:00+00:00,263.62003,260.4857
2024-01-22 01:30:00+00:00,267.29144,270.16718
2024-01-22 01:45:00+00:00,259.6312,260.70782
2024-01-22 02:00:00+00:00,249.36763,247.49617
2024-01-22 02:15:00+00:00,232.89574,242.1569
2024-01-22 02:30:00+00:00,231.74327,239.60844
2024-01-22 02:45:00+00:00,230.80273,229.24936
2024-01-22 03:00:00+00:00,230.7595,223.0986
2024-01-22 03:15:00+00:00,222.64798,217.68692
2024-01-22 03:30:00+00:00,205.84393,211.95076
2024-01-22 03:45:00+00:00,202.56264,213.81975
2024-01-22 04:00:00+00:00,222.40335,221.37187
2024-01-22 04:15:00+00:00,228.93434,222.77487
2024-01-22 04:30:00+00:00,250.88492,219.31284
2024-01-22 04:45:00+00:00,251.52072,220.43037
2024-01-22 05:00:00+00:00,233.9417,227.06169
2024-01-22 05:15:00+00:00,237.88307,238.20454
2024-01-22 05:30:00+00:00,234.80315,237.01529
2024-01-22 05:45:00+00:00,233.50517,233.51558
2024-01-22 06:00:00+00:00,229.02608,210.65015
2024-01-22 06:15:00+00:00,228.80148,219.41116
2024-01-22 06:30:00+00:00,219.24437,223.07495
2024-01-22 06:45:00+00:00,223.71399,215.45291
2024-01-22 07:00:00+00:00,215.99258,205.93689
2024-01-22 07:15:00+00:00,201.17398,202.3829
2024-01-22 07:30:00+00:00,217.9021,191.45786
2024-01-22 07:45:00+00:00,214.69461,193.02074
2024-01-22 08:00:00+00:00,195.33047,186.5275
2024-01-22 08:15:00+00:00,183.62976,174.08032
2024-01-22 08:30:00+00:00,187.12932,167.6318
2024-01-22 08:45:00+00:00,179.21391,169.4198
2024-01-22 09:00:00+00:00,182.14516,170.91397
2024-01-22 09:15:00+00:00,179.05048,173.5391
2024-01-22 09:30:00+00:00,173.92923,165.98616
2024-01-22 09:45:00+00:00,165.67009,159.24875
2024-01-22 10:00:00+00:00,112.18439,96.13893
2024-01-22 10:15:00+00:00,115.19787,98.193886
2024-01-22 10:30:00+00:00,116.35139,101.138306
2024-01-22 10:45:00+00:00,123.163895,108.04292
2024-01-22 11:00:00+00:00,175.165,175.1033
2024-01-22 11:15:00+00:00,178.47794,176.65475
2024-01-22 11:30:00+00:00,163.66566,163.10062
2024-01-22 11:45:00+00:00,159.4238,155.04745
2024-01-22 12:00:00+00:00,166.93115,145.74579
2024-01-22 12:15:00+00:00,163.69835,139.33432
2024-01-22 12:30:00+00:00,148.2798,138.4111
2024-01-22 12:45:00+00:00,143.36311,149.71046
2024-01-22 13:00:00+00:00,158.02672,148.30283
2024-01-22 13:15:00+00:00,173.83539,139.80113
2024-01-22 13:30:00+00:00,175.87462,139.77739
2024-01-22 13:45:00+00:00,170.60153,144.7321
2024-01-22 14:00:00+00:00,168.02669,149.18262
2024-01-22 14:15:00+00:00,167.1726,150.94508
2024-01-22 14:30:00+00:00,173.1089,154.49268
2024-01-22 14:45:00+00:00,177.607,150.43246
2024-01-22 15:00:00+00:00,178.18692,153.26442
2024-01-22 15:15:00+00:00,185.82924,154.34317
2024-01-22 15:30:00+00:00,197.1662,161.1115
2024-01-22 15:45:00+00:00,197.42874,168.6532
2024-01-22 16:00:00+00:00,191.8288,174.3381
2024-01-22 16:15:00+00:00,201.27205,176.46008
2024-01-22 16:30:00+00:00,199.27184,185.57121
2024-01-22 16:45:00+00:00,206.4945,189.48662
2024-01-22 17:00:00+00:00,207.19675,195.80843
2024-01-22 17:15:00+00:00,201.02847,206.55742
2024-01-22 17:30:00+00:00,194.46692,199.83952
2024-01-22 17:45:00+00:00,209.42575,212.68867
2024-01-22 18:00:00+00:00,202.7113,211.58203
2024-01-22 18:15:00+00:00,212.43608,202.58679
2024-01-22 18:30:00+00:00,212.58685,196.00171
2024-01-22 18:45:00+00:00,211.4481,195.75189
2024-01-22 19:00:00+00:00,207.2368,205.2659
2024-01-22 19:15:00+00:00,207.28004,213.6531
2024-01-22 19:30:00+00:00,203.7541,210.74802
2024-01-22 19:45:00+00:00,200.40111,209.27612
2024-01-22 20:00:00+00:00,208.4441,210.91995
2024-01-22 20:15:00+00:00,210.36206,206.32747
2024-01-22 20:30:00+00:00,198.35979,199.3873
2024-01-22 20:45:00+00:00,192.4625,187.56967
2024-01-22 21:00:00+00:00,189.60506,183.82756
2024-01-22 21:15:00+00:00,193.40514,187.89975
2024-01-22 21:30:00+00:00,203.70667,192.56052
2024-01-22 21:45:00+00:00,201.89626,196.74048
2024-01-22 22:00:00+00:00,193.59387,183.99773
2024-01-22 22:15:00+00:00,180.26093,185.23688
2024-01-22 22:30:00+00:00,165.58046,169.78857
2024-01-22 22:45:00+00:00,181.74237,177.52466
2024-01-22 23:00:00+00:00,195.47914,195.13766
2024-01-22 23:15:00+00:00,189.31194,188.97757
2024-01-22 23:30:00+00:00,187.33177,172.6715
2024-01-22 23:45:00+00:00,182.12196,164.88318
2024-01-23 00:00:00+00:00,179.80016,156.13916
2024-01-23 00:15:00+00:00,174.78647,141.53145
2024-01-23 00:30:00+00:00,179.70526,119.04866
2024-01-23 00:45:00+00:00,183.29024,137.73233
2024-01-23 01:00:00+00:00,215.15012,189.40448
2024-01-23 01:15:00+00:00,202.08499,189.99419
2024-01-23 01:30:00+00:00,192.60695,197.89407
2024-01-23 01:45:00+00:00,180.42436,188.1215
2024-01-23 02:00:00+00:00,177.73457,175.42451
2024-01-23 02:15:00+00:00,165.591,167.63992
2024-01-23 02:30:00+00:00,161.0402,160.95975
2024-01-23 02:45:00+00:00,160.30106,157.67258
2024-01-23 03:00:00+00:00,169.58615,152.84093
2024-01-23 03:15:00+00:00,163.39996,155.59184
2024-01-23 03:30:00+00:00,155.5689,147.70663
2024-01-23 03:45:00+00:00,156.82785,150.9957
2024-01-23 04:00:00+00:00,178.0625,160.60577
2024-01-23 04:15:00+00:00,176.80144,158.15851
2024-01-23 04:30:00+00:00,179.44693,162.4797
2024-01-23 04:45:00+00:00,184.681,166.64859
2024-01-23 05:00:00+00:00,195.08691,178.95639
2024-01-23 05:15:00+00:00,201.95529,186.40994
2024-01-23 05:30:00+00:00,189.67255,184.59409
2024-01-23 05:45:00+00:00,189.30455,184.136
2024-01-23 06:00:00+00:00,185.3147,173.37091
2024-01-23 06:15:00+00:00,185.78601,173.0526
2024-01-23 06:30:00+00:00,185.90094,175.57706
2024-01-23 06:45:00+00:00,191.87415,174.89084
2024-01-23 07:00:00+00:00,181.90053,175.32724
2024-01-23 07:15:00+00:00,180.02791,169.37419
2024-01-23 07:30:00+00:00,174.29723,155.98868
2024-01-23 07:45:00+00:00,172.57643,153.96855
2024-01-23 08:00:00+00:00,156.83418,146.47836
2024-01-23 08:15:00+00:00,150.30952,138.92593
2024-01-23 08:30:00+00:00,142.79163,134.16753
2024-01-23 08:45:00+00:00,130.80516,130.4641
2024-01-23 09:00:00+00:00,126.33449,132.8486
2024-01-23 09:15:00+00:00,134.87938,128.58069
2024-01-23 09:30:00+00:00,127.97303,123.58584
2024-01-23 09:45:00+00:00,123.04264,120.63756
2024-01-23 10:00:00+00:00,81.813324,75.11051
2024-01-23 10:15:00+00:00,91.79115,75.20216
2024-01-23 10:30:00+00:00,92.17496,82.704
2024-01-23 10:45:00+00:00,94.154076,93.964066
2024-01-23 11:00:00+00:00,144.0158,157.39142
2024-01-23 11:15:00+00:00,134.5019,154.40161
2024-01-23 11:30:00+00:00,119.440796,135.3143
2024-01-23 11:45:00+00:00,111.938705,124.564514
2024-01-23 12:00:00+00:00,114.32904,124.85933
2024-01-23 12:15:00+00:00,111.34297,118.89592
2024-01-23 12:30:00+00:00,111.34297,120.591576
2024-01-23 12:45:00+00:00,114.38598,124.85093
2024-01-23 13:00:00+00:00,124.05381,122.785324
2024-01-23 13:15:00+00:00,141.84793,122.178444
2024-01-23 13:30:00+00:00,142.31714,120.99214
2024-01-23 13:45:00+00:00,147.75577,123.07414
2024-01-23 14:00:00+00:00,154.82976,121.34004
2024-01-23 14:15:00+00:00,143.98206,127.352516
2024-01-23 14:30:00+00:00,138.92828,132.47397
2024-01-23 14:45:00+00:00,147.98457,132.89207
2024-01-23 15:00:00+00:00,148.9989,132.53996
2024-01-23 15:15:00+00:00,139.41226,138.21423
2024-01-23 15:30:00+00:00,149.75912,142.55989
2024-01-23 15:45:00+00:00,157.18002,142.8706
2024-01-23 16:00:00+00:00,159.3637,148.46872
2024-01-23 16:15:00+00:00,159.0052,156.42395
2024-01-23 16:30:00+00:00,178.17322,162.58122
2024-01-23 16:45:00+00:00,186.23729,167.27441
2024-01-23 17:00:00+00:00,190.09114,172.50732
2024-01-23 17:15:00+00:00,191.18561,179.48927
2024-01-23 17:30:00+00:00,185.66792,174.34615
2024-01-23 17:45:00+00:00,197.89056,186.42432
2024-01-23 18:00:00+00:00,194.55232,184.14792
2024-01-23 18:15:00+00:00,193.35452,181.04675
2024-01-23 18:30:00+00:00,192.34967,173.81566
2024-01-23 18:45:00+00:00,193.23538,174.7904
2024-01-23 19:00:00+00:00,205.04681,191.94876
2024-01-23 19:15:00+00:00,206.87093,195.77464
2024-01-23 19:30:00+00:00,213.80574,195.74606
2024-01-23 19:45:00+00:00,205.11429,194.79713
2024-01-23 20:00:00+00:00,200.55821,194.84586
2024-01-23 20:15:00+00:00,188.83113,190.5604
2024-01-23 20:30:00+00:00,184.45325,184.19386
2024-01-23 20:45:00+00:00,188.77313,171.26926
2024-01-23 21:00:00+00:00,180.7428,165.64249
2024-01-23 21:15:00+00:00,183.75311,173.24593
2024-01-23 21:30:00+00:00,191.41336,184.57553
2024-01-23 21:45:00+00:00,189.05466,192.21274
2024-01-23 22:00:00+00:00,178.89337,178.0755
2024-01-23 22:15:00+00:00,162.02606,176.27873
2024-01-23 22:30:00+00:00,159.94362,160.61922
2024-01-23 22:45:00+00:00,171.14877,175.33546
2024-01-23 23:00:00+00:00,190.98422,197.04938
2024-01-23 23:15:00+00:00,186.48613,185.33015
2024-01-23 23:30:00+00:00,179.01357,170.90991
2024-01-23 23:45:00+00:00,161.01173,156.20206
2024-01-24 00:00:00+00:00,153.17293,130.72543
2024-01-24 00:15:00+00:00,147.1163,121.79738
2024-01-24 00:30:00+00:00,142.01987,114.416336
2024-01-24 00:45:00+00:00,144.3262,122.552124
2024-01-24 01:00:00+00:00,184.19011,158.11182
2024-01-24 01:15:00+00:00,168.40756,154.01369
2024-01-24 01:30:00+00:00,162.1732,155.63127
2024-01-24 01:45:00+00:00,158.26831,145.65459
2024-01-24 02:00:00+00:00,157.82976,136.39645
2024-01-24 02:15:00+00:00,158.23572,131.36253
2024-01-24 02:30:00+00:00,148.13222,125.02716
2024-01-24 02:45:00+00:00,138.54091,122.833206
2024-01-24 03:00:00+00:00,134.11334,120.8477
2024-01-24 03:15:00+00:00,128.59938,117.48545
2024-01-24 03:30:00+00:00,133.25726,117.84634
2024-01-24 03:45:00+00:00,131.75757,120.676414
2024-01-24 04:00:00+00:00,142.89801,130.6683
2024-01-24 04:15:00+00:00,141.32785,131.13823
2024-01-24 04:30:00+00:00,123.00129,136.0851
2024-01-24 04:45:00+00:00,133.29723,136.96326
2024-01-24 05:00:00+00:00,153.44637,144.72966
2024-01-24 05:15:00+00:00,147.98709,148.94725
2024-01-24 05:30:00+00:00,140.14998,150.969
2024-01-24 05:45:00+00:00,144.74266,146.89803
2024-01-24 06:00:00+00:00,138.41786,140.77823
2024-01-24 06:15:00+00:00,138.60927,138.21255
2024-01-24 06:30:00+00:00,144.46501,134.13408
2024-01-24 06:45:00+00:00,139.0415,131.56894
2024-01-24 07:00:00+00:00,138.71443,130.40143
2024-01-24 07:15:00+00:00,131.41263,123.43439
2024-01-24 07:30:00+00:00,122.02007,115.98956
2024-01-24 07:45:00+00:00,117.30644,111.09066
2024-01-24 08:00:00+00:00,110.73029,107.26021
2024-01-24 08:15:00+00:00,107.64151,98.084045
2024-01-24 08:30:00+00:00,104.68208,96.4927
2024-01-24 08:45:00+00:00,99.90536,90.43329
2024-01-24 09:00:00+00:00,114.112495,92.691246
2024-01-24 09:15:00+00:00,111.19829,93.75029
2024-01-24 09:30:00+00:00,111.25508,92.89592
2024-01-24 09:45:00+00:00,117.555695,92.36208
2024-01-24 10:00:00+00:00,92.33221,61.902832
2024-01-24 10:15:00+00:00,92.80441,62.63611
2024-01-24 10:30:00+00:00,94.22629,63.768616
2024-01-24 10:45:00+00:00,100.32287,74.88497
2024-01-24 11:00:00+00:00,152.95207,122.56179
2024-01-24 11:15:00+00:00,146.03938,115.28142
2024-01-24 11:30:00+00:00,131.18756,98.43683
2024-01-24 11:45:00+00:00,118.75461,89.41354
2024-01-24 12:00:00+00:00,110.36746,92.110146
2024-01-24 12:15:00+00:00,108.4471,86.79973
2024-01-24 12:30:00+00:00,110.32434,90.02162
2024-01-24 12:45:00+00:00,105.24683,91.618195
2024-01-24 13:00:00+00:00,106.46994,92.46489
2024-01-24 13:15:00+00:00,113.91793,89.21939
2024-01-24 13:30:00+00:00,114.61099,87.46698
2024-01-24 13:45:00+00:00,106.30062,87.60598
2024-01-24 14:00:00+00:00,111.870316,88.07238
2024-01-24 14:15:00+00:00,105.498184,89.18495
2024-01-24 14:30:00+00:00,100.65205,93.29991
2024-01-24 14:45:00+00:00,114.93596,93.55546
2024-01-24 15:00:00+00:00,123.15694,97.89036
2024-01-24 15:15:00+00:00,123.05598,103.916466
2024-01-24 15:30:00+00:00,128.08301,107.2463
2024-01-24 15:45:00+00:00,129.43967,111.88008
2024-01-24 16:00:00+00:00,135.03882,118.59243
2024-01-24 16:15:00+00:00,139.68513,122.67932
2024-01-24 16:30:00+00:00,141.7969,130.60257
2024-01-24 16:45:00+00:00,151.20207,137.08524
2024-01-24 17:00:00+00:00,149.35744,139.93167
2024-01-24 17:15:00+00:00,156.87378,148.3635
2024-01-24 17:30:00+00:00,149.28171,149.89249
2024-01-24 17:45:00+00:00,153.13086,162.24539
2024-01-24 18:00:00+00:00,156.73917,163.59547
2024-01-24 18:15:00+00:00,162.49396,164.11212
2024-01-24 18:30:00+00:00,162.60544,158.34477
2024-01-24 18:45:00+00:00,156.41736,161.0245
2024-01-24 19:00:00+00:00,167.20338,176.4871
2024-01-24 19:15:00+00:00,179.15993,177.53543
2024-01-24 19:30:00+00:00,183.16577,177.17363
2024-01-24 19:45:00+00:00,174.52623,176.74435
2024-01-24 20:00:00+00:00,178.50684,179.72942
2024-01-24 20:15:00+00:00,181.461,174.21419
2024-01-24 20:30:00+00:00,179.12418,169.2079
2024-01-24 20:45:00+00:00,169.39929,161.02525
2024-01-24 21:00:00+00:00,167.11925,150.5194
2024-01-24 21:15:00+00:00,174.24648,156.75385
2024-01-24 21:30:00+00:00,176.78207,168.25732
2024-01-24 21:45:00+00:00,177.28688,173.12737
2024-01-24 22:00:00+00:00,169.48657,162.76477
2024-01-24 22:15:00+00:00,165.649,156.85965
2024-01-24 22:30:00+00:00,159.00659,144.52051
2024-01-24 22:45:00+00:00,164.53947,150.4935
2024-01-24 23:00:00+00:00,179.41129,168.94969
2024-01-24 23:15:00+00:00,171.86653,156.88089
2024-01-24 23:30:00+00:00,164.31337,149.79123
2024-01-24 23:45:00+00:00,147.97658,143.83142
2024-01-25 00:00:00+00:00,148.80005,133.23997
2024-01-25 00:15:00+00:00,142.74657,120.54761
2024-01-25 00:30:00+00:00,139.19821,105.721985
2024-01-25 00:45:00+00:00,125.585266,117.87451
2024-01-25 01:00:00+00:00,167.31065,164.124
2024-01-25 01:15:00+00:00,160.2644,162.16309
2024-01-25 01:30:00+00:00,159.03288,167.03758
2024-01-25 01:45:00+00:00,157.82135,155.48958
2024-01-25 02:00:00+00:00,142.36691,143.46854
2024-01-25 02:15:00+00:00,142.1019,139.29497
2024-01-25 02:30:00+00:00,135.64458,131.6439
2024-01-25 02:45:00+00:00,131.26224,128.67207
2024-01-25 03:00:00+00:00,136.70468,124.70996
2024-01-25 03:15:00+00:00,138.68814,123.44682
2024-01-25 03:30:00+00:00,129.18306,122.1486
2024-01-25 03:45:00+00:00,121.21869,125.67861
2024-01-25 04:00:00+00:00,137.2484,134.9288
2024-01-25 04:15:00+00:00,131.89218,133.71304
2024-01-25 04:30:00+00:00,134.58238,139.0919
2024-01-25 04:45:00+00:00,142.11662,138.21288
2024-01-25 05:00:00+00:00,146.50002,147.6948
2024-01-25 05:15:00+00:00,152.66391,154.67581
2024-01-25 05:30:00+00:00,151.28621,155.82155
2024-01-25 05:45:00+00:00,148.84842,153.3179
2024-01-25 06:00:00+00:00,132.71355,148.9639
2024-01-25 06:15:00+00:00,150.25241,149.23228
2024-01-25 06:30:00+00:00,150.99385,149.5963
2024-01-25 06:45:00+00:00,157.34283,149.51022
2024-01-25 07:00:00+00:00,143.12413,149.34906
2024-01-25 07:15:00+00:00,134.66441,142.86409
2024-01-25 07:30:00+00:00,149.4016,138.6063
2024-01-25 07:45:00+00:00,130.88362,136.4096
2024-01-25 08:00:00+00:00,130.22318,132.74655
2024-01-25 08:15:00+00:00,142.92851,125.77373
2024-01-25 08:30:00+00:00,130.75006,121.12248
2024-01-25 08:45:00+00:00,125.621025,117.52124
2024-01-25 09:00:00+00:00,123.1317,118.27797
2024-01-25 09:15:00+00:00,120.46464,114.27661
2024-01-25 09:30:00+00:00,111.97548,111.95892
2024-01-25 09:45:00+00:00,112.95249,111.459366
2024-01-25 10:00:00+00:00,80.294685,79.28574
2024-01-25 10:15:00+00:00,84.5624,78.78006
2024-01-25 10:30:00+00:00,94.66799,81.67508
2024-01-25 10:45:00+00:00,105.462425,93.59818
2024-01-25 11:00:00+00:00,147.4665,141.30995
2024-01-25 11:15:00+00:00,135.65405,135.2313
2024-01-25 11:30:00+00:00,113.436264,117.57833
2024-01-25 11:45:00+00:00,102.67127,109.44609
2024-01-25 12:00:00+00:00,98.29733,110.657455
2024-01-25 12:15:00+00:00,89.96593,104.008835
2024-01-25 12:30:00+00:00,89.067795,106.33931
2024-01-25 12:45:00+00:00,87.25786,105.284775
2024-01-25 13:00:00+00:00,90.89456,105.677574
2024-01-25 13:15:00+00:00,92.991615,104.05284
2024-01-25 13:30:00+00:00,93.82559,102.51284
2024-01-25 13:45:00+00:00,98.10488,102.787575
2024-01-25 14:00:00+00:00,97.302444,102.09763
2024-01-25 14:15:00+00:00,96.135086,108.392715
2024-01-25 14:30:00+00:00,102.41256,110.25559
2024-01-25 14:45:00+00:00,112.88203,112.56581
2024-01-25 15:00:00+00:00,117.386375,115.87103
2024-01-25 15:15:00+00:00,119.040665,122.33451
2024-01-25 15:30:00+00:00,139.01942,127.18325
2024-01-25 15:45:00+00:00,143.20932,134.0696
2024-01-25 16:00:00+00:00,140.29721,139.37009
2024-01-25 16:15:00+00:00,151.43344,147.00014
2024-01-25 16:30:00+00:00,160.7955,153.2139
2024-01-25 16:45:00+00:00,159.95311,159.16345
2024-01-25 17:00:00+00:00,169.18475,162.967
2024-01-25 17:15:00+00:00,170.02715,168.70163
2024-01-25 17:30:00+00:00,161.93446,169.98343
2024-01-25 17:45:00+00:00,172.21779,179.48323
2024-01-25 18:00:00+00:00,172.79517,176.56403
2024-01-25 18:15:00+00:00,167.95534,174.27087
2024-01-25 18:30:00+00:00,166.99936,169.15947
2024-01-25 18:45:00+00:00,150.82137,169.653
2024-01-25 19:00:00+00:00,166.5019,184.99487
2024-01-25 19:15:00+00:00,177.19118,189.22176
2024-01-25 19:30:00+00:00,179.28297,190.8086
2024-01-25 19:45:00+00:00,177.77066,187.8791
2024-01-25 20:00:00+00:00,177.36891,190.5854
2024-01-25 20:15:00+00:00,166.53662,185.29515
2024-01-25 20:30:00+00:00,158.10846,178.65906
2024-01-25 20:45:00+00:00,163.1765,169.08176
2024-01-25 21:00:00+00:00,158.39662,159.25009
2024-01-25 21:15:00+00:00,168.22562,168.2368
2024-01-25 21:30:00+00:00,176.34038,180.99094
2024-01-25 21:45:00+00:00,183.12581,187.98645
2024-01-25 22:00:00+00:00,170.16281,175.99673
2024-01-25 22:15:00+00:00,174.23701,171.11052
2024-01-25 22:30:00+00:00,161.94708,160.97632
2024-01-25 22:45:00+00:00,173.29471,167.64914
2024-01-25 23:00:00+00:00,196.24973,191.004
2024-01-25 23:15:00+00:00,182.49376,178.67854
2024-01-25 23:30:00+00:00,173.0381,166.25485
2024-01-25 23:45:00+00:00,160.73766,159.01944
2024-01-26 00:00:00+00:00,154.70956,145.54599
2024-01-26 00:15:00+00:00,148.56133,127.70797
2024-01-26 00:30:00+00:00,143.89769,105.28308
2024-01-26 00:45:00+00:00,153.36308,121.43736
2024-01-26 01:00:00+00:00,187.19891,172.5951
2024-01-26 01:15:00+00:00,169.31517,172.03622
2024-01-26 01:30:00+00:00,172.27698,177.94046
2024-01-26 01:45:00+00:00,165.02269,166.94133
2024-01-26 02:00:00+00:00,164.46912,154.05687
2024-01-26 02:15:00+00:00,160.12392,146.71286
2024-01-26 02:30:00+00:00,153.17961,139.23724
2024-01-26 02:45:00+00:00,140.4034,136.56354
2024-01-26 03:00:00+00:00,135.90532,135.60295
2024-01-26 03:15:00+00:00,142.00398,135.463
2024-01-26 03:30:00+00:00,135.30852,130.46324
2024-01-26 03:45:00+00:00,137.58392,132.46494
2024-01-26 04:00:00+00:00,145.30428,141.13239
2024-01-26 04:15:00+00:00,154.70956,140.08492
2024-01-26 04:30:00+00:00,161.27744,144.43282
2024-01-26 04:45:00+00:00,158.67833,145.27629
2024-01-26 05:00:00+00:00,162.12834,158.47495
2024-01-26 05:15:00+00:00,167.88329,166.92534
2024-01-26 05:30:00+00:00,165.53828,167.11345
2024-01-26 05:45:00+00:00,165.5657,166.07104
2024-01-26 06:00:00+00:00,166.3913,160.77963
2024-01-26 06:15:00+00:00,160.55307,159.09116
2024-01-26 06:30:00+00:00,173.7426,161.63779
2024-01-26 06:45:00+00:00,182.14305,161.95068
2024-01-26 07:00:00+00:00,174.61143,161.1108
2024-01-26 07:15:00+00:00,158.23232,153.63243
2024-01-26 07:30:00+00:00,163.08258,146.39731
2024-01-26 07:45:00+00:00,148.54445,145.11621
2024-01-26 08:00:00+00:00,148.8882,140.65118
2024-01-26 08:15:00+00:00,123.71218,131.9451
2024-01-26 08:30:00+00:00,96.864944,125.886986
2024-01-26 08:45:00+00:00,97.10535,122.92964
2024-01-26 09:00:00+00:00,105.604904,124.109314
2024-01-26 09:15:00+00:00,105.76833,122.144165
2024-01-26 09:30:00+00:00,102.18442,115.52956
2024-01-26 09:45:00+00:00,105.685036,113.1943
2024-01-26 10:00:00+00:00,79.72561,74.30638
2024-01-26 10:15:00+00:00,84.74668,78.97158
2024-01-26 10:30:00+00:00,81.66044,85.653786
2024-01-26 10:45:00+00:00,89.0729,97.73709
2024-01-26 11:00:00+00:00,146.77939,157.5472
2024-01-26 11:15:00+00:00,138.0236,150.65036
2024-01-26 11:30:00+00:00,126.83849,130.04007
2024-01-26 11:45:00+00:00,121.854324,120.74028
2024-01-26 12:00:00+00:00,131.28807,122.08457
2024-01-26 12:15:00+00:00,138.04681,116.136986
2024-01-26 12:30:00+00:00,134.33319,118.62402
2024-01-26 12:45:00+00:00,135.06496,122.24452
2024-01-26 13:00:00+00:00,136.48418,118.07155
2024-01-26 13:15:00+00:00,142.30238,118.218605
2024-01-26 13:30:00+00:00,149.33527,115.1718
2024-01-26 13:45:00+00:00,146.51683,114.476
2024-01-26 14:00:00+00:00,145.39178,113.05365
2024-01-26 14:15:00+00:00,127.83069,119.20665
2024-01-26 14:30:00+00:00,131.8543,123.03926
2024-01-26 14:45:00+00:00,140.30429,124.94945
2024-01-26 15:00:00+00:00,143.84076,126.76605
2024-01-26 15:15:00+00:00,152.7684,131.43149
2024-01-26 15:30:00+00:00,150.79456,136.24661
2024-01-26 15:45:00+00:00,158.00456,141.60435
2024-01-26 16:00:00+00:00,157.79369,147.9607
2024-01-26 16:15:00+00:00,168.54439,155.6116
2024-01-26 16:30:00+00:00,169.54819,161.4852
2024-01-26 16:45:00+00:00,171.66649,164.4106
2024-01-26 17:00:00+00:00,164.98051,167.25458
2024-01-26 17:15:00+00:00,171.42186,173.55412
2024-01-26 17:30:00+00:00,163.3873,174.04654
2024-01-26 17:45:00+00:00,166.45561,185.25427
2024-01-26 18:00:00+00:00,184.05362,181.34108
2024-01-26 18:15:00+00:00,172.84215,176.98282
2024-01-26 18:30:00+00:00,175.81241,174.53976
2024-01-26 18:45:00+00:00,172.05345,174.0221
2024-01-26 19:00:00+00:00,169.9826,188.22247
2024-01-26 19:15:00+00:00,181.64325,197.17206
2024-01-26 19:30:00+00:00,184.06522,197.89908
2024-01-26 19:45:00+00:00,178.36934,198.22115
2024-01-26 20:00:00+00:00,171.26686,202.62686
2024-01-26 20:15:00+00:00,167.75148,194.77371
2024-01-26 20:30:00+00:00,173.89972,187.08278
2024-01-26 20:45:00+00:00,180.35478,177.59517
2024-01-26 21:00:00+00:00,169.45435,166.52733
2024-01-26 21:15:00+00:00,165.32002,176.17905
2024-01-26 21:30:00+00:00,172.45201,194.92984
2024-01-26 21:45:00+00:00,183.90495,199.503
2024-01-26 22:00:00+00:00,184.36151,186.95935
2024-01-26 22:15:00+00:00,172.40562,182.94551
2024-01-26 22:30:00+00:00,163.56444,172.37492
2024-01-26 22:45:00+00:00,172.50685,182.1917
2024-01-26 23:00:00+00:00,196.19087,209.95743
2024-01-26 23:15:00+00:00,190.81342,198.80362
2024-01-26 23:30:00+00:00,190.6447,186.90323
2024-01-26 23:45:00+00:00,180.99164,178.16287
2024-01-27 00:00:00+00:00,177.21852,186.00606
2024-01-27 00:15:00+00:00,175.65152,169.52885
2024-01-27 00:30:00+00:00,168.9418,160.18442
2024-01-27 00:45:00+00:00,178.4532,175.22293
2024-01-27 01:00:00+00:00,206.33849,221.19531
2024-01-27 01:15:00+00:00,198.16483,215.9668
2024-01-27 01:30:00+00:00,208.27884,221.61089
2024-01-27 01:45:00+00:00,193.76671,213.3453
2024-01-27 02:00:00+00:00,180.36621,195.72456
2024-01-27 02:15:00+00:00,181.522,186.74905
2024-01-27 02:30:00+00:00,179.62688,179.89139
2024-01-27 02:45:00+00:00,174.35374,180.60385
2024-01-27 03:00:00+00:00,168.96915,184.76926
2024-01-27 03:15:00+00:00,173.11697,183.07266
2024-01-27 03:30:00+00:00,173.90468,181.30145
2024-01-27 03:45:00+00:00,176.4487,181.06845
2024-01-27 04:00:00+00:00,184.66862,185.8532
2024-01-27 04:15:00+00:00,186.46278,181.93413
2024-01-27 04:30:00+00:00,178.73926,187.0841
2024-01-27 04:45:00+00:00,187.36198,187.0223
2024-01-27 05:00:00+00:00,185.755,192.65048
2024-01-27 05:15:00+00:00,191.52452,197.7553
2024-01-27 05:30:00+00:00,187.75845,202.51033
2024-01-27 05:45:00+00:00,177.5172,204.13634
2024-01-27 06:00:00+00:00,187.72481,204.95593
2024-01-27 06:15:00+00:00,206.30377,203.7543
2024-01-27 06:30:00+00:00,203.81445,206.84875
2024-01-27 06:45:00+00:00,204.8798,207.51529
2024-01-27 07:00:00+00:00,208.1926,203.18234
2024-01-27 07:15:00+00:00,199.20915,199.55325
2024-01-27 07:30:00+00:00,200.79298,191.17947
2024-01-27 07:45:00+00:00,193.13675,179.43971
2024-01-27 08:00:00+00:00,191.15433,174.9367
2024-01-27 08:15:00+00:00,182.0899,163.26126
2024-01-27 08:30:00+00:00,175.43172,157.23912
2024-01-27 08:45:00+00:00,162.48134,151.46146
2024-01-27 09:00:00+00:00,148.79794,149.50697
2024-01-27 09:15:00+00:00,159.37679,140.91185
2024-01-27 09:30:00+00:00,150.61523,131.73404
2024-01-27 09:45:00+00:00,136.33133,130.38895
2024-01-27 10:00:00+00:00,121.76031,114.36775
2024-01-27 10:15:00+00:00,117.70503,112.65088
2024-01-27 10:30:00+00:00,124.54095,119.43081
2024-01-27 10:45:00+00:00,115.260925,117.143234
2024-01-27 11:00:00+00:00,113.62662,126.645935
2024-01-27 11:15:00+00:00,117.594604,124.874596
2024-01-27 11:30:00+00:00,118.55058,116.75779
2024-01-27 11:45:00+00:00,109.8616,110.66445
2024-01-27 12:00:00+00:00,109.04445,110.32146
2024-01-27 12:15:00+00:00,105.91465,108.258865
2024-01-27 12:30:00+00:00,99.7497,106.55121
2024-01-27 12:45:00+00:00,101.88356,102.90019
2024-01-27 13:00:00+00:00,99.701324,102.81677
2024-01-27 13:15:00+00:00,103.6893,103.09967
2024-01-27 13:30:00+00:00,103.81655,101.334785
2024-01-27 13:45:00+00:00,107.55422,102.35787
2024-01-27 14:00:00+00:00,112.24366,103.42812
2024-01-27 14:15:00+00:00,118.45172,108.92698
2024-01-27 14:30:00+00:00,115.99079,110.88922
2024-01-27 14:45:00+00:00,122.57957,115.14404
2024-01-27 15:00:00+00:00,141.59709,119.06123
2024-01-27 15:15:00+00:00,149.24174,130.19505
2024-01-27 15:30:00+00:00,154.13626,139.19136
2024-01-27 15:45:00+00:00,166.86894,149.99556
2024-01-27 16:00:00+00:00,174.542,158.27068
2024-01-27 16:15:00+00:00,187.13376,171.73328
2024-01-27 16:30:00+00:00,197.10052,182.368
2024-01-27 16:45:00+00:00,205.27208,198.40634
2024-01-27 17:00:00+00:00,211.24036,201.52768
2024-01-27 17:15:00+00:00,209.84268,206.4154
2024-01-27 17:30:00+00:00,200.45538,214.36494
2024-01-27 17:45:00+00:00,200.19772,211.87839
2024-01-27 18:00:00+00:00,200.4028,205.35852
2024-01-27 18:15:00+00:00,195.78699,203.56647
2024-01-27 18:30:00+00:00,196.4222,199.12305
2024-01-27 18:45:00+00:00,188.11603,194.82227
2024-01-27 19:00:00+00:00,204.05109,199.03464
2024-01-27 19:15:00+00:00,205.92412,201.47815
2024-01-27 19:30:00+00:00,201.0948,205.18852
2024-01-27 19:45:00+00:00,202.6166,204.131
2024-01-27 20:00:00+00:00,190.88931,203.22688
2024-01-27 20:15:00+00:00,189.29916,196.84052
2024-01-27 20:30:00+00:00,204.20778,196.21652
2024-01-27 20:45:00+00:00,204.24144,189.78328
2024-01-27 21:00:00+00:00,184.48143,181.82385
2024-01-27 21:15:00+00:00,194.57019,190.05222
2024-01-27 21:30:00+00:00,197.60428,202.87312
2024-01-27 21:45:00+00:00,193.45436,213.82974
2024-01-27 22:00:00+00:00,189.21294,207.55779
2024-01-27 22:15:00+00:00,200.60367,201.77634
2024-01-27 22:30:00+00:00,191.8169,195.67555
2024-01-27 22:45:00+00:00,193.90132,206.72278
2024-01-27 23:00:00+00:00,219.81366,226.41162
2024-01-27 23:15:00+00:00,210.10664,220.2769
2024-01-27 23:30:00+00:00,208.07271,207.32864
2024-01-27 23:45:00+00:00,205.57286,200.38739
2024-01-28 00:00:00+00:00,197.50017,205.43661
2024-01-28 00:15:00+00:00,189.99854,193.73454
2024-01-28 00:30:00+00:00,198.54448,184.92136
2024-01-28 00:45:00+00:00,200.34496,197.11992
2024-01-28 01:00:00+00:00,235.15135,251.16138
2024-01-28 01:15:00+00:00,231.24962,247.23418
2024-01-28 01:30:00+00:00,242.74448,252.78568
2024-01-28 01:45:00+00:00,236.3387,238.74002
2024-01-28 02:00:00+00:00,218.75461,222.47
2024-01-28 02:15:00+00:00,205.89467,213.94719
2024-01-28 02:30:00+00:00,200.22191,208.09248
2024-01-28 02:45:00+00:00,192.1366,204.80977
2024-01-28 03:00:00+00:00,203.5589,199.58548
2024-01-28 03:15:00+00:00,203.78185,194.57405
2024-01-28 03:30:00+00:00,200.25873,189.43027
2024-01-28 03:45:00+00:00,200.60683,192.31192
2024-01-28 04:00:00+00:00,194.00229,193.7308
2024-01-28 04:15:00+00:00,197.74626,191.40327
2024-01-28 04:30:00+00:00,190.9766,190.80884
2024-01-28 04:45:00+00:00,196.5463,191.6561
2024-01-28 05:00:00+00:00,201.34511,193.61066
2024-01-28 05:15:00+00:00,192.21863,201.51482
2024-01-28 05:30:00+00:00,188.64607,205.45512
2024-01-28 05:45:00+00:00,186.72255,204.87727
2024-01-28 06:00:00+00:00,191.76431,199.91295
2024-01-28 06:15:00+00:00,189.68408,209.5507
2024-01-28 06:30:00+00:00,190.80518,214.4582
2024-01-28 06:45:00+00:00,200.3439,216.76201
2024-01-28 07:00:00+00:00,199.41423,211.78992
2024-01-28 07:15:00+00:00,196.91965,212.28458
2024-01-28 07:30:00+00:00,193.59003,208.43123
2024-01-28 07:45:00+00:00,193.20721,200.0238
2024-01-28 08:00:00+00:00,196.60834,202.58598
2024-01-28 08:15:00+00:00,209.36732,193.61629
2024-01-28 08:30:00+00:00,201.85623,187.6424
2024-01-28 08:45:00+00:00,186.91081,188.06375
2024-01-28 09:00:00+00:00,172.2809,193.04211
2024-01-28 09:15:00+00:00,185.45213,188.90068
2024-01-28 09:30:00+00:00,187.48398,180.11336
2024-01-28 09:45:00+00:00,182.75983,181.13544
2024-01-28 10:00:00+00:00,172.10211,137.09402
2024-01-28 10:15:00+00:00,171.16821,134.91267
2024-01-28 10:30:00+00:00,165.55855,142.28745
2024-01-28 10:45:00+00:00,165.21571,146.05011
2024-01-28 11:00:00+00:00,160.50102,170.01547
2024-01-28 11:15:00+00:00,159.8595,167.80713
2024-01-28 11:30:00+00:00,155.05963,160.20328
2024-01-28 11:45:00+00:00,154.70102,155.17561
2024-01-28 12:00:00+00:00,143.47855,148.54692
2024-01-28 12:15:00+00:00,137.43665,144.53674
2024-01-28 12:30:00+00:00,126.404526,142.74014
2024-01-28 12:45:00+00:00,119.08694,143.25203
2024-01-28 13:00:00+00:00,132.91862,147.39014
2024-01-28 13:15:00+00:00,131.03192,140.33084
2024-01-28 13:30:00+00:00,122.536446,138.91794
2024-01-28 13:45:00+00:00,120.731766,143.73795
2024-01-28 14:00:00+00:00,133.00908,146.97885
2024-01-28 14:15:00+00:00,134.14278,150.94882
2024-01-28 14:30:00+00:00,141.81479,150.64706
2024-01-28 14:45:00+00:00,146.15717,154.55179
2024-01-28 15:00:00+00:00,145.30951,160.4845
2024-01-28 15:15:00+00:00,156.17862,164.19016
2024-01-28 15:30:00+00:00,170.2806,176.16946
2024-01-28 15:45:00+00:00,185.2439,183.81332
2024-01-28 16:00:00+00:00,197.13943,200.61545
2024-01-28 16:15:00+00:00,221.50581,213.04074
2024-01-28 16:30:00+00:00,233.16472,223.57466
2024-01-28 16:45:00+00:00,248.90942,235.43697
2024-01-28 17:00:00+00:00,243.68573,236.63013
2024-01-28 17:15:00+00:00,250.06206,242.32185
2024-01-28 17:30:00+00:00,248.96095,247.20157
2024-01-28 17:45:00+00:00,246.34122,246.0062
2024-01-28 18:00:00+00:00,228.41745,242.53381
2024-01-28 18:15:00+00:00,226.43187,237.0747
2024-01-28 18:30:00+00:00,233.97873,231.97295
2024-01-28 18:45:00+00:00,232.35388,228.59615
2024-01-28 19:00:00+00:00,244.53654,232.16476
2024-01-28 19:15:00+00:00,252.15912,233.94109
2024-01-28 19:30:00+00:00,232.3686,237.98682
2024-01-28 19:45:00+00:00,229.46597,233.83757
2024-01-28 20:00:00+00:00,237.79001,233.38899
2024-01-28 20:15:00+00:00,232.92073,227.50276
2024-01-28 20:30:00+00:00,229.13995,224.78911
2024-01-28 20:45:00+00:00,211.87137,219.05301
2024-01-28 21:00:00+00:00,220.52249,210.8483
2024-01-28 21:15:00+00:00,223.1906,216.2791
2024-01-28 21:30:00+00:00,228.5121,225.16513
2024-01-28 21:45:00+00:00,236.528,235.3875
2024-01-28 22:00:00+00:00,222.02324,221.03589
2024-01-28 22:15:00+00:00,210.69244,214.76086
2024-01-28 22:30:00+00:00,211.53903,209.79446
2024-01-28 22:45:00+00:00,223.08017,219.88188
2024-01-28 23:00:00+00:00,232.7735,240.38904
2024-01-28 23:15:00+00:00,235.89488,227.67207
2024-01-28 23:30:00+00:00,223.24634,209.49844
2024-01-28 23:45:00+00:00,218.24666,207.81465
2024-01-29 00:00:00+00:00,213.73827,215.04558
2024-01-29 00:15:00+00:00,205.41797,202.56682
2024-01-29 00:30:00+00:00,198.96078,188.71533
2024-01-29 00:45:00+00:00,205.18704,202.02621
2024-01-29 01:00:00+00:00,236.99525,251.63187
2024-01-29 01:15:00+00:00,229.39722,249.36758
2024-01-29 01:30:00+00:00,232.90733,257.86752
2024-01-29 01:45:00+00:00,220.97464,248.46782
2024-01-29 02:00:00+00:00,223.32912,232.41643
2024-01-29 02:15:00+00:00,220.17224,224.49088
2024-01-29 02:30:00+00:00,210.68999,221.36707
2024-01-29 02:45:00+00:00,213.97551,217.31306
2024-01-29 03:00:00+00:00,207.00063,216.27518
2024-01-29 03:15:00+00:00,198.68349,215.17761
2024-01-29 03:30:00+00:00,193.80792,208.34758
2024-01-29 03:45:00+00:00,202.28427,209.19614
2024-01-29 04:00:00+00:00,205.75221,217.81702
2024-01-29 04:15:00+00:00,220.78062,218.89001
2024-01-29 04:30:00+00:00,222.14081,219.5218
2024-01-29 04:45:00+00:00,219.28337,218.4603
2024-01-29 05:00:00+00:00,235.1996,224.39627
2024-01-29 05:15:00+00:00,248.54309,233.74387
2024-01-29 05:30:00+00:00,245.99037,234.95052
2024-01-29 05:45:00+00:00,236.59775,236.30411
2024-01-29 06:00:00+00:00,232.31053,225.36557
2024-01-29 06:15:00+00:00,232.3232,231.67233
2024-01-29 06:30:00+00:00,243.80249,236.18889
2024-01-29 06:45:00+00:00,245.25124,236.46475
2024-01-29 07:00:00+00:00,232.67009,229.75056
2024-01-29 07:15:00+00:00,228.25635,227.9959
2024-01-29 07:30:00+00:00,230.10577,220.54361
2024-01-29 07:45:00+00:00,226.81815,216.99503
2024-01-29 08:00:00+00:00,213.63283,211.37566
2024-01-29 08:15:00+00:00,201.3796,201.88329
2024-01-29 08:30:00+00:00,186.52304,193.4478
2024-01-29 08:45:00+00:00,175.8335,189.58951
2024-01-29 09:00:00+00:00,181.30269,185.57405
2024-01-29 09:15:00+00:00,184.1285,181.13553
2024-01-29 09:30:00+00:00,172.76411,173.11235
2024-01-29 09:45:00+00:00,163.49802,166.939
2024-01-29 10:00:00+00:00,106.665634,116.97467
2024-01-29 10:15:00+00:00,107.57347,116.02757
2024-01-29 10:30:00+00:00,106.470566,118.55328
2024-01-29 10:45:00+00:00,106.998825,123.91313
2024-01-29 11:00:00+00:00,164.33627,178.48325
2024-01-29 11:15:00+00:00,178.98193,180.04083
2024-01-29 11:30:00+00:00,166.12454,164.9658
2024-01-29 11:45:00+00:00,153.63512,156.61598
2024-01-29 12:00:00+00:00,135.73344,143.87668
2024-01-29 12:15:00+00:00,134.26782,133.72993
2024-01-29 12:30:00+00:00,124.43867,130.60849
2024-01-29 12:45:00+00:00,113.63208,132.69373
2024-01-29 13:00:00+00:00,117.89188,133.40143
2024-01-29 13:15:00+00:00,121.72041,129.01414
2024-01-29 13:30:00+00:00,120.700806,125.64773
2024-01-29 13:45:00+00:00,115.06502,128.90976
2024-01-29 14:00:00+00:00,112.12112,131.02594
2024-01-29 14:15:00+00:00,117.105286,137.85698
2024-01-29 14:30:00+00:00,127.659874,137.16945
2024-01-29 14:45:00+00:00,131.72672,137.73328
2024-01-29 15:00:00+00:00,133.76065,141.48886
2024-01-29 15:15:00+00:00,140.00589,147.0604
2024-01-29 15:30:00+00:00,143.3705,158.6385
2024-01-29 15:45:00+00:00,152.25069,167.41934
2024-01-29 16:00:00+00:00,165.89362,177.22566
2024-01-29 16:15:00+00:00,183.14684,188.64319
2024-01-29 16:30:00+00:00,181.86469,194.16495
2024-01-29 16:45:00+00:00,192.40239,207.04343
2024-01-29 17:00:00+00:00,194.46692,212.48352
2024-01-29 17:15:00+00:00,201.09174,223.49394
2024-01-29 17:30:00+00:00,202.57108,224.41357
2024-01-29 17:45:00+00:00,220.11635,234.61575
2024-01-29 18:00:00+00:00,211.69482,236.68912
2024-01-29 18:15:00+00:00,223.85,233.30782
2024-01-29 18:30:00+00:00,212.24945,227.94917
2024-01-29 18:45:00+00:00,218.80573,220.34872
2024-01-29 19:00:00+00:00,231.71902,231.58096
2024-01-29 19:15:00+00:00,224.12625,237.15556
2024-01-29 19:30:00+00:00,222.51935,242.45541
2024-01-29 19:45:00+00:00,226.70322,239.91895
2024-01-29 20:00:00+00:00,237.17978,239.65543
2024-01-29 20:15:00+00:00,227.63531,234.99907
2024-01-29 20:30:00+00:00,216.93205,228.18315
2024-01-29 20:45:00+00:00,219.57756,220.2633
2024-01-29 21:00:00+00:00,217.3496,211.59077
2024-01-29 21:15:00+00:00,225.19226,216.69388
2024-01-29 21:30:00+00:00,231.11273,224.12675
2024-01-29 21:45:00+00:00,231.65154,231.07959
2024-01-29 22:00:00+00:00,212.41815,218.55908
2024-01-29 22:15:00+00:00,213.48943,218.77795
2024-01-29 22:30:00+00:00,211.04848,207.41617
2024-01-29 22:45:00+00:00,213.89537,215.11516
2024-01-29 23:00:00+00:00,228.39238,235.64534
2024-01-29 23:15:00+00:00,227.63109,225.90141
2024-01-29 23:30:00+00:00,223.64229,212.32954
2024-01-29 23:45:00+00:00,205.3062,206.22441
2024-01-30 00:00:00+00:00,203.2213,202.88675
2024-01-30 00:15:00+00:00,211.37183,190.63338
2024-01-30 00:30:00+00:00,201.14003,174.62239
2024-01-30 00:45:00+00:00,210.52101,190.06743
2024-01-30 01:00:00+00:00,233.72737,234.67422
2024-01-30 01:15:00+00:00,222.24724,235.92984
2024-01-30 01:30:00+00:00,242.7571,242.05193
2024-01-30 01:45:00+00:00,231.20755,236.06165
2024-01-30 02:00:00+00:00,216.06232,221.68985
2024-01-30 02:15:00+00:00,204.42337,214.55737
2024-01-30 02:30:00+00:00,201.64484,212.6202
2024-01-30 02:45:00+00:00,193.41754,208.40913
2024-01-30 03:00:00+00:00,200.87502,208.22153
2024-01-30 03:15:00+00:00,205.2542,210.98433
2024-01-30 03:30:00+00:00,210.13715,202.72565
2024-01-30 03:45:00+00:00,211.20355,204.13596
2024-01-30 04:00:00+00:00,217.54834,211.56404
2024-01-30 04:15:00+00:00,218.56425,209.06949
2024-01-30 04:30:00+00:00,220.89058,212.44002
2024-01-30 04:45:00+00:00,227.12914,215.45683
2024-01-30 05:00:00+00:00,234.13437,224.03897
2024-01-30 05:15:00+00:00,246.89546,228.46774
2024-01-30 05:30:00+00:00,230.45454,231.80197
2024-01-30 05:45:00+00:00,228.35434,228.81094
2024-01-30 06:00:00+00:00,226.56123,217.22664
2024-01-30 06:15:00+00:00,233.8031,219.55185
2024-01-30 06:30:00+00:00,232.24661,222.93091
2024-01-30 06:45:00+00:00,232.32338,224.11362
2024-01-30 07:00:00+00:00,228.11877,219.39595
2024-01-30 07:15:00+00:00,220.34686,215.50623
2024-01-30 07:30:00+00:00,210.83968,203.63632
2024-01-30 07:45:00+00:00,210.33907,199.16759
2024-01-30 08:00:00+00:00,202.5903,186.43271
2024-01-30 08:15:00+00:00,196.67986,173.16252
2024-01-30 08:30:00+00:00,185.09561,165.75851
2024-01-30 08:45:00+00:00,183.33089,154.3239
2024-01-30 09:00:00+00:00,170.84955,149.77998
2024-01-30 09:15:00+00:00,156.13235,143.92566
2024-01-30 09:30:00+00:00,138.83223,136.6835
2024-01-30 09:45:00+00:00,125.71988,129.05
2024-01-30 10:00:00+00:00,78.4595,80.79631
2024-01-30 10:15:00+00:00,82.37806,74.54488
2024-01-30 10:30:00+00:00,82.53581,79.31648
2024-01-30 10:45:00+00:00,79.29664,84.33524
2024-01-30 11:00:00+00:00,125.31814,137.90182
2024-01-30 11:15:00+00:00,137.7206,138.45987
2024-01-30 11:30:00+00:00,125.56739,121.410545
2024-01-30 11:45:00+00:00,105.403534,106.921036
2024-01-30 12:00:00+00:00,96.29073,102.540955
2024-01-30 12:15:00+00:00,90.96503,90.62663
2024-01-30 12:30:00+00:00,93.65312,89.26201
2024-01-30 12:45:00+00:00,89.83868,92.77949
2024-01-30 13:00:00+00:00,85.70452,89.071945
2024-01-30 13:15:00+00:00,84.471954,86.17353
2024-01-30 13:30:00+00:00,82.781906,84.61263
2024-01-30 13:45:00+00:00,87.33989,86.41969
2024-01-30 14:00:00+00:00,95.974174,86.92775
2024-01-30 14:15:00+00:00,91.86105,94.15541
2024-01-30 14:30:00+00:00,94.198944,95.38294
2024-01-30 14:45:00+00:00,102.127556,94.062126
2024-01-30 15:00:00+00:00,107.83397,97.76644
2024-01-30 15:15:00+00:00,110.224434,105.352455
2024-01-30 15:30:00+00:00,129.98444,112.21623
2024-01-30 15:45:00+00:00,137.22316,119.67247
2024-01-30 16:00:00+00:00,135.755,130.85881
2024-01-30 16:15:00+00:00,143.34077,139.74037
2024-01-30 16:30:00+00:00,147.16573,145.85353
2024-01-30 16:45:00+00:00,156.1029,155.42407
2024-01-30 17:00:00+00:00,170.0324,167.5383
2024-01-30 17:15:00+00:00,171.97485,179.8728
2024-01-30 17:30:00+00:00,164.82974,180.05496
2024-01-30 17:45:00+00:00,183.77576,189.16344
2024-01-30 18:00:00+00:00,183.39189,189.94081
2024-01-30 18:15:00+00:00,176.82204,185.75244
2024-01-30 18:30:00+00:00,177.53613,181.4228
2024-01-30 18:45:00+00:00,172.51646,176.80753
2024-01-30 19:00:00+00:00,189.76611,191.11848
2024-01-30 19:15:00+00:00,189.80608,198.54135
2024-01-30 19:30:00+00:00,199.32272,200.154
2024-01-30 19:45:00+00:00,192.52151,200.49472
2024-01-30 20:00:00+00:00,195.32425,198.69815
2024-01-30 20:15:00+00:00,188.37474,189.19331
2024-01-30 20:30:00+00:00,183.35612,186.87593
2024-01-30 20:45:00+00:00,180.3641,177.49734
2024-01-30 21:00:00+00:00,178.52261,170.95116
2024-01-30 21:15:00+00:00,187.4377,176.24
2024-01-30 21:30:00+00:00,183.7442,185.57466
2024-01-30 21:45:00+00:00,199.66452,191.50156
2024-01-30 22:00:00+00:00,191.99568,180.29129
2024-01-30 22:15:00+00:00,186.2861,178.87971
2024-01-30 22:30:00+00:00,171.7172,167.12344
2024-01-30 22:45:00+00:00,180.44614,176.69951
2024-01-30 23:00:00+00:00,204.19095,200.46123
2024-01-30 23:15:00+00:00,200.30815,189.5062
2024-01-30 23:30:00+00:00,195.27376,178.11287
2024-01-30 23:45:00+00:00,188.00455,167.11691
2024-01-31 00:00:00+00:00,180.41324,179.25883
2024-01-31 00:15:00+00:00,174.34285,169.71985
2024-01-31 00:30:00+00:00,164.03883,157.9117
2024-01-31 00:45:00+00:00,169.71585,169.5123
2024-01-31 01:00:00+00:00,193.98586,215.58878
2024-01-31 01:15:00+00:00,197.8555,215.09004
2024-01-31 01:30:00+00:00,197.87123,221.3793
2024-01-31 01:45:00+00:00,184.44443,212.28658
2024-01-31 02:00:00+00:00,182.20488,198.75821
2024-01-31 02:15:00+00:00,170.67041,191.42679
2024-01-31 02:30:00+00:00,172.78828,188.94028
2024-01-31 02:45:00+00:00,167.65569,186.30676
2024-01-31 03:00:00+00:00,167.28749,185.78082
2024-01-31 03:15:00+00:00,177.109,183.07643
2024-01-31 03:30:00+00:00,177.30304,182.08032
2024-01-31 03:45:00+00:00,171.96484,184.6895
2024-01-31 04:00:00+00:00,181.60068,187.4779
2024-01-31 04:15:00+00:00,192.2152,191.67212
2024-01-31 04:30:00+00:00,194.24915,195.2014
2024-01-31 04:45:00+00:00,194.93727,197.09221
2024-01-31 05:00:00+00:00,207.0172,202.54141
2024-01-31 05:15:00+00:00,215.88518,207.70769
2024-01-31 05:30:00+00:00,216.36665,212.10196
2024-01-31 05:45:00+00:00,206.29445,210.49626
2024-01-31 06:00:00+00:00,197.5964,202.21048
2024-01-31 06:15:00+00:00,200.88177,204.87259
2024-01-31 06:30:00+00:00,205.70074,204.74777
2024-01-31 06:45:00+00:00,209.29451,208.52583
2024-01-31 07:00:00+00:00,211.01062,206.63733
2024-01-31 07:15:00+00:00,200.09924,201.19931
2024-01-31 07:30:00+00:00,192.94423,196.93704
2024-01-31 07:45:00+00:00,182.76608,186.51216
2024-01-31 08:00:00+00:00,175.39603,181.25755
2024-01-31 08:15:00+00:00,164.3231,168.51683
2024-01-31 08:30:00+00:00,150.42636,161.06686
2024-01-31 08:45:00+00:00,154.23936,151.16943
2024-01-31 09:00:00+00:00,148.83612,151.06465
2024-01-31 09:15:00+00:00,146.16965,144.53728
2024-01-31 09:30:00+00:00,132.9862,137.83966
2024-01-31 09:45:00+00:00,129.14592,129.26357
2024-01-31 10:00:00+00:00,90.97184,85.44245
2024-01-31 10:15:00+00:00,90.74526,82.50725
2024-01-31 10:30:00+00:00,92.86733,87.946205
2024-01-31 10:45:00+00:00,94.07469,92.45307
2024-01-31 11:00:00+00:00,149.35536,139.76778
2024-01-31 11:15:00+00:00,138.04433,135.5001
2024-01-31 11:30:00+00:00,127.3417,119.01206
2024-01-31 11:45:00+00:00,121.688805,107.354294
2024-01-31 12:00:00+00:00,103.78605,100.71357
2024-01-31 12:15:00+00:00,87.81235,89.04399
2024-01-31 12:30:00+00:00,93.32783,88.494156
2024-01-31 12:45:00+00:00,87.48087,88.60467
2024-01-31 13:00:00+00:00,82.48568,88.75049
2024-01-31 13:15:00+00:00,82.78779,85.27535
2024-01-31 13:30:00+00:00,88.69663,79.91847
2024-01-31 13:45:00+00:00,78.381065,81.57271
2024-01-31 14:00:00+00:00,80.517815,81.03745
2024-01-31 14:15:00+00:00,88.22774,84.72906
2024-01-31 14:30:00+00:00,90.13057,83.93797
2024-01-31 14:45:00+00:00,84.24271,82.51139
2024-01-31 15:00:00+00:00,95.30304,84.82777
2024-01-31 15:15:00+00:00,105.03327,92.93764
2024-01-31 15:30:00+00:00,116.17438,101.817444
2024-01-31 15:45:00+00:00,118.4349,108.04061
2024-01-31 16:00:00+00:00,135.85828,122.718544
2024-01-31 16:15:00+00:00,149.76761,135.99773
2024-01-31 16:30:00+00:00,160.25835,143.30966
2024-01-31 16:45:00+00:00,168.67108,161.4943
2024-01-31 17:00:00+00:00,166.37698,168.54666
2024-01-31 17:15:00+00:00,178.09187,179.07521
2024-01-31 17:30:00+00:00,181.47165,188.1146
2024-01-31 17:45:00+00:00,185.10948,196.35425
2024-01-31 18:00:00+00:00,188.80185,196.48323
2024-01-31 18:15:00+00:00,184.47485,196.2767
2024-01-31 18:30:00+00:00,186.53293,188.31996
2024-01-31 18:45:00+00:00,177.13835,185.82986
2024-01-31 19:00:00+00:00,185.85634,201.56683
2024-01-31 19:15:00+00:00,205.54129,210.47452
2024-01-31 19:30:00+00:00,206.23781,214.93997
2024-01-31 19:45:00+00:00,197.73906,213.74112
2024-01-31 20:00:00+00:00,212.32288,214.40898
2024-01-31 20:15:00+00:00,201.66956,205.6739
2024-01-31 20:30:00+00:00,194.88167,202.84135
2024-01-31 20:45:00+00:00,194.53656,194.21506
2024-01-31 21:00:00+00:00,191.78406,183.28084
2024-01-31 21:15:00+00:00,203.92169,190.61348
2024-01-31 21:30:00+00:00,208.43016,205.02193
2024-01-31 21:45:00+00:00,219.45377,212.94214
2024-01-31 22:00:00+00:00,215.25894,199.04039
2024-01-31 22:15:00+00:00,202.16151,193.69516
2024-01-31 22:30:00+00:00,189.39452,184.28162
2024-01-31 22:45:00+00:00,191.61937,196.06194
2024-01-31 23:00:00+00:00,206.31229,216.90176
2024-01-31 23:15:00+00:00,203.04999,204.48392
2024-01-31 23:30:00+00:00,194.36137,193.15793
2024-01-31 23:45:00+00:00,181.71501,183.1494
2024-02-01 00:00:00+00:00,173.21732,170.78
2024-02-01 00:15:00+00:00,152.95543,157.09663
2024-02-01 00:30:00+00:00,157.43977,142.0926
2024-02-01 00:45:00+00:00,157.95062,155.59698
2024-02-01 01:00:00+00:00,186.19936,202.55386
2024-02-01 01:15:00+00:00,183.94408,201.23361
2024-02-01 01:30:00+00:00,186.84972,206.24504
2024-02-01 01:45:00+00:00,176.32436,193.62971
2024-02-01 02:00:00+00:00,173.95998,181.79958
2024-02-01 02:15:00+00:00,168.95955,179.97534
2024-02-01 02:30:00+00:00,161.29997,175.51141
2024-02-01 02:45:00+00:00,149.25676,168.92363
2024-02-01 03:00:00+00:00,143.08357,161.2536
2024-02-01 03:15:00+00:00,140.64053,158.63437
2024-02-01 03:30:00+00:00,149.1225,157.56226
2024-02-01 03:45:00+00:00,150.67181,161.81973
2024-02-01 04:00:00+00:00,151.69562,170.14114
2024-02-01 04:15:00+00:00,157.60341,168.65068
2024-02-01 04:30:00+00:00,162.82727,169.37962
2024-02-01 04:45:00+00:00,167.11336,170.15921
2024-02-01 05:00:00+00:00,171.69945,176.47873
2024-02-01 05:15:00+00:00,174.74251,185.80728
2024-02-01 05:30:00+00:00,168.32806,185.71895
2024-02-01 05:45:00+00:00,168.56198,184.26021
2024-02-01 06:00:00+00:00,162.58182,171.84851
2024-02-01 06:15:00+00:00,163.42728,174.78712
2024-02-01 06:30:00+00:00,173.61697,177.02779
2024-02-01 06:45:00+00:00,172.31625,175.44131
2024-02-01 07:00:00+00:00,162.04474,172.93452
2024-02-01 07:15:00+00:00,164.03253,169.33987
2024-02-01 07:30:00+00:00,161.69858,164.0106
2024-02-01 07:45:00+00:00,155.45407,164.3844
2024-02-01 08:00:00+00:00,158.60727,162.71616
2024-02-01 08:15:00+00:00,151.79842,154.72745
2024-02-01 08:30:00+00:00,158.79085,150.39426
2024-02-01 08:45:00+00:00,159.63211,150.38718
2024-02-01 09:00:00+00:00,162.55873,151.67154
2024-02-01 09:15:00+00:00,151.57184,150.07852
2024-02-01 09:30:00+00:00,145.25075,145.67844
2024-02-01 09:45:00+00:00,147.66338,143.79422
2024-02-01 10:00:00+00:00,107.614784,96.084656
2024-02-01 10:15:00+00:00,106.92247,100.0616
2024-02-01 10:30:00+00:00,111.65227,104.24327
2024-02-01 10:45:00+00:00,117.260056,113.448654
2024-02-01 11:00:00+00:00,187.91022,173.36148
2024-02-01 11:15:00+00:00,181.45592,174.34575
2024-02-01 11:30:00+00:00,167.684,159.85603
2024-02-01 11:45:00+00:00,159.50204,152.03865
2024-02-01 12:00:00+00:00,159.6059,151.18118
2024-02-01 12:15:00+00:00,138.23839,141.82774
2024-02-01 12:30:00+00:00,141.81223,143.22926
2024-02-01 12:45:00+00:00,141.5332,146.001
2024-02-01 13:00:00+00:00,144.2689,147.67151
2024-02-01 13:15:00+00:00,146.28609,143.99483
2024-02-01 13:30:00+00:00,149.62285,141.89339
2024-02-01 13:45:00+00:00,148.4459,143.42944
2024-02-01 14:00:00+00:00,145.82138,143.42848
2024-02-01 14:15:00+00:00,146.20216,147.42117
2024-02-01 14:30:00+00:00,149.28822,149.87378
2024-02-01 14:45:00+00:00,144.71472,146.75302
2024-02-01 15:00:00+00:00,150.75679,146.80807
2024-02-01 15:15:00+00:00,159.26288,148.66968
2024-02-01 15:30:00+00:00,167.84134,153.13089
2024-02-01 15:45:00+00:00,166.12523,156.74713
2024-02-01 16:00:00+00:00,172.01309,161.25764
2024-02-01 16:15:00+00:00,176.3789,167.78532
2024-02-01 16:30:00+00:00,179.31812,173.55957
2024-02-01 16:45:00+00:00,176.7943,179.19315
2024-02-01 17:00:00+00:00,183.95561,182.91943
2024-02-01 17:15:00+00:00,186.60844,187.63547
2024-02-01 17:30:00+00:00,185.62137,185.42195
2024-02-01 17:45:00+00:00,192.2949,195.26756
2024-02-01 18:00:00+00:00,199.20552,194.32198
2024-02-01 18:15:00+00:00,190.28824,190.31894
2024-02-01 18:30:00+00:00,186.2476,184.8035
2024-02-01 18:45:00+00:00,177.77823,186.38342
2024-02-01 19:00:00+00:00,194.42642,202.69128
2024-02-01 19:15:00+00:00,204.63078,206.55025
2024-02-01 19:30:00+00:00,207.48398,206.94925
2024-02-01 19:45:00+00:00,205.35562,204.5525
2024-02-01 20:00:00+00:00,210.80083,207.01382
2024-02-01 20:15:00+00:00,190.16132,203.01486
2024-02-01 20:30:00+00:00,178.76007,198.22067
2024-02-01 20:45:00+00:00,175.66771,187.32895
2024-02-01 21:00:00+00:00,173.05891,180.6865
2024-02-01 21:15:00+00:00,184.25981,189.89557
2024-02-01 21:30:00+00:00,194.81453,200.19563
2024-02-01 21:45:00+00:00,198.76915,205.69868
2024-02-01 22:00:00+00:00,181.27025,193.22203
2024-02-01 22:15:00+00:00,182.87308,190.20456
2024-02-01 22:30:00+00:00,161.21501,177.54843
2024-02-01 22:45:00+00:00,162.14545,184.92029
2024-02-01 23:00:00+00:00,183.22133,207.14436
2024-02-01 23:15:00+00:00,185.82277,197.14145
2024-02-01 23:30:00+00:00,174.88518,183.33951
2024-02-01 23:45:00+00:00,169.6634,177.76236
2024-02-02 00:00:00+00:00,156.83766,169.34018
2024-02-02 00:15:00+00:00,146.05112,151.93286
2024-02-02 00:30:00+00:00,141.15977,132.2153
2024-02-02 00:45:00+00:00,150.38754,146.03584
2024-02-02 01:00:00+00:00,184.58289,196.42868
2024-02-02 01:15:00+00:00,178.36775,196.19267
2024-02-02 01:30:00+00:00,183.7175,202.27223
2024-02-02 01:45:00+00:00,174.97433,189.55359
2024-02-02 02:00:00+00:00,163.73149,176.80257
2024-02-02 02:15:00+00:00,156.0436,169.53249
2024-02-02 02:30:00+00:00,160.66745,162.63672
2024-02-02 02:45:00+00:00,148.30954,158.15666
2024-02-02 03:00:00+00:00,154.63902,157.45557
2024-02-02 03:15:00+00:00,160.82584,156.34308
2024-02-02 03:30:00+00:00,150.41797,152.65598
2024-02-02 03:45:00+00:00,145.31998,155.34
2024-02-02 04:00:00+00:00,177.18765,162.33856
2024-02-02 04:15:00+00:00,163.6696,161.25357
2024-02-02 04:30:00+00:00,165.72137,164.09633
2024-02-02 04:45:00+00:00,166.86476,163.97192
2024-02-02 05:00:00+00:00,181.62794,174.2562
2024-02-02 05:15:00+00:00,177.4027,184.0906
2024-02-02 05:30:00+00:00,175.38239,185.06491
2024-02-02 05:45:00+00:00,179.23419,184.743
2024-02-02 06:00:00+00:00,172.37918,177.93039
2024-02-02 06:15:00+00:00,162.39615,177.64981
2024-02-02 06:30:00+00:00,168.29974,180.49129
2024-02-02 06:45:00+00:00,166.0025,181.8655
2024-02-02 07:00:00+00:00,167.00217,178.80367
2024-02-02 07:15:00+00:00,162.2839,171.3553
2024-02-02 07:30:00+00:00,177.33032,165.90488
2024-02-02 07:45:00+00:00,168.09834,163.40303
2024-02-02 08:00:00+00:00,151.02951,160.11838
2024-02-02 08:15:00+00:00,142.89687,149.58304
2024-02-02 08:30:00+00:00,142.44266,142.09813
2024-02-02 08:45:00+00:00,140.88074,137.26237
2024-02-02 09:00:00+00:00,138.72931,137.13654
2024-02-02 09:15:00+00:00,138.84679,133.227
2024-02-02 09:30:00+00:00,133.75719,126.85793
2024-02-02 09:45:00+00:00,126.16476,122.06471
2024-02-02 10:00:00+00:00,91.80263,76.400055
2024-02-02 10:15:00+00:00,92.702644,77.1313
2024-02-02 10:30:00+00:00,91.33688,83.014946
2024-02-02 10:45:00+00:00,91.88864,95.75096
2024-02-02 11:00:00+00:00,137.0604,158.33032
2024-02-02 11:15:00+00:00,134.43903,151.75449
2024-02-02 11:30:00+00:00,118.32162,130.44633
2024-02-02 11:45:00+00:00,107.47737,121.22671
2024-02-02 12:00:00+00:00,98.89471,119.00275
2024-02-02 12:15:00+00:00,94.59393,110.57637
2024-02-02 12:30:00+00:00,95.75724,110.498886
2024-02-02 12:45:00+00:00,97.49958,116.123375
2024-02-02 13:00:00+00:00,99.42024,112.66907
2024-02-02 13:15:00+00:00,107.777374,110.86289
2024-02-02 13:30:00+00:00,104.26648,106.34462
2024-02-02 13:45:00+00:00,94.64533,107.224045
2024-02-02 14:00:00+00:00,92.26627,105.44395
2024-02-02 14:15:00+00:00,98.582115,113.57942
2024-02-02 14:30:00+00:00,106.699036,117.454636
2024-02-02 14:45:00+00:00,110.611694,119.41504
2024-02-02 15:00:00+00:00,112.787254,121.753296
2024-02-02 15:15:00+00:00,119.1461,127.28384
2024-02-02 15:30:00+00:00,121.0783,134.61356
2024-02-02 15:45:00+00:00,145.8067,140.56764
2024-02-02 16:00:00+00:00,155.87785,151.91023
2024-02-02 16:15:00+00:00,165.05423,160.97388
2024-02-02 16:30:00+00:00,166.65916,168.70486
2024-02-02 16:45:00+00:00,180.5559,173.85153
2024-02-02 17:00:00+00:00,183.51608,180.07602
2024-02-02 17:15:00+00:00,190.34277,188.04013
2024-02-02 17:30:00+00:00,184.07204,189.39868
2024-02-02 17:45:00+00:00,201.48073,202.60562
2024-02-02 18:00:00+00:00,196.33449,203.64604
2024-02-02 18:15:00+00:00,208.86862,199.24889
2024-02-02 18:30:00+00:00,215.11104,196.90884
2024-02-02 18:45:00+00:00,206.63956,193.43457
2024-02-02 19:00:00+00:00,212.21379,208.68372
2024-02-02 19:15:00+00:00,217.83626,219.21318
2024-02-02 19:30:00+00:00,217.62752,220.80212
2024-02-02 19:45:00+00:00,218.16144,221.91284
2024-02-02 20:00:00+00:00,204.764,224.80704
2024-02-02 20:15:00+00:00,190.28824,216.87918
2024-02-02 20:30:00+00:00,192.58968,210.06148
2024-02-02 20:45:00+00:00,186.75217,201.74191
2024-02-02 21:00:00+00:00,196.87157,189.92368
2024-02-02 21:15:00+00:00,200.29436,198.72
2024-02-02 21:30:00+00:00,205.65562,216.70276
2024-02-02 21:45:00+00:00,212.00294,219.18344
2024-02-02 22:00:00+00:00,196.56212,205.33284
2024-02-02 22:15:00+00:00,192.93687,201.09732
2024-02-02 22:30:00+00:00,186.62103,192.98572
2024-02-02 22:45:00+00:00,190.67111,201.58928
2024-02-02 23:00:00+00:00,211.24034,229.60825
2024-02-02 23:15:00+00:00,209.3113,217.74744
2024-02-02 23:30:00+00:00,211.59804,206.30342
2024-02-02 23:45:00+00:00,206.07523,199.96306
2024-02-03 00:00:00+00:00,190.62772,186.69847
2024-02-03 00:15:00+00:00,178.39574,173.61378
2024-02-03 00:30:00+00:00,177.68008,166.98987
2024-02-03 00:45:00+00:00,187.60817,178.11777
2024-02-03 01:00:00+00:00,220.03006,220.50809
2024-02-03 01:15:00+00:00,216.51772,215.1296
2024-02-03 01:30:00+00:00,217.09631,217.07947
2024-02-03 01:45:00+00:00,199.72923,209.30083
2024-02-03 02:00:00+00:00,187.42297,195.60672
2024-02-03 02:15:00+00:00,179.42422,188.14915
2024-02-03 02:30:00+00:00,181.4948,181.25835
2024-02-03 02:45:00+00:00,174.72855,179.20164
2024-02-03 03:00:00+00:00,177.80563,181.67642
2024-02-03 03:15:00+00:00,175.78633,181.41914
2024-02-03 03:30:00+00:00,173.88422,179.46164
2024-02-03 03:45:00+00:00,167.9236,179.90453
2024-02-03 04:00:00+00:00,172.19344,184.51176
2024-02-03 04:15:00+00:00,178.60709,178.89066
2024-02-03 04:30:00+00:00,181.46759,184.67445
2024-02-03 04:45:00+00:00,187.80905,185.28407
2024-02-03 05:00:00+00:00,188.81033,190.38794
2024-02-03 05:15:00+00:00,190.37346,193.97414
2024-02-03 05:30:00+00:00,184.69116,199.14232
2024-02-03 05:45:00+00:00,190.00623,197.39607
2024-02-03 06:00:00+00:00,185.88495,194.84592
2024-02-03 06:15:00+00:00,186.2658,194.35205
2024-02-03 06:30:00+00:00,192.89288,195.42566
2024-02-03 06:45:00+00:00,193.40765,193.62239
2024-02-03 07:00:00+00:00,198.50404,188.5435
2024-02-03 07:15:00+00:00,180.68184,182.93909
2024-02-03 07:30:00+00:00,191.1069,172.15903
2024-02-03 07:45:00+00:00,179.65964,160.29471
2024-02-03 08:00:00+00:00,165.90742,154.79836
2024-02-03 08:15:00+00:00,157.50168,143.96378
2024-02-03 08:30:00+00:00,150.35146,138.58987
2024-02-03 08:45:00+00:00,130.78929,129.47055
2024-02-03 09:00:00+00:00,123.518745,130.52556
2024-02-03 09:15:00+00:00,114.27388,123.31313
2024-02-03 09:30:00+00:00,111.4186,113.862404
2024-02-03 09:45:00+00:00,111.4186,111.468544
2024-02-03 10:00:00+00:00,114.23726,86.995865
2024-02-03 10:15:00+00:00,109.33129,86.026245
2024-02-03 10:30:00+00:00,110.25096,95.38042
2024-02-03 10:45:00+00:00,104.457756,96.14691
2024-02-03 11:00:00+00:00,100.19419,110.09862
2024-02-03 11:15:00+00:00,90.70555,107.93483
2024-02-03 11:30:00+00:00,93.38087,98.58295
2024-02-03 11:45:00+00:00,96.34391,91.74568
2024-02-03 12:00:00+00:00,96.681854,92.1797
2024-02-03 12:15:00+00:00,101.56481,89.0883
2024-02-03 12:30:00+00:00,95.5477,88.56525
2024-02-03 12:45:00+00:00,93.94062,86.93205
2024-02-03 13:00:00+00:00,91.44945,87.26036
2024-02-03 13:15:00+00:00,94.643715,84.92576
2024-02-03 13:30:00+00:00,98.65931,85.17019
2024-02-03 13:45:00+00:00,95.84484,84.24917
2024-02-03 14:00:00+00:00,92.84413,84.517166
2024-02-03 14:15:00+00:00,95.73707,89.10089
2024-02-03 14:30:00+00:00,90.840515,93.01939
2024-02-03 14:45:00+00:00,92.87133,95.54167
2024-02-03 15:00:00+00:00,101.88078,100.010895
2024-02-03 15:15:00+00:00,108.30699,109.36653
2024-02-03 15:30:00+00:00,110.41941,117.636635
2024-02-03 15:45:00+00:00,133.27733,127.53572
2024-02-03 16:00:00+00:00,133.9888,136.57498
2024-02-03 16:15:00+00:00,142.14554,148.3782
2024-02-03 16:30:00+00:00,161.2557,159.712
2024-02-03 16:45:00+00:00,178.32146,171.62396
2024-02-03 17:00:00+00:00,184.19104,176.52255
2024-02-03 17:15:00+00:00,204.8926,181.2834
2024-02-03 17:30:00+00:00,184.77277,189.22917
2024-02-03 17:45:00+00:00,177.4907,190.08484
2024-02-03 18:00:00+00:00,183.05583,185.36214
2024-02-03 18:15:00+00:00,185.6642,183.4167
2024-02-03 18:30:00+00:00,185.8023,179.41739
2024-02-03 18:45:00+00:00,196.46173,178.22195
2024-02-03 19:00:00+00:00,187.30057,183.3734
2024-02-03 19:15:00+00:00,188.56969,187.54582
2024-02-03 19:30:00+00:00,182.80473,188.86032
2024-02-03 19:45:00+00:00,188.49959,188.8303
2024-02-03 20:00:00+00:00,188.85428,188.13467
2024-02-03 20:15:00+00:00,182.2094,179.37375
2024-02-03 20:30:00+00:00,172.80864,180.40576
2024-02-03 20:45:00+00:00,170.2275,174.55936
2024-02-03 21:00:00+00:00,168.43523,167.18147
2024-02-03 21:15:00+00:00,178.01385,174.09741
2024-02-03 21:30:00+00:00,194.18085,187.35126
2024-02-03 21:45:00+00:00,189.99785,196.6336
2024-02-03 22:00:00+00:00,187.62177,191.44751
2024-02-03 22:15:00+00:00,181.54921,185.85599
2024-02-03 22:30:00+00:00,177.4384,178.79471
2024-02-03 22:45:00+00:00,181.67894,189.79182
2024-02-03 23:00:00+00:00,199.55347,208.61653
2024-02-03 23:15:00+00:00,188.47238,202.54277
2024-02-03 23:30:00+00:00,183.48167,190.49301
2024-02-03 23:45:00+00:00,178.27437,185.78195
2024-02-04 00:00:00+00:00,173.68384,170.37265
2024-02-04 00:15:00+00:00,163.0545,162.47997
2024-02-04 00:30:00+00:00,159.02026,160.41695
2024-02-04 00:45:00+00:00,165.16838,171.53171
2024-02-04 01:00:00+00:00,201.42503,207.6469
2024-02-04 01:15:00+00:00,192.91064,201.84622
2024-02-04 01:30:00+00:00,182.31812,202.45296
2024-02-04 01:45:00+00:00,170.84851,194.23222
2024-02-04 02:00:00+00:00,169.66747,181.38692
2024-02-04 02:15:00+00:00,166.77956,171.34604
2024-02-04 02:30:00+00:00,153.81445,169.84879
2024-02-04 02:45:00+00:00,156.48361,169.181
2024-02-04 03:00:00+00:00,153.48633,163.94072
2024-02-04 03:15:00+00:00,144.71216,162.62875
2024-02-04 03:30:00+00:00,147.04059,157.58887
2024-02-04 03:45:00+00:00,150.73828,160.53062
2024-02-04 04:00:00+00:00,149.3974,162.03316
2024-02-04 04:15:00+00:00,151.82887,158.50052
2024-02-04 04:30:00+00:00,167.7492,162.52287
2024-02-04 04:45:00+00:00,171.22395,161.84076
2024-02-04 05:00:00+00:00,176.69164,165.36382
2024-02-04 05:15:00+00:00,171.40063,169.05705
2024-02-04 05:30:00+00:00,164.75717,170.92108
2024-02-04 05:45:00+00:00,162.57388,168.88403
2024-02-04 06:00:00+00:00,156.43419,169.29123
2024-02-04 06:15:00+00:00,159.21378,170.87738
2024-02-04 06:30:00+00:00,166.10017,175.50941
2024-02-04 06:45:00+00:00,171.42798,176.87088
2024-02-04 07:00:00+00:00,170.00821,175.806
2024-02-04 07:15:00+00:00,165.43236,174.7129
2024-02-04 07:30:00+00:00,170.96103,169.75902
2024-02-04 07:45:00+00:00,171.29967,163.54999
2024-02-04 08:00:00+00:00,154.70418,162.53183
2024-02-04 08:15:00+00:00,161.60844,152.44759
2024-02-04 08:30:00+00:00,157.21243,147.3776
2024-02-04 08:45:00+00:00,157.0631,143.78024
2024-02-04 09:00:00+00:00,155.87259,144.36826
2024-02-04 09:15:00+00:00,144.70691,137.53535
2024-02-04 09:30:00+00:00,142.01355,132.62906
2024-02-04 09:45:00+00:00,135.04092,135.47295
2024-02-04 10:00:00+00:00,128.59517,119.083336
2024-02-04 10:15:00+00:00,118.45803,109.63004
2024-02-04 10:30:00+00:00,118.54953,114.31632
2024-02-04 10:45:00+00:00,113.88533,114.40281
2024-02-04 11:00:00+00:00,117.83439,120.37644
2024-02-04 11:15:00+00:00,114.94016,117.06283
2024-02-04 11:30:00+00:00,104.20567,111.658035
2024-02-04 11:45:00+00:00,108.30722,106.340004
2024-02-04 12:00:00+00:00,103.81235,105.06449
2024-02-04 12:15:00+00:00,101.47551,105.682556
2024-02-04 12:30:00+00:00,100.09045,103.51593
2024-02-04 12:45:00+00:00,99.54253,102.25741
2024-02-04 13:00:00+00:00,102.03185,104.43584
2024-02-04 13:15:00+00:00,100.19878,104.91823
2024-02-04 13:30:00+00:00,98.35833,103.04639
2024-02-04 13:45:00+00:00,101.908806,106.65175
2024-02-04 14:00:00+00:00,110.41584,110.29675
2024-02-04 14:15:00+00:00,111.57059,120.007164
2024-02-04 14:30:00+00:00,107.727745,118.15623
2024-02-04 14:45:00+00:00,122.45757,123.205185
2024-02-04 15:00:00+00:00,130.19688,131.02896
2024-02-04 15:15:00+00:00,135.13557,138.4767
2024-02-04 15:30:00+00:00,153.79657,147.30219
2024-02-04 15:45:00+00:00,158.74052,152.66269
2024-02-04 16:00:00+00:00,164.40907,160.91838
2024-02-04 16:15:00+00:00,167.48944,165.2554
2024-02-04 16:30:00+00:00,182.60733,175.65001
2024-02-04 16:45:00+00:00,195.50723,183.63188
2024-02-04 17:00:00+00:00,207.92232,187.24588
2024-02-04 17:15:00+00:00,205.61598,192.5126
2024-02-04 17:30:00+00:00,197.32875,195.94174
2024-02-04 17:45:00+00:00,196.66513,195.42844
2024-02-04 18:00:00+00:00,198.25737,190.81094
2024-02-04 18:15:00+00:00,191.55186,189.26096
2024-02-04 18:30:00+00:00,185.61829,184.56216
2024-02-04 18:45:00+00:00,183.1174,183.65611
2024-02-04 19:00:00+00:00,191.80533,185.37799
2024-02-04 19:15:00+00:00,199.62772,184.8699
2024-02-04 19:30:00+00:00,205.25946,184.89429
2024-02-04 19:45:00+00:00,200.7467,185.2382
2024-02-04 20:00:00+00:00,186.81616,183.30559
2024-02-04 20:15:00+00:00,174.51361,175.94322
2024-02-04 20:30:00+00:00,183.34035,173.44417
2024-02-04 20:45:00+00:00,183.92404,169.41907
2024-02-04 21:00:00+00:00,166.92363,163.56041
2024-02-04 21:15:00+00:00,179.43547,166.30237
2024-02-04 21:30:00+00:00,182.91862,171.9989
2024-02-04 21:45:00+00:00,182.43697,179.85393
2024-02-04 22:00:00+00:00,184.07127,175.6608
2024-02-04 22:15:00+00:00,186.99704,169.32045
2024-02-04 22:30:00+00:00,177.50352,163.92178
2024-02-04 22:45:00+00:00,190.07426,171.99274
2024-02-04 23:00:00+00:00,198.88103,186.58817
2024-02-04 23:15:00+00:00,195.10655,180.31447
2024-02-04 23:30:00+00:00,179.39024,168.90685
2024-02-04 23:45:00+00:00,174.71027,166.1117
2024-02-05 00:00:00+00:00,171.60255,171.9025
2024-02-05 00:15:00+00:00,172.59534,166.95105
2024-02-05 00:30:00+00:00,168.60632,160.17284
2024-02-05 00:45:00+00:00,173.76796,166.73164
2024-02-05 01:00:00+00:00,195.25903,202.86722
2024-02-05 01:15:00+00:00,197.44443,198.99263
2024-02-05 01:30:00+00:00,199.09872,200.00479
2024-02-05 01:45:00+00:00,196.57785,194.68692
2024-02-05 02:00:00+00:00,183.59906,183.1188
2024-02-05 02:15:00+00:00,174.97424,174.11116
2024-02-05 02:30:00+00:00,172.9424,170.3752
2024-02-05 02:45:00+00:00,174.949,169.61621
2024-02-05 03:00:00+00:00,169.05223,167.44771
2024-02-05 03:15:00+00:00,153.65775,171.96512
2024-02-05 03:30:00+00:00,173.00444,169.20432
2024-02-05 03:45:00+00:00,166.67018,170.1438
2024-02-05 04:00:00+00:00,173.97935,176.25876
2024-02-05 04:15:00+00:00,175.7609,177.09756
2024-02-05 04:30:00+00:00,169.81364,182.50723
2024-02-05 04:45:00+00:00,182.4317,181.82297
2024-02-05 05:00:00+00:00,180.06543,188.57571
2024-02-05 05:15:00+00:00,197.88087,194.07706
2024-02-05 05:30:00+00:00,190.97765,193.2315
2024-02-05 05:45:00+00:00,196.66724,194.66956
2024-02-05 06:00:00+00:00,187.99825,187.68217
2024-02-05 06:15:00+00:00,177.74332,190.29263
2024-02-05 06:30:00+00:00,187.31465,189.95883
2024-02-05 06:45:00+00:00,191.51085,187.75235
2024-02-05 07:00:00+00:00,181.46942,183.99661
2024-02-05 07:15:00+00:00,175.96178,177.17302
2024-02-05 07:30:00+00:00,161.37077,167.13832
2024-02-05 07:45:00+00:00,159.34523,159.94897
2024-02-05 08:00:00+00:00,158.78154,154.01318
2024-02-05 08:15:00+00:00,153.04146,146.16965
2024-02-05 08:30:00+00:00,147.77571,138.48508
2024-02-05 08:45:00+00:00,131.06241,128.41837
2024-02-05 09:00:00+00:00,122.55222,121.58336
2024-02-05 09:15:00+00:00,115.21886,117.96968
2024-02-05 09:30:00+00:00,112.14901,111.82959
2024-02-05 09:45:00+00:00,106.203865,106.71246
2024-02-05 10:00:00+00:00,79.11575,83.8996
2024-02-05 10:15:00+00:00,84.116486,82.16498
2024-02-05 10:30:00+00:00,84.26478,85.42275
2024-02-05 10:45:00+00:00,85.98743,89.379715
2024-02-05 11:00:00+00:00,114.79608,124.10384
2024-02-05 11:15:00+00:00,110.280174,120.954384
2024-02-05 11:30:00+00:00,102.698616,106.63306
2024-02-05 11:45:00+00:00,99.96214,98.68109
2024-02-05 12:00:00+00:00,90.745224,95.36587
2024-02-05 12:15:00+00:00,80.16953,91.453896
2024-02-05 12:30:00+00:00,79.964455,87.46393
2024-02-05 12:45:00+00:00,83.71685,86.121086
2024-02-05 13:00:00+00:00,85.95167,89.158585
2024-02-05 13:15:00+00:00,88.21699,87.77045
2024-02-05 13:30:00+00:00,88.06134,85.59139
2024-02-05 13:45:00+00:00,84.54242,85.20516
2024-02-05 14:00:00+00:00,84.78851,84.00453
2024-02-05 14:15:00+00:00,87.7206,90.309616
2024-02-05 14:30:00+00:00,94.7353,93.61545
2024-02-05 14:45:00+00:00,91.26896,93.73641
2024-02-05 15:00:00+00:00,86.042114,97.92997
2024-02-05 15:15:00+00:00,95.60819,106.415245
2024-02-05 15:30:00+00:00,108.788895,116.99791
2024-02-05 15:45:00+00:00,130.46611,122.957596
2024-02-05 16:00:00+00:00,134.10281,132.05795
2024-02-05 16:15:00+00:00,140.71683,144.01944
2024-02-05 16:30:00+00:00,156.45206,150.51035
2024-02-05 16:45:00+00:00,164.47217,165.01456
2024-02-05 17:00:00+00:00,172.39447,170.90582
2024-02-05 17:15:00+00:00,185.52469,179.36943
2024-02-05 17:30:00+00:00,191.50244,182.94539
2024-02-05 17:45:00+00:00,206.14497,193.85933
2024-02-05 18:00:00+00:00,192.62143,198.10081
2024-02-05 18:15:00+00:00,192.23967,200.67557
2024-02-05 18:30:00+00:00,197.47598,193.60349
2024-02-05 18:45:00+00:00,197.6474,191.16733
2024-02-05 19:00:00+00:00,202.71545,204.01962
2024-02-05 19:15:00+00:00,206.59825,207.46494
2024-02-05 19:30:00+00:00,205.74219,209.68575
2024-02-05 19:45:00+00:00,212.95775,208.95027
2024-02-05 20:00:00+00:00,218.44753,206.05396
2024-02-05 20:15:00+00:00,206.86012,200.83841
2024-02-05 20:30:00+00:00,198.26053,198.51515
2024-02-05 20:45:00+00:00,184.91893,192.56131
2024-02-05 21:00:00+00:00,182.5926,180.37605
2024-02-05 21:15:00+00:00,190.38556,186.53499
2024-02-05 21:30:00+00:00,206.55092,194.92937
2024-02-05 21:45:00+00:00,196.71246,201.63126
2024-02-05 22:00:00+00:00,192.3585,196.15689
2024-02-05 22:15:00+00:00,182.03732,192.6606
2024-02-05 22:30:00+00:00,173.15378,183.31729
2024-02-05 22:45:00+00:00,195.76805,191.83531
2024-02-05 23:00:00+00:00,199.31221,206.74043
2024-02-05 23:15:00+00:00,191.11858,198.35905
2024-02-05 23:30:00+00:00,181.61876,189.99342
2024-02-05 23:45:00+00:00,180.2684,187.04793
2024-02-06 00:00:00+00:00,168.27235,180.625
2024-02-06 00:15:00+00:00,166.11293,176.36467
2024-02-06 00:30:00+00:00,162.88435,168.1141
2024-02-06 00:45:00+00:00,174.36893,175.9949
2024-02-06 01:00:00+00:00,190.90726,209.49454
2024-02-06 01:15:00+00:00,205.85976,209.35567
2024-02-06 01:30:00+00:00,204.65352,209.91846
2024-02-06 01:45:00+00:00,192.0555,203.6446
2024-02-06 02:00:00+00:00,183.00449,194.78911
2024-02-06 02:15:00+00:00,183.89336,184.86252
2024-02-06 02:30:00+00:00,170.90204,183.22665
2024-02-06 02:45:00+00:00,170.89465,181.05641
2024-02-06 03:00:00+00:00,176.6401,179.69612
2024-02-06 03:15:00+00:00,171.34805,185.43185
2024-02-06 03:30:00+00:00,184.50807,182.4812
2024-02-06 03:45:00+00:00,185.14705,182.0512
2024-02-06 04:00:00+00:00,179.63145,188.8667
2024-02-06 04:15:00+00:00,189.89081,187.02197
2024-02-06 04:30:00+00:00,194.87814,192.24185
2024-02-06 04:45:00+00:00,204.08942,195.8406
2024-02-06 05:00:00+00:00,208.694,202.38802
2024-02-06 05:15:00+00:00,225.21545,204.16675
2024-02-06 05:30:00+00:00,209.93713,204.66792
2024-02-06 05:45:00+00:00,206.15816,204.8732
2024-02-06 06:00:00+00:00,200.74274,194.11313
2024-02-06 06:15:00+00:00,197.899,195.31168
2024-02-06 06:30:00+00:00,194.71576,195.80508
2024-02-06 06:45:00+00:00,184.39735,193.26326
2024-02-06 07:00:00+00:00,193.17105,188.77116
2024-02-06 07:15:00+00:00,191.94585,183.9818
2024-02-06 07:30:00+00:00,186.9564,170.7974
2024-02-06 07:45:00+00:00,187.57007,163.12051
2024-02-06 08:00:00+00:00,168.76477,153.41354
2024-02-06 08:15:00+00:00,155.75131,143.89368
2024-02-06 08:30:00+00:00,138.43694,138.32541
2024-02-06 08:45:00+00:00,133.93253,126.999596
2024-02-06 09:00:00+00:00,130.80727,120.45432
2024-02-06 09:15:00+00:00,121.12151,117.425125
2024-02-06 09:30:00+00:00,115.28644,110.61961
2024-02-06 09:45:00+00:00,111.2312,104.638016
2024-02-06 10:00:00+00:00,76.44641,76.73065
2024-02-06 10:15:00+00:00,72.99745,73.370255
2024-02-06 10:30:00+00:00,84.828926,78.693306
2024-02-06 10:45:00+00:00,82.01682,81.814804
2024-02-06 11:00:00+00:00,113.910446,122.46864
2024-02-06 11:15:00+00:00,112.61669,121.044716
2024-02-06 11:30:00+00:00,111.67194,106.67802
2024-02-06 11:45:00+00:00,111.432594,94.10077
2024-02-06 12:00:00+00:00,101.27868,93.712204
2024-02-06 12:15:00+00:00,85.635544,88.26981
2024-02-06 12:30:00+00:00,80.96453,86.14976
2024-02-06 12:45:00+00:00,83.571014,86.7247
2024-02-06 13:00:00+00:00,82.674774,87.34338
2024-02-06 13:15:00+00:00,86.11213,85.94948
2024-02-06 13:30:00+00:00,78.467705,85.22681
2024-02-06 13:45:00+00:00,85.32344,83.43126
2024-02-06 14:00:00+00:00,87.13702,81.59776
2024-02-06 14:15:00+00:00,85.70091,86.24653
2024-02-06 14:30:00+00:00,93.60578,91.53595
2024-02-06 14:45:00+00:00,91.27028,90.11613
2024-02-06 15:00:00+00:00,91.24708,92.62721
2024-02-06 15:15:00+00:00,107.868706,100.43043
2024-02-06 15:30:00+00:00,121.54538,108.627846
2024-02-06 15:45:00+00:00,125.86106,112.76766
2024-02-06 16:00:00+00:00,129.86147,123.69228
2024-02-06 16:15:00+00:00,138.08687,136.43307
2024-02-06 16:30:00+00:00,150.42024,143.44174
2024-02-06 16:45:00+00:00,172.07033,155.39023
2024-02-06 17:00:00+00:00,169.3141,164.01888
2024-02-06 17:15:00+00:00,167.34764,173.00217
2024-02-06 17:30:00+00:00,163.96722,172.51022
2024-02-06 17:45:00+00:00,173.42207,183.10306
2024-02-06 18:00:00+00:00,181.19618,187.75626
2024-02-06 18:15:00+00:00,180.62364,188.4072
2024-02-06 18:30:00+00:00,182.07451,181.74292
2024-02-06 18:45:00+00:00,175.68904,180.31259
2024-02-06 19:00:00+00:00,190.3811,196.22766
2024-02-06 19:15:00+00:00,205.52129,199.30908
2024-02-06 19:30:00+00:00,210.74797,199.48984
2024-02-06 19:45:00+00:00,206.77603,198.62387
2024-02-06 20:00:00+00:00,203.83109,195.24408
2024-02-06 20:15:00+00:00,189.28346,188.05438
2024-02-06 20:30:00+00:00,195.5013,189.54922
2024-02-06 20:45:00+00:00,186.21304,184.00981
2024-02-06 21:00:00+00:00,175.74387,175.8248
2024-02-06 21:15:00+00:00,183.60973,180.58632
2024-02-06 21:30:00+00:00,182.50998,189.196
2024-02-06 21:45:00+00:00,190.49393,194.62881
2024-02-06 22:00:00+00:00,185.65948,186.81575
2024-02-06 22:15:00+00:00,174.65256,182.81735
2024-02-06 22:30:00+00:00,168.31242,172.23694
2024-02-06 22:45:00+00:00,159.34578,183.17181
2024-02-06 23:00:00+00:00,179.08632,198.94711
2024-02-06 23:15:00+00:00,164.09164,190.01985
2024-02-06 23:30:00+00:00,171.54523,182.73325
2024-02-06 23:45:00+00:00,158.13426,175.21603
2024-02-07 00:00:00+00:00,163.36055,163.1531
2024-02-07 00:15:00+00:00,156.45416,155.15448
2024-02-07 00:30:00+00:00,148.60968,149.64488
2024-02-07 00:45:00+00:00,160.6409,157.37242
2024-02-07 01:00:00+00:00,188.15074,190.77652
2024-02-07 01:15:00+00:00,191.24057,188.71951
2024-02-07 01:30:00+00:00,188.80383,191.56908
2024-02-07 01:45:00+00:00,181.237,182.2361
2024-02-07 02:00:00+00:00,178.05566,174.76385
2024-02-07 02:15:00+00:00,169.86414,168.62888
2024-02-07 02:30:00+00:00,176.8189,166.24727
2024-02-07 02:45:00+00:00,176.60434,163.91293
2024-02-07 03:00:00+00:00,172.68263,163.23103
2024-02-07 03:15:00+00:00,168.26347,157.85464
2024-02-07 03:30:00+00:00,161.97337,160.10608
2024-02-07 03:45:00+00:00,158.02853,161.62868
2024-02-07 04:00:00+00:00,159.3242,166.57793
2024-02-07 04:15:00+00:00,176.068,169.92036
2024-02-07 04:30:00+00:00,181.16338,170.0241
2024-02-07 04:45:00+00:00,178.28177,170.58995
2024-02-07 05:00:00+00:00,191.32681,174.16109
2024-02-07 05:15:00+00:00,183.9924,179.23682
2024-02-07 05:30:00+00:00,176.5728,181.91086
2024-02-07 05:45:00+00:00,178.27652,179.75882
2024-02-07 06:00:00+00:00,171.25656,168.0313
2024-02-07 06:15:00+00:00,171.84445,169.0478
2024-02-07 06:30:00+00:00,180.57443,166.51785
2024-02-07 06:45:00+00:00,174.2612,164.70993
2024-02-07 07:00:00+00:00,165.59956,160.07881
2024-02-07 07:15:00+00:00,161.50644,156.1077
2024-02-07 07:30:00+00:00,160.34644,151.92178
2024-02-07 07:45:00+00:00,149.97162,145.76903
2024-02-07 08:00:00+00:00,138.06766,144.45192
2024-02-07 08:15:00+00:00,141.14908,132.93344
2024-02-07 08:30:00+00:00,144.65958,128.73006
2024-02-07 08:45:00+00:00,132.82819,124.365234
2024-02-07 09:00:00+00:00,120.42993,123.14728
2024-02-07 09:15:00+00:00,123.60495,123.10713
2024-02-07 09:30:00+00:00,120.27639,118.29224
2024-02-07 09:45:00+00:00,112.8673,113.14949
2024-02-07 10:00:00+00:00,75.87132,81.26243
2024-02-07 10:15:00+00:00,74.86907,82.02643
2024-02-07 10:30:00+00:00,75.947044,85.03701
2024-02-07 10:45:00+00:00,79.53853,90.08503
2024-02-07 11:00:00+00:00,118.75881,132.12798
2024-02-07 11:15:00+00:00,126.24467,128.24283
2024-02-07 11:30:00+00:00,114.23764,114.47102
2024-02-07 11:45:00+00:00,105.36041,108.34481
2024-02-07 12:00:00+00:00,98.70013,107.509865
2024-02-07 12:15:00+00:00,95.87637,99.81066
2024-02-07 12:30:00+00:00,94.73845,100.488754
2024-02-07 12:45:00+00:00,91.56659,101.4258
2024-02-07 13:00:00+00:00,90.827255,101.76608
2024-02-07 13:15:00+00:00,96.42535,96.28792
2024-02-07 13:30:00+00:00,85.54993,95.081566
2024-02-07 13:45:00+00:00,86.718346,95.60868
2024-02-07 14:00:00+00:00,85.01357,94.97882
2024-02-07 14:15:00+00:00,87.784744,94.65627
2024-02-07 14:30:00+00:00,95.87111,96.77529
2024-02-07 14:45:00+00:00,98.88733,94.54375
2024-02-07 15:00:00+00:00,95.52616,95.3252
2024-02-07 15:15:00+00:00,92.77812,98.3818
2024-02-07 15:30:00+00:00,94.66483,102.57588
2024-02-07 15:45:00+00:00,111.552704,108.43711
2024-02-07 16:00:00+00:00,128.1377,117.77926
2024-02-07 16:15:00+00:00,138.65134,124.024216
2024-02-07 16:30:00+00:00,142.26385,131.90889
2024-02-07 16:45:00+00:00,150.38702,144.21704
2024-02-07 17:00:00+00:00,159.6986,150.2567
2024-02-07 17:15:00+00:00,158.04326,158.01624
2024-02-07 17:30:00+00:00,161.87137,161.09566
2024-02-07 17:45:00+00:00,167.17604,171.7522
2024-02-07 18:00:00+00:00,168.08363,171.33029
2024-02-07 18:15:00+00:00,178.22708,169.80081
2024-02-07 18:30:00+00:00,175.0058,163.34088
2024-02-07 18:45:00+00:00,169.40875,164.28186
2024-02-07 19:00:00+00:00,175.43909,176.98192
2024-02-07 19:15:00+00:00,193.79616,183.18344
2024-02-07 19:30:00+00:00,196.83551,181.94733
2024-02-07 19:45:00+00:00,194.37141,180.67354
2024-02-07 20:00:00+00:00,194.22734,182.3224
2024-02-07 20:15:00+00:00,179.75098,176.60677
2024-02-07 20:30:00+00:00,168.48433,176.57138
2024-02-07 20:45:00+00:00,164.1388,168.10944
2024-02-07 21:00:00+00:00,164.69197,159.7375
2024-02-07 21:15:00+00:00,177.73805,163.95883
2024-02-07 21:30:00+00:00,187.53656,174.31187
2024-02-07 21:45:00+00:00,190.80202,181.1589
2024-02-07 22:00:00+00:00,172.20833,169.00735
2024-02-07 22:15:00+00:00,158.77838,164.21762
2024-02-07 22:30:00+00:00,152.75645,153.56628
2024-02-07 22:45:00+00:00,165.19678,160.92667
2024-02-07 23:00:00+00:00,188.22751,175.7325
2024-02-07 23:15:00+00:00,176.76526,168.09734
2024-02-07 23:30:00+00:00,153.83128,160.85739
2024-02-07 23:45:00+00:00,148.72748,155.81998
2024-02-08 00:00:00+00:00,146.23395,140.4147
2024-02-08 00:15:00+00:00,139.77243,127.61381
2024-02-08 00:30:00+00:00,135.95483,114.60689
2024-02-08 00:45:00+00:00,140.88615,126.54956
2024-02-08 01:00:00+00:00,171.03044,168.56783
2024-02-08 01:15:00+00:00,172.4029,166.699
2024-02-08 01:30:00+00:00,171.5647,171.82562
2024-02-08 01:45:00+00:00,162.1774,160.38722
2024-02-08 02:00:00+00:00,158.33351,149.23836
2024-02-08 02:15:00+00:00,154.42337,146.02727
2024-02-08 02:30:00+00:00,138.26747,139.47542
2024-02-08 02:45:00+00:00,131.75337,136.26219
2024-02-08 03:00:00+00:00,131.54619,132.80246
2024-02-08 03:15:00+00:00,132.42538,130.59122
2024-02-08 03:30:00+00:00,127.69914,129.67496
2024-02-08 03:45:00+00:00,135.35747,134.24005
2024-02-08 04:00:00+00:00,144.03488,141.91898
2024-02-08 04:15:00+00:00,145.66603,140.53331
2024-02-08 04:30:00+00:00,146.63043,144.94405
2024-02-08 04:45:00+00:00,152.06972,144.63193
2024-02-08 05:00:00+00:00,146.99536,152.3015
2024-02-08 05:15:00+00:00,148.22897,159.20486
2024-02-08 05:30:00+00:00,152.74384,159.97964
2024-02-08 05:45:00+00:00,168.98282,158.06183
2024-02-08 06:00:00+00:00,156.54565,151.43755
2024-02-08 06:15:00+00:00,160.53152,151.66014
2024-02-08 06:30:00+00:00,151.16211,151.8189
2024-02-08 06:45:00+00:00,153.06671,151.53503
2024-02-08 07:00:00+00:00,154.89978,150.73254
2024-02-08 07:15:00+00:00,142.5741,144.69089
2024-02-08 07:30:00+00:00,136.2556,139.64867
2024-02-08 07:45:00+00:00,136.43755,137.80922
2024-02-08 08:00:00+00:00,131.34846,135.97743
2024-02-08 08:15:00+00:00,130.97723,127.579506
2024-02-08 08:30:00+00:00,119.76106,122.67345
2024-02-08 08:45:00+00:00,119.74319,119.892136
2024-02-08 09:00:00+00:00,112.96511,118.77132
2024-02-08 09:15:00+00:00,113.687614,115.42234
2024-02-08 09:30:00+00:00,98.37411,112.44247
2024-02-08 09:45:00+00:00,106.98211,111.64009
2024-02-08 10:00:00+00:00,77.04604,82.36267
2024-02-08 10:15:00+00:00,77.44989,81.58124
2024-02-08 10:30:00+00:00,84.93365,84.31933
2024-02-08 10:45:00+00:00,91.633896,93.15568
2024-02-08 11:00:00+00:00,140.73682,137.61087
2024-02-08 11:15:00+00:00,133.47601,131.71947
2024-02-08 11:30:00+00:00,106.95581,115.48999
2024-02-08 11:45:00+00:00,95.00137,108.485596
2024-02-08 12:00:00+00:00,101.63852,109.691185
2024-02-08 12:15:00+00:00,94.218925,102.79214
2024-02-08 12:30:00+00:00,92.83281,104.09216
2024-02-08 12:45:00+00:00,91.2921,103.39852
2024-02-08 13:00:00+00:00,100.19772,104.17668
2024-02-08 13:15:00+00:00,97.43496,101.391205
2024-02-08 13:30:00+00:00,96.07619,100.32114
2024-02-08 13:45:00+00:00,96.14665,100.933075
2024-02-08 14:00:00+00:00,102.835335,100.61769
2024-02-08 14:15:00+00:00,102.32422,105.98769
2024-02-08 14:30:00+00:00,106.36162,106.779175
2024-02-08 14:45:00+00:00,107.470085,107.849144
2024-02-08 15:00:00+00:00,103.41481,110.06853
2024-02-08 15:15:00+00:00,99.86118,114.114746
2024-02-08 15:30:00+00:00,111.57479,118.16799
2024-02-08 15:45:00+00:00,115.754166,124.63226
2024-02-08 16:00:00+00:00,134.70122,129.45053
2024-02-08 16:15:00+00:00,134.06706,136.06543
2024-02-08 16:30:00+00:00,140.87248,142.89642
2024-02-08 16:45:00+00:00,146.89124,149.18323
2024-02-08 17:00:00+00:00,151.38402,155.02621
2024-02-08 17:15:00+00:00,167.65561,160.7699
2024-02-08 17:30:00+00:00,162.09117,163.18427
2024-02-08 17:45:00+00:00,166.76904,172.63083
2024-02-08 18:00:00+00:00,172.92662,170.10393
2024-02-08 18:15:00+00:00,163.30481,167.96542
2024-02-08 18:30:00+00:00,153.0709,163.66692
2024-02-08 18:45:00+00:00,165.1463,164.21101
2024-02-08 19:00:00+00:00,162.35094,178.91788
2024-02-08 19:15:00+00:00,167.89328,184.28864
2024-02-08 19:30:00+00:00,176.15108,184.60172
2024-02-08 19:45:00+00:00,177.40993,182.11533
2024-02-08 20:00:00+00:00,172.73416,185.11774
2024-02-08 20:15:00+00:00,166.16432,180.1491
2024-02-08 20:30:00+00:00,161.21617,173.84734
2024-02-08 20:45:00+00:00,152.54086,163.51956
2024-02-08 21:00:00+00:00,143.49957,154.77538
2024-02-08 21:15:00+00:00,142.87172,163.4137
2024-02-08 21:30:00+00:00,148.81897,175.33617
2024-02-08 21:45:00+00:00,152.88266,182.46872
2024-02-08 22:00:00+00:00,158.39557,171.45541
2024-02-08 22:15:00+00:00,163.4857,166.5477
2024-02-08 22:30:00+00:00,149.29854,156.41565
2024-02-08 22:45:00+00:00,155.91466,162.70985
2024-02-08 23:00:00+00:00,169.28781,184.5481
2024-02-08 23:15:00+00:00,165.12842,174.2926
2024-02-08 23:30:00+00:00,158.73,162.5709
2024-02-08 23:45:00+00:00,153.89333,156.68591
2024-02-09 00:00:00+00:00,156.88431,142.71335
2024-02-09 00:15:00+00:00,149.35217,128.26785
2024-02-09 00:30:00+00:00,137.51552,115.52356
2024-02-09 00:45:00+00:00,143.52061,124.981895
2024-02-09 01:00:00+00:00,176.40979,164.63614
2024-02-09 01:15:00+00:00,166.68701,162.44626
2024-02-09 01:30:00+00:00,169.85152,163.074
2024-02-09 01:45:00+00:00,152.41676,152.84537
2024-02-09 02:00:00+00:00,144.17476,141.92047
2024-02-09 02:15:00+00:00,139.07306,135.94196
2024-02-09 02:30:00+00:00,122.31664,129.17853
2024-02-09 02:45:00+00:00,129.43126,126.9917
2024-02-09 03:00:00+00:00,123.21688,126.67275
2024-02-09 03:15:00+00:00,118.41912,126.36653
2024-02-09 03:30:00+00:00,116.1822,123.513756
2024-02-09 03:45:00+00:00,123.338875,125.66856
2024-02-09 04:00:00+00:00,127.543495,133.02559
2024-02-09 04:15:00+00:00,133.30354,133.60278
2024-02-09 04:30:00+00:00,132.47061,137.2291
2024-02-09 04:45:00+00:00,134.43094,136.36458
2024-02-09 05:00:00+00:00,138.40314,145.10439
2024-02-09 05:15:00+00:00,148.10909,152.97098
2024-02-09 05:30:00+00:00,146.75978,154.23209
2024-02-09 05:45:00+00:00,153.85547,151.98166
2024-02-09 06:00:00+00:00,142.4889,148.44217
2024-02-09 06:15:00+00:00,146.34647,147.23657
2024-02-09 06:30:00+00:00,150.03893,148.53622
2024-02-09 06:45:00+00:00,160.38745,149.71399
2024-02-09 07:00:00+00:00,160.33382,148.62485
2024-02-09 07:15:00+00:00,145.59032,143.60953
2024-02-09 07:30:00+00:00,133.2194,139.06929
2024-02-09 07:45:00+00:00,132.7367,139.83878
2024-02-09 08:00:00+00:00,127.75067,137.797
2024-02-09 08:15:00+00:00,137.29782,129.90268
2024-02-09 08:30:00+00:00,136.5017,124.944595
2024-02-09 08:45:00+00:00,129.8088,121.34615
2024-02-09 09:00:00+00:00,124.55462,118.184105
2024-02-09 09:15:00+00:00,115.28722,117.48552
2024-02-09 09:30:00+00:00,126.208916,114.05221
2024-02-09 09:45:00+00:00,124.46628,112.17531
2024-02-09 10:00:00+00:00,99.76233,86.90206
2024-02-09 10:15:00+00:00,93.781425,86.67241
2024-02-09 10:30:00+00:00,96.40011,90.31331
2024-02-09 10:45:00+00:00,111.53483,98.88298
2024-02-09 11:00:00+00:00,168.85347,146.97307
2024-02-09 11:15:00+00:00,155.12064,140.78812
2024-02-09 11:30:00+00:00,141.8516,123.212074
2024-02-09 11:45:00+00:00,129.44704,115.664246
2024-02-09 12:00:00+00:00,131.79123,115.72467
2024-02-09 12:15:00+00:00,131.48204,109.84348
2024-02-09 12:30:00+00:00,122.755196,111.888855
2024-02-09 12:45:00+00:00,120.94526,113.92882
2024-02-09 13:00:00+00:00,117.24439,109.682335
2024-02-09 13:15:00+00:00,116.540825,109.26766
2024-02-09 13:30:00+00:00,120.31425,105.72261
2024-02-09 13:45:00+00:00,109.80482,105.26283
2024-02-09 14:00:00+00:00,107.564735,103.10217
2024-02-09 14:15:00+00:00,118.821915,110.50214
2024-02-09 14:30:00+00:00,113.96421,112.53761
2024-02-09 14:45:00+00:00,130.31783,114.290955
2024-02-09 15:00:00+00:00,135.6593,116.252365
2024-02-09 15:15:00+00:00,141.3005,122.67609
2024-02-09 15:30:00+00:00,135.66246,127.73897
2024-02-09 15:45:00+00:00,157.94334,133.58182
2024-02-09 16:00:00+00:00,151.53441,141.14005
2024-02-09 16:15:00+00:00,150.42593,148.56265
2024-02-09 16:30:00+00:00,150.86975,154.62303
2024-02-09 16:45:00+00:00,165.56592,157.7573
2024-02-09 17:00:00+00:00,168.12991,162.36089
2024-02-09 17:15:00+00:00,165.96451,168.88785
2024-02-09 17:30:00+00:00,177.7896,170.10887
2024-02-09 17:45:00+00:00,183.01749,181.32658
2024-02-09 18:00:00+00:00,175.72198,180.27591
2024-02-09 18:15:00+00:00,171.08302,178.73123
2024-02-09 18:30:00+00:00,178.08511,177.87349
2024-02-09 18:45:00+00:00,159.72174,175.25644
2024-02-09 19:00:00+00:00,184.28897,186.99646
2024-02-09 19:15:00+00:00,198.35518,192.30551
2024-02-09 19:30:00+00:00,202.83745,192.32922
2024-02-09 19:45:00+00:00,188.29692,193.79366
2024-02-09 20:00:00+00:00,182.51584,195.93633
2024-02-09 20:15:00+00:00,179.27351,188.13748
2024-02-09 20:30:00+00:00,165.92139,181.93811
2024-02-09 20:45:00+00:00,169.21735,176.31473
2024-02-09 21:00:00+00:00,156.45416,164.84497
2024-02-09 21:15:00+00:00,162.93146,172.4843
2024-02-09 21:30:00+00:00,170.12074,188.27982
2024-02-09 21:45:00+00:00,177.27847,190.57492
2024-02-09 22:00:00+00:00,167.338,181.7148
2024-02-09 22:15:00+00:00,157.91074,176.11636
2024-02-09 22:30:00+00:00,147.83249,168.46805
2024-02-09 22:45:00+00:00,155.4719,174.69951
2024-02-09 23:00:00+00:00,174.38109,198.17632
2024-02-09 23:15:00+00:00,176.83257,188.74095
2024-02-09 23:30:00+00:00,169.01543,181.12827
2024-02-09 23:45:00+00:00,168.61578,177.09744
2024-02-10 00:00:00+00:00,159.29329,165.90962
2024-02-10 00:15:00+00:00,142.67972,150.16316
2024-02-10 00:30:00+00:00,144.67906,142.92905
2024-02-10 00:45:00+00:00,155.70163,155.92169
2024-02-10 01:00:00+00:00,175.03308,194.35942
2024-02-10 01:15:00+00:00,172.29842,187.06485
2024-02-10 01:30:00+00:00,175.69498,187.70932
2024-02-10 01:45:00+00:00,161.50557,179.45589
2024-02-10 02:00:00+00:00,151.15015,166.99402
2024-02-10 02:15:00+00:00,142.80666,161.10393
2024-02-10 02:30:00+00:00,142.3535,151.92534
2024-02-10 02:45:00+00:00,135.35477,151.69394
2024-02-10 03:00:00+00:00,134.1107,155.29941
2024-02-10 03:15:00+00:00,134.68867,151.08133
2024-02-10 03:30:00+00:00,130.2872,148.69385
2024-02-10 03:45:00+00:00,135.18379,148.77612
2024-02-10 04:00:00+00:00,144.02136,153.96474
2024-02-10 04:15:00+00:00,143.61331,152.4324
2024-02-10 04:30:00+00:00,149.64069,155.47098
2024-02-10 04:45:00+00:00,147.97491,152.28308
2024-02-10 05:00:00+00:00,143.4675,155.94873
2024-02-10 05:15:00+00:00,138.7314,161.86328
2024-02-10 05:30:00+00:00,148.3473,165.65034
2024-02-10 05:45:00+00:00,148.28542,161.36986
2024-02-10 06:00:00+00:00,154.67888,160.79845
2024-02-10 06:15:00+00:00,138.40099,157.63339
2024-02-10 06:30:00+00:00,139.79297,158.09583
2024-02-10 06:45:00+00:00,153.52606,159.71658
2024-02-10 07:00:00+00:00,164.01785,155.92816
2024-02-10 07:15:00+00:00,160.54472,156.4777
2024-02-10 07:30:00+00:00,153.40543,152.87454
2024-02-10 07:45:00+00:00,151.77638,149.06165
2024-02-10 08:00:00+00:00,155.67331,148.25136
2024-02-10 08:15:00+00:00,161.09332,139.86313
2024-02-10 08:30:00+00:00,155.03448,138.14516
2024-02-10 08:45:00+00:00,154.41139,138.0592
2024-02-10 09:00:00+00:00,153.01627,137.74379
2024-02-10 09:15:00+00:00,153.81348,132.74202
2024-02-10 09:30:00+00:00,157.2667,127.81919
2024-02-10 09:45:00+00:00,148.88753,128.74295
2024-02-10 10:00:00+00:00,146.91022,114.509254
2024-02-10 10:15:00+00:00,146.89554,112.25774
2024-02-10 10:30:00+00:00,130.18231,116.89177
2024-02-10 10:45:00+00:00,110.54141,116.78192
2024-02-10 11:00:00+00:00,98.42267,126.55841
2024-02-10 11:15:00+00:00,97.10726,123.05037
2024-02-10 11:30:00+00:00,105.33747,115.99563
2024-02-10 11:45:00+00:00,110.3977,114.04523
2024-02-10 12:00:00+00:00,110.640015,111.57103
2024-02-10 12:15:00+00:00,99.93528,110.44005
2024-02-10 12:30:00+00:00,94.96317,111.65752
2024-02-10 12:45:00+00:00,97.70622,110.54454
2024-02-10 13:00:00+00:00,95.62822,108.29952
2024-02-10 13:15:00+00:00,99.37618,106.64967
2024-02-10 13:30:00+00:00,101.635666,106.02869
2024-02-10 13:45:00+00:00,94.167,108.328835
2024-02-10 14:00:00+00:00,95.38276,110.33791
2024-02-10 14:15:00+00:00,100.5804,114.46732
2024-02-10 14:30:00+00:00,115.33939,114.436844
2024-02-10 14:45:00+00:00,120.99858,117.08022
2024-02-10 15:00:00+00:00,131.6624,119.43235
2024-02-10 15:15:00+00:00,135.6275,126.21372
2024-02-10 15:30:00+00:00,138.24889,131.55745
2024-02-10 15:45:00+00:00,146.0144,139.179
2024-02-10 16:00:00+00:00,157.13138,143.99495
2024-02-10 16:15:00+00:00,151.39876,150.36472
2024-02-10 16:30:00+00:00,165.41089,160.68813
2024-02-10 16:45:00+00:00,172.59317,168.03174
2024-02-10 17:00:00+00:00,169.82076,172.54553
2024-02-10 17:15:00+00:00,180.29785,176.88419
2024-02-10 17:30:00+00:00,175.23029,181.77136
2024-02-10 17:45:00+00:00,178.64888,181.84447
2024-02-10 18:00:00+00:00,173.0285,172.29129
2024-02-10 18:15:00+00:00,163.7189,169.47417
2024-02-10 18:30:00+00:00,159.99925,167.54562
2024-02-10 18:45:00+00:00,165.71509,163.63496
2024-02-10 19:00:00+00:00,172.7757,165.44147
2024-02-10 19:15:00+00:00,170.33789,165.89005
2024-02-10 19:30:00+00:00,157.94957,164.58603
2024-02-10 19:45:00+00:00,164.4773,165.41556
2024-02-10 20:00:00+00:00,170.02844,166.675
2024-02-10 20:15:00+00:00,161.1248,160.78514
2024-02-10 20:30:00+00:00,162.83357,158.13431
2024-02-10 20:45:00+00:00,152.8264,149.90477
2024-02-10 21:00:00+00:00,144.59828,145.46126
2024-02-10 21:15:00+00:00,156.8471,149.25517
2024-02-10 21:30:00+00:00,165.5955,159.70963
2024-02-10 21:45:00+00:00,163.13463,168.62674
2024-02-10 22:00:00+00:00,145.46893,162.20517
2024-02-10 22:15:00+00:00,145.2371,158.12616
2024-02-10 22:30:00+00:00,132.45963,149.98065
2024-02-10 22:45:00+00:00,157.8132,157.37363
2024-02-10 23:00:00+00:00,174.66699,175.55017
2024-02-10 23:15:00+00:00,173.61487,172.53
2024-02-10 23:30:00+00:00,171.2421,163.07408
2024-02-10 23:45:00+00:00,172.5638,156.30093
2024-02-11 00:00:00+00:00,168.7088,163.54352
2024-02-11 00:15:00+00:00,160.2265,150.16118
2024-02-11 00:30:00+00:00,159.64105,142.87065
2024-02-11 00:45:00+00:00,173.70238,157.10298
2024-02-11 01:00:00+00:00,201.02878,203.20552
2024-02-11 01:15:00+00:00,186.00526,198.54987
2024-02-11 01:30:00+00:00,184.66737,200.51239
2024-02-11 01:45:00+00:00,174.292,188.6679
2024-02-11 02:00:00+00:00,164.97484,175.51888
2024-02-11 02:15:00+00:00,160.46967,168.95598
2024-02-11 02:30:00+00:00,162.60902,159.8956
2024-02-11 02:45:00+00:00,157.78137,159.12312
2024-02-11 03:00:00+00:00,147.55315,154.6462
2024-02-11 03:15:00+00:00,146.4459,148.5558
2024-02-11 03:30:00+00:00,145.38666,144.48422
2024-02-11 03:45:00+00:00,155.96344,148.48456
2024-02-11 04:00:00+00:00,145.25308,149.90967
2024-02-11 04:15:00+00:00,153.02469,148.58289
2024-02-11 04:30:00+00:00,164.65968,151.82742
2024-02-11 04:45:00+00:00,163.44286,149.70381
2024-02-11 05:00:00+00:00,158.13307,153.75385
2024-02-11 05:15:00+00:00,161.43811,160.07117
2024-02-11 05:30:00+00:00,156.99138,163.31868
2024-02-11 05:45:00+00:00,161.45168,158.72945
2024-02-11 06:00:00+00:00,155.5481,156.66537
2024-02-11 06:15:00+00:00,154.05994,160.39102
2024-02-11 06:30:00+00:00,145.0715,163.299
2024-02-11 06:45:00+00:00,155.46565,166.52512
2024-02-11 07:00:00+00:00,166.56422,164.90935
2024-02-11 07:15:00+00:00,159.7475,166.64352
2024-02-11 07:30:00+00:00,170.65718,164.35365
2024-02-11 07:45:00+00:00,163.97195,161.07191
2024-02-11 08:00:00+00:00,165.6636,164.71452
2024-02-11 08:15:00+00:00,155.24649,158.02177
2024-02-11 08:30:00+00:00,152.57387,153.89995
2024-02-11 08:45:00+00:00,152.35889,156.29106
2024-02-11 09:00:00+00:00,153.8888,161.27621
2024-02-11 09:15:00+00:00,159.55757,156.92148
2024-02-11 09:30:00+00:00,155.38425,151.41325
2024-02-11 09:45:00+00:00,143.62926,154.001
2024-02-11 10:00:00+00:00,139.47264,127.95241
2024-02-11 10:15:00+00:00,136.44414,126.79524
2024-02-11 10:30:00+00:00,130.22226,132.58391
2024-02-11 10:45:00+00:00,120.358246,135.31015
2024-02-11 11:00:00+00:00,131.62798,148.74904
2024-02-11 11:15:00+00:00,121.926765,143.60013
2024-02-11 11:30:00+00:00,118.789734,136.85466
2024-02-11 11:45:00+00:00,115.811325,135.2876
2024-02-11 12:00:00+00:00,113.449684,132.19817
2024-02-11 12:15:00+00:00,119.72792,130.10863
2024-02-11 12:30:00+00:00,115.387634,131.23874
2024-02-11 12:45:00+00:00,111.899956,130.07578
2024-02-11 13:00:00+00:00,96.55188,131.30197
2024-02-11 13:15:00+00:00,93.10073,128.06927
2024-02-11 13:30:00+00:00,92.59876,127.40871
2024-02-11 13:45:00+00:00,94.17354,131.01497
2024-02-11 14:00:00+00:00,103.667076,133.14441
2024-02-11 14:15:00+00:00,109.066605,137.23921
2024-02-11 14:30:00+00:00,118.12183,135.09418
2024-02-11 14:45:00+00:00,116.29973,138.26886
2024-02-11 15:00:00+00:00,117.60839,143.0352
2024-02-11 15:15:00+00:00,117.332886,146.63753
2024-02-11 15:30:00+00:00,121.87041,152.70892
2024-02-11 15:45:00+00:00,129.80795,158.95992
2024-02-11 16:00:00+00:00,143.74092,167.40726
2024-02-11 16:15:00+00:00,162.22185,175.05908
2024-02-11 16:30:00+00:00,177.07422,184.23557
2024-02-11 16:45:00+00:00,185.95204,191.30737
2024-02-11 17:00:00+00:00,195.1158,192.31381
2024-02-11 17:15:00+00:00,196.88156,196.80063
2024-02-11 17:30:00+00:00,192.5037,202.83366
2024-02-11 17:45:00+00:00,196.78346,201.757
2024-02-11 18:00:00+00:00,201.13313,192.1033
2024-02-11 18:15:00+00:00,187.37027,187.14607
2024-02-11 18:30:00+00:00,177.03143,182.8657
2024-02-11 18:45:00+00:00,176.00977,181.37239
2024-02-11 19:00:00+00:00,180.80505,184.57088
2024-02-11 19:15:00+00:00,179.62997,186.90398
2024-02-11 19:30:00+00:00,178.85667,187.00806
2024-02-11 19:45:00+00:00,176.60878,183.76897
2024-02-11 20:00:00+00:00,171.68199,186.21765
2024-02-11 20:15:00+00:00,164.68785,180.84457
2024-02-11 20:30:00+00:00,156.30992,175.1473
2024-02-11 20:45:00+00:00,153.64667,167.44214
2024-02-11 21:00:00+00:00,169.80353,161.96509
2024-02-11 21:15:00+00:00,165.24513,164.57039
2024-02-11 21:30:00+00:00,165.53421,174.28189
2024-02-11 21:45:00+00:00,172.6828,186.09402
2024-02-11 22:00:00+00:00,165.86502,174.83286
2024-02-11 22:15:00+00:00,160.00945,168.25903
2024-02-11 22:30:00+00:00,157.96922,162.7637
2024-02-11 22:45:00+00:00,170.23453,171.22694
2024-02-11 23:00:00+00:00,184.65381,189.7647
2024-02-11 23:15:00+00:00,179.4536,181.54514
2024-02-11 23:30:00+00:00,169.05632,165.48364
2024-02-11 23:45:00+00:00,165.42567,162.22229
2024-02-12 00:00:00+00:00,149.10393,154.03618
2024-02-12 00:15:00+00:00,143.09807,143.3033
2024-02-12 00:30:00+00:00,130.36418,134.1833
2024-02-12 00:45:00+00:00,143.42262,143.77612
2024-02-12 01:00:00+00:00,176.88011,182.4233
2024-02-12 01:15:00+00:00,176.59938,179.5551
2024-02-12 01:30:00+00:00,171.78531,181.9362
2024-02-12 01:45:00+00:00,160.18059,173.46378
2024-02-12 02:00:00+00:00,158.21239,162.44547
2024-02-12 02:15:00+00:00,145.55573,155.13199
2024-02-12 02:30:00+00:00,143.83276,149.03763
2024-02-12 02:45:00+00:00,139.0479,147.665
2024-02-12 03:00:00+00:00,140.45465,145.71512
2024-02-12 03:15:00+00:00,139.94434,146.71655
2024-02-12 03:30:00+00:00,144.30655,143.38118
2024-02-12 03:45:00+00:00,139.32132,145.66531
2024-02-12 04:00:00+00:00,145.77696,155.77376
2024-02-12 04:15:00+00:00,143.70126,155.45619
2024-02-12 04:30:00+00:00,152.83894,160.67636
2024-02-12 04:45:00+00:00,156.7357,157.19646
2024-02-12 05:00:00+00:00,163.53468,165.5129
2024-02-12 05:15:00+00:00,158.8375,174.15186
2024-02-12 05:30:00+00:00,160.00214,174.09744
2024-02-12 05:45:00+00:00,164.33826,173.32025
2024-02-12 06:00:00+00:00,167.12254,165.51273
2024-02-12 06:15:00+00:00,161.12296,166.88698
2024-02-12 06:30:00+00:00,150.72253,166.29648
2024-02-12 06:45:00+00:00,156.41115,163.57852
2024-02-12 07:00:00+00:00,156.18677,160.64339
2024-02-12 07:15:00+00:00,150.31554,156.66362
2024-02-12 07:30:00+00:00,137.77576,148.5402
2024-02-12 07:45:00+00:00,139.18982,148.37575
2024-02-12 08:00:00+00:00,139.48412,147.61781
2024-02-12 08:15:00+00:00,141.5546,141.8744
2024-02-12 08:30:00+00:00,131.6478,135.75168
2024-02-12 08:45:00+00:00,120.414604,133.58292
2024-02-12 09:00:00+00:00,126.79824,128.09149
2024-02-12 09:15:00+00:00,121.69508,126.06455
2024-02-12 09:30:00+00:00,117.51029,122.35166
2024-02-12 09:45:00+00:00,111.3072,121.05876
2024-02-12 10:00:00+00:00,80.660095,99.63484
2024-02-12 10:15:00+00:00,83.63746,101.495316
2024-02-12 10:30:00+00:00,88.35552,101.54912
2024-02-12 10:45:00+00:00,91.78998,109.08742
2024-02-12 11:00:00+00:00,137.4512,154.17119
2024-02-12 11:15:00+00:00,136.09662,149.57527
2024-02-12 11:30:00+00:00,116.01483,135.18845
2024-02-12 11:45:00+00:00,100.30045,129.30174
2024-02-12 12:00:00+00:00,92.79287,126.47827
2024-02-12 12:15:00+00:00,93.053764,121.33241
2024-02-12 12:30:00+00:00,95.26305,120.94224
2024-02-12 12:45:00+00:00,104.3214,120.60022
2024-02-12 13:00:00+00:00,103.47088,122.26009
2024-02-12 13:15:00+00:00,101.658165,121.4977
2024-02-12 13:30:00+00:00,101.286644,120.17606
2024-02-12 13:45:00+00:00,97.225,119.54307
2024-02-12 14:00:00+00:00,98.52009,119.30422
2024-02-12 14:15:00+00:00,108.882935,125.81399
2024-02-12 14:30:00+00:00,110.769745,127.27124
2024-02-12 14:45:00+00:00,108.00945,126.35813
2024-02-12 15:00:00+00:00,111.62966,130.2448
2024-02-12 15:15:00+00:00,117.26401,133.75049
2024-02-12 15:30:00+00:00,115.94804,140.79953
2024-02-12 15:45:00+00:00,130.43411,146.39995
2024-02-12 16:00:00+00:00,143.06572,149.93422
2024-02-12 16:15:00+00:00,150.18404,156.7575
2024-02-12 16:30:00+00:00,158.97316,162.7109
2024-02-12 16:45:00+00:00,164.5188,171.32004
2024-02-12 17:00:00+00:00,167.05263,174.76134
2024-02-12 17:15:00+00:00,165.21382,181.2318
2024-02-12 17:30:00+00:00,175.24376,182.34808
2024-02-12 17:45:00+00:00,175.88661,194.71451
2024-02-12 18:00:00+00:00,186.43314,196.07224
2024-02-12 18:15:00+00:00,187.18974,195.18811
2024-02-12 18:30:00+00:00,177.66594,190.60696
2024-02-12 18:45:00+00:00,178.56029,189.21301
2024-02-12 19:00:00+00:00,198.16518,200.54398
2024-02-12 19:15:00+00:00,186.49889,204.90373
2024-02-12 19:30:00+00:00,193.48676,205.4307
2024-02-12 19:45:00+00:00,199.46861,204.34752
2024-02-12 20:00:00+00:00,189.28735,204.45703
2024-02-12 20:15:00+00:00,190.31007,202.50278
2024-02-12 20:30:00+00:00,190.51566,195.01402
2024-02-12 20:45:00+00:00,178.99547,186.601
2024-02-12 21:00:00+00:00,179.9681,177.63005
2024-02-12 21:15:00+00:00,196.74484,181.60597
2024-02-12 21:30:00+00:00,181.02734,190.75998
2024-02-12 21:45:00+00:00,186.58237,197.01212
2024-02-12 22:00:00+00:00,178.14598,188.52759
2024-02-12 22:15:00+00:00,163.98343,186.47057
2024-02-12 22:30:00+00:00,149.33665,175.32997
2024-02-12 22:45:00+00:00,168.3592,180.92068
2024-02-12 23:00:00+00:00,179.50056,197.50826
2024-02-12 23:15:00+00:00,175.33247,189.99179
2024-02-12 23:30:00+00:00,174.03842,180.1018
2024-02-12 23:45:00+00:00,158.7039,176.30246
2024-02-13 00:00:00+00:00,162.58865,160.26375
2024-02-13 00:15:00+00:00,148.65335,151.53973
2024-02-13 00:30:00+00:00,145.98431,138.44867
2024-02-13 00:45:00+00:00,149.21834,148.19107
2024-02-13 01:00:00+00:00,191.31093,190.8259
2024-02-13 01:15:00+00:00,189.8022,191.1301
2024-02-13 01:30:00+00:00,181.32321,193.59305
2024-02-13 01:45:00+00:00,178.37585,188.15036
2024-02-13 02:00:00+00:00,163.98125,175.74878
2024-02-13 02:15:00+00:00,153.40028,168.90845
2024-02-13 02:30:00+00:00,156.04422,161.03789
2024-02-13 02:45:00+00:00,147.11429,158.90921
2024-02-13 03:00:00+00:00,156.38112,159.83273
2024-02-13 03:15:00+00:00,158.84091,163.94939
2024-02-13 03:30:00+00:00,161.14479,160.52136
2024-02-13 03:45:00+00:00,160.88951,162.90994
2024-02-13 04:00:00+00:00,169.12053,170.92017
2024-02-13 04:15:00+00:00,180.5385,167.83916
2024-02-13 04:30:00+00:00,166.6869,174.46877
2024-02-13 04:45:00+00:00,166.84908,177.79442
2024-02-13 05:00:00+00:00,172.57637,187.34875
2024-02-13 05:15:00+00:00,169.66669,191.75162
2024-02-13 05:30:00+00:00,177.16637,193.66872
2024-02-13 05:45:00+00:00,179.2338,194.13281
2024-02-13 06:00:00+00:00,182.8696,186.21184
2024-02-13 06:15:00+00:00,183.91483,186.0299
2024-02-13 06:30:00+00:00,196.26189,182.80789
2024-02-13 06:45:00+00:00,192.285,179.5846
2024-02-13 07:00:00+00:00,178.1802,178.82375
2024-02-13 07:15:00+00:00,165.59773,167.50528
2024-02-13 07:30:00+00:00,153.61896,154.31181
2024-02-13 07:45:00+00:00,151.55571,144.94833
2024-02-13 08:00:00+00:00,140.39616,136.17166
2024-02-13 08:15:00+00:00,118.22251,128.01083
2024-02-13 08:30:00+00:00,115.926994,121.462585
2024-02-13 08:45:00+00:00,109.938126,110.4744
2024-02-13 09:00:00+00:00,94.72637,107.947876
2024-02-13 09:15:00+00:00,90.1573,104.221825
2024-02-13 09:30:00+00:00,92.121155,97.29493
2024-02-13 09:45:00+00:00,92.05628,91.074425
2024-02-13 10:00:00+00:00,61.739494,59.67287
2024-02-13 10:15:00+00:00,64.52572,61.991882
2024-02-13 10:30:00+00:00,70.06155,70.66311
2024-02-13 10:45:00+00:00,73.809296,74.98988
2024-02-13 11:00:00+00:00,108.895,121.10459
2024-02-13 11:15:00+00:00,113.02568,115.75259
2024-02-13 11:30:00+00:00,99.22116,97.063835
2024-02-13 11:45:00+00:00,86.00778,87.23117
2024-02-13 12:00:00+00:00,90.50362,87.87154
2024-02-13 12:15:00+00:00,81.98801,81.68779
2024-02-13 12:30:00+00:00,85.7776,79.59364
2024-02-13 12:45:00+00:00,84.06695,80.16886
2024-02-13 13:00:00+00:00,81.306885,81.34482
2024-02-13 13:15:00+00:00,76.91777,78.384766
2024-02-13 13:30:00+00:00,79.58472,77.06711
2024-02-13 13:45:00+00:00,83.04474,76.05328
2024-02-13 14:00:00+00:00,84.837006,72.271904
2024-02-13 14:15:00+00:00,76.34441,76.9919
2024-02-13 14:30:00+00:00,78.700615,83.14317
2024-02-13 14:45:00+00:00,74.255005,82.23433
2024-02-13 15:00:00+00:00,83.00394,85.3491
2024-02-13 15:15:00+00:00,94.81844,93.18949
2024-02-13 15:30:00+00:00,93.01885,100.64579
2024-02-13 15:45:00+00:00,111.549385,104.29012
2024-02-13 16:00:00+00:00,118.9005,115.31148
2024-02-13 16:15:00+00:00,127.05619,131.61453
2024-02-13 16:30:00+00:00,134.91893,138.14249
2024-02-13 16:45:00+00:00,160.02737,150.9155
2024-02-13 17:00:00+00:00,159.05121,158.53293
2024-02-13 17:15:00+00:00,159.53249,167.201
2024-02-13 17:30:00+00:00,158.01645,169.20316
2024-02-13 17:45:00+00:00,176.1452,180.74582
2024-02-13 18:00:00+00:00,184.26219,185.96295
2024-02-13 18:15:00+00:00,179.29762,186.35585
2024-02-13 18:30:00+00:00,177.5378,179.84116
2024-02-13 18:45:00+00:00,171.08229,180.45084
2024-02-13 19:00:00+00:00,178.81006,198.11464
2024-02-13 19:15:00+00:00,197.49231,201.96606
2024-02-13 19:30:00+00:00,194.34198,205.84966
2024-02-13 19:45:00+00:00,185.46959,202.46017
2024-02-13 20:00:00+00:00,186.24069,201.13522
2024-02-13 20:15:00+00:00,190.38393,196.34407
2024-02-13 20:30:00+00:00,185.94563,195.0477
2024-02-13 20:45:00+00:00,185.39844,186.17152
2024-02-13 21:00:00+00:00,177.33377,174.44656
2024-02-13 21:15:00+00:00,182.30461,183.91563
2024-02-13 21:30:00+00:00,183.65012,198.12027
2024-02-13 21:45:00+00:00,191.71687,206.57329
2024-02-13 22:00:00+00:00,179.31123,195.30334
2024-02-13 22:15:00+00:00,167.17656,189.08508
2024-02-13 22:30:00+00:00,159.54295,178.5008
2024-02-13 22:45:00+00:00,170.18564,193.11775
2024-02-13 23:00:00+00:00,189.83253,213.0561
2024-02-13 23:15:00+00:00,188.45355,199.70796
2024-02-13 23:30:00+00:00,173.79633,188.89551
2024-02-13 23:45:00+00:00,161.0318,180.03711
2024-02-14 00:00:00+00:00,161.41327,159.66531
2024-02-14 00:15:00+00:00,150.3949,153.30035
2024-02-14 00:30:00+00:00,147.7326,154.51102
2024-02-14 00:45:00+00:00,153.98656,159.5264
2024-02-14 01:00:00+00:00,182.21747,186.68771
2024-02-14 01:15:00+00:00,175.23868,181.32596
2024-02-14 01:30:00+00:00,174.87782,182.15257
2024-02-14 01:45:00+00:00,162.0416,175.16415
2024-02-14 02:00:00+00:00,158.51392,167.71597
2024-02-14 02:15:00+00:00,162.56189,160.95496
2024-02-14 02:30:00+00:00,166.94867,157.83482
2024-02-14 02:45:00+00:00,163.72833,157.03079
2024-02-14 03:00:00+00:00,153.69286,158.01294
2024-02-14 03:15:00+00:00,158.55377,154.0206
2024-02-14 03:30:00+00:00,147.5417,156.07048
2024-02-14 03:45:00+00:00,139.99751,157.34547
2024-02-14 04:00:00+00:00,152.50436,163.5184
2024-02-14 04:15:00+00:00,159.22302,164.1077
2024-02-14 04:30:00+00:00,161.0797,167.28973
2024-02-14 04:45:00+00:00,167.51932,167.23196
2024-02-14 05:00:00+00:00,159.44121,169.68057
2024-02-14 05:15:00+00:00,167.61687,173.4878
2024-02-14 05:30:00+00:00,166.1693,174.32968
2024-02-14 05:45:00+00:00,173.7785,171.47925
2024-02-14 06:00:00+00:00,156.86598,161.59378
2024-02-14 06:15:00+00:00,153.81767,159.60864
2024-02-14 06:30:00+00:00,162.08356,157.15337
2024-02-14 06:45:00+00:00,156.28485,153.9742
2024-02-14 07:00:00+00:00,151.3484,148.87637
2024-02-14 07:15:00+00:00,144.86263,142.78745
2024-02-14 07:30:00+00:00,135.06421,135.96786
2024-02-14 07:45:00+00:00,124.3899,129.41203
2024-02-14 08:00:00+00:00,118.30483,125.16892
2024-02-14 08:15:00+00:00,106.95289,113.56944
2024-02-14 08:30:00+00:00,98.20868,107.747635
2024-02-14 08:45:00+00:00,85.34307,100.8174
2024-02-14 09:00:00+00:00,87.32877,97.55819
2024-02-14 09:15:00+00:00,83.64794,94.11818
2024-02-14 09:30:00+00:00,88.21725,91.536705
2024-02-14 09:45:00+00:00,93.30265,88.58007
2024-02-14 10:00:00+00:00,63.70704,67.634766
2024-02-14 10:15:00+00:00,57.553787,63.27415
2024-02-14 10:30:00+00:00,61.471687,64.545395
2024-02-14 10:45:00+00:00,62.476597,68.21217
2024-02-14 11:00:00+00:00,94.32015,103.75918
2024-02-14 11:15:00+00:00,88.24977,96.71426
2024-02-14 11:30:00+00:00,72.450195,83.300964
2024-02-14 11:45:00+00:00,75.49116,76.10778
2024-02-14 12:00:00+00:00,72.096695,77.48487
2024-02-14 12:15:00+00:00,68.52076,71.91693
2024-02-14 12:30:00+00:00,64.14551,72.11272
2024-02-14 12:45:00+00:00,65.868965,74.28035
2024-02-14 13:00:00+00:00,69.96309,75.08277
2024-02-14 13:15:00+00:00,63.26647,72.84098
2024-02-14 13:30:00+00:00,62.918213,71.6322
2024-02-14 13:45:00+00:00,66.766884,71.57807
2024-02-14 14:00:00+00:00,68.0204,73.131584
2024-02-14 14:15:00+00:00,80.954185,75.406555
2024-02-14 14:30:00+00:00,79.9776,79.55757
2024-02-14 14:45:00+00:00,75.991516,79.764084
2024-02-14 15:00:00+00:00,81.42832,83.71305
2024-02-14 15:15:00+00:00,100.713615,89.75858
2024-02-14 15:30:00+00:00,105.057396,93.64495
2024-02-14 15:45:00+00:00,96.7611,101.57623
2024-02-14 16:00:00+00:00,98.00728,109.29039
2024-02-14 16:15:00+00:00,109.06971,111.4006
2024-02-14 16:30:00+00:00,116.81425,119.279686
2024-02-14 16:45:00+00:00,123.34093,129.31555
2024-02-14 17:00:00+00:00,134.9635,136.48373
2024-02-14 17:15:00+00:00,136.05968,143.40495
2024-02-14 17:30:00+00:00,130.51903,147.07687
2024-02-14 17:45:00+00:00,142.74791,156.59662
2024-02-14 18:00:00+00:00,151.57812,158.76317
2024-02-14 18:15:00+00:00,151.09875,158.6528
2024-02-14 18:30:00+00:00,144.57312,154.2891
2024-02-14 18:45:00+00:00,131.18826,153.8623
2024-02-14 19:00:00+00:00,141.87202,165.8179
2024-02-14 19:15:00+00:00,150.8428,171.623
2024-02-14 19:30:00+00:00,158.53699,168.83095
2024-02-14 19:45:00+00:00,164.20981,168.09375
2024-02-14 20:00:00+00:00,157.39047,168.87076
2024-02-14 20:15:00+00:00,154.56874,163.17758
2024-02-14 20:30:00+00:00,158.33453,160.64384
2024-02-14 20:45:00+00:00,152.2159,155.17204
2024-02-14 21:00:00+00:00,146.44553,147.29416
2024-02-14 21:15:00+00:00,161.4185,150.03555
2024-02-14 21:30:00+00:00,158.90938,157.66463
2024-02-14 21:45:00+00:00,172.79457,162.07278
2024-02-14 22:00:00+00:00,166.07384,154.7091
2024-02-14 22:15:00+00:00,170.00223,148.78595
2024-02-14 22:30:00+00:00,150.39279,139.69083
2024-02-14 22:45:00+00:00,167.29274,143.502
2024-02-14 23:00:00+00:00,198.67369,157.32413
2024-02-14 23:15:00+00:00,188.77037,151.8179
2024-02-14 23:30:00+00:00,165.10773,148.04831
2024-02-14 23:45:00+00:00,157.69257,143.48064
2024-02-15 00:00:00+00:00,158.60275,155.22258
2024-02-15 00:15:00+00:00,148.1522,147.19846
2024-02-15 00:30:00+00:00,148.10593,145.21951
2024-02-15 00:45:00+00:00,158.37558,153.4739
2024-02-15 01:00:00+00:00,186.58374,182.5214
2024-02-15 01:15:00+00:00,179.609,177.99826
2024-02-15 01:30:00+00:00,180.86049,182.34427
2024-02-15 01:45:00+00:00,172.95396,175.12555
2024-02-15 02:00:00+00:00,163.28166,165.49716
2024-02-15 02:15:00+00:00,166.70699,161.25482
2024-02-15 02:30:00+00:00,155.77478,159.32898
2024-02-15 02:45:00+00:00,157.91179,158.94981
2024-02-15 03:00:00+00:00,158.75314,158.51736
2024-02-15 03:15:00+00:00,155.66751,157.12009
2024-02-15 03:30:00+00:00,153.67879,159.00278
2024-02-15 03:45:00+00:00,158.84148,160.09474
2024-02-15 04:00:00+00:00,164.93175,168.40938
2024-02-15 04:15:00+00:00,169.18684,163.75217
2024-02-15 04:30:00+00:00,180.08119,169.32361
2024-02-15 04:45:00+00:00,178.0809,170.7743
2024-02-15 05:00:00+00:00,189.87444,175.68295
2024-02-15 05:15:00+00:00,200.90866,179.16772
2024-02-15 05:30:00+00:00,197.6106,178.73624
2024-02-15 05:45:00+00:00,189.76192,176.81601
2024-02-15 06:00:00+00:00,187.53867,168.41415
2024-02-15 06:15:00+00:00,189.73036,165.71538
2024-02-15 06:30:00+00:00,198.04283,165.35805
2024-02-15 06:45:00+00:00,186.45964,163.71375
2024-02-15 07:00:00+00:00,163.329,158.29793
2024-02-15 07:15:00+00:00,148.34256,150.32083
2024-02-15 07:30:00+00:00,128.81918,144.73311
2024-02-15 07:45:00+00:00,123.97409,137.94722
2024-02-15 08:00:00+00:00,129.84142,130.15625
2024-02-15 08:15:00+00:00,129.57639,119.22915
2024-02-15 08:30:00+00:00,108.75208,112.12174
2024-02-15 08:45:00+00:00,92.75078,105.17464
2024-02-15 09:00:00+00:00,96.434814,99.173294
2024-02-15 09:15:00+00:00,91.74642,92.7189
2024-02-15 09:30:00+00:00,79.295586,88.23306
2024-02-15 09:45:00+00:00,80.6491,87.970314
2024-02-15 10:00:00+00:00,57.091476,73.69261
2024-02-15 10:15:00+00:00,62.235245,67.70338
2024-02-15 10:30:00+00:00,61.146755,68.6427
2024-02-15 10:45:00+00:00,60.227585,71.17501
2024-02-15 11:00:00+00:00,86.39337,95.942314
2024-02-15 11:15:00+00:00,90.777824,91.564674
2024-02-15 11:30:00+00:00,73.136955,78.93309
2024-02-15 11:45:00+00:00,66.77745,70.61839
2024-02-15 12:00:00+00:00,65.91823,74.04706
2024-02-15 12:15:00+00:00,62.59597,68.784615
2024-02-15 12:30:00+00:00,57.502686,68.01998
2024-02-15 12:45:00+00:00,56.602448,67.36631
2024-02-15 13:00:00+00:00,66.376755,69.21513
2024-02-15 13:15:00+00:00,66.96044,68.76531
2024-02-15 13:30:00+00:00,64.930695,68.04404
2024-02-15 13:45:00+00:00,67.301186,67.0424
2024-02-15 14:00:00+00:00,71.54156,69.34126
2024-02-15 14:15:00+00:00,73.52713,74.698685
2024-02-15 14:30:00+00:00,84.57502,75.47569
2024-02-15 14:45:00+00:00,81.204384,74.86904
2024-02-15 15:00:00+00:00,81.69026,78.99429
2024-02-15 15:15:00+00:00,92.794945,82.8314
2024-02-15 15:30:00+00:00,100.46064,86.90756
2024-02-15 15:45:00+00:00,99.39634,95.06668
2024-02-15 16:00:00+00:00,99.78441,100.380295
2024-02-15 16:15:00+00:00,105.96934,104.42361
2024-02-15 16:30:00+00:00,119.863075,110.913414
2024-02-15 16:45:00+00:00,123.72905,122.928665
2024-02-15 17:00:00+00:00,128.78027,129.7886
2024-02-15 17:15:00+00:00,126.18262,135.64172
2024-02-15 17:30:00+00:00,129.27351,138.84866
2024-02-15 17:45:00+00:00,144.06958,145.48123
2024-02-15 18:00:00+00:00,148.41513,145.09317
2024-02-15 18:15:00+00:00,151.41347,146.40527
2024-02-15 18:30:00+00:00,145.09181,142.358
2024-02-15 18:45:00+00:00,145.02136,142.5875
2024-02-15 19:00:00+00:00,149.95479,153.34914
2024-02-15 19:15:00+00:00,155.07436,158.85876
2024-02-15 19:30:00+00:00,166.13277,159.35628
2024-02-15 19:45:00+00:00,167.3769,158.00018
2024-02-15 20:00:00+00:00,173.01811,160.37918
2024-02-15 20:15:00+00:00,154.20673,152.10298
2024-02-15 20:30:00+00:00,153.38957,148.62679
2024-02-15 20:45:00+00:00,152.83113,144.76968
2024-02-15 21:00:00+00:00,146.31282,135.70773
2024-02-15 21:15:00+00:00,159.41148,144.55283
2024-02-15 21:30:00+00:00,172.4113,153.5652
2024-02-15 21:45:00+00:00,165.39345,157.29
2024-02-15 22:00:00+00:00,161.6705,154.05807
2024-02-15 22:15:00+00:00,152.48618,147.23212
2024-02-15 22:30:00+00:00,141.4835,139.2245
2024-02-15 22:45:00+00:00,146.27286,144.89182
2024-02-15 23:00:00+00:00,162.7348,162.59369
2024-02-15 23:15:00+00:00,151.79944,159.017
2024-02-15 23:30:00+00:00,141.66124,149.82675
2024-02-15 23:45:00+00:00,142.17761,146.86618
2024-02-16 00:00:00+00:00,127.47724,144.70123
2024-02-16 00:15:00+00:00,120.323715,135.777
2024-02-16 00:30:00+00:00,114.45744,133.56577
2024-02-16 00:45:00+00:00,126.381386,138.34976
2024-02-16 01:00:00+00:00,150.07257,162.84499
2024-02-16 01:15:00+00:00,154.60637,157.69966
2024-02-16 01:30:00+00:00,154.26247,159.04733
2024-02-16 01:45:00+00:00,140.5717,150.07774
2024-02-16 02:00:00+00:00,140.883,141.59827
2024-02-16 02:15:00+00:00,131.07608,136.60648
2024-02-16 02:30:00+00:00,127.236404,129.96399
2024-02-16 02:45:00+00:00,116.36519,130.41237
2024-02-16 03:00:00+00:00,118.860825,133.45125
2024-02-16 03:15:00+00:00,124.30116,130.5812
2024-02-16 03:30:00+00:00,119.951416,129.82047
2024-02-16 03:45:00+00:00,132.82292,131.0278
2024-02-16 04:00:00+00:00,137.27574,137.02855
2024-02-16 04:15:00+00:00,138.22646,136.84363
2024-02-16 04:30:00+00:00,135.43845,140.02872
2024-02-16 04:45:00+00:00,143.33026,140.72577
2024-02-16 05:00:00+00:00,145.50302,142.72409
2024-02-16 05:15:00+00:00,145.13179,148.83147
2024-02-16 05:30:00+00:00,152.61765,149.33904
2024-02-16 05:45:00+00:00,146.89334,147.98532
2024-02-16 06:00:00+00:00,153.33278,141.37544
2024-02-16 06:15:00+00:00,151.97086,139.37332
2024-02-16 06:30:00+00:00,144.2021,137.50388
2024-02-16 06:45:00+00:00,135.38376,135.0632
2024-02-16 07:00:00+00:00,126.86726,129.25981
2024-02-16 07:15:00+00:00,118.58213,124.91704
2024-02-16 07:30:00+00:00,114.190315,116.53252
2024-02-16 07:45:00+00:00,111.5485,115.49339
2024-02-16 08:00:00+00:00,102.37365,113.24699
2024-02-16 08:15:00+00:00,99.617195,101.599724
2024-02-16 08:30:00+00:00,96.78607,96.838585
2024-02-16 08:45:00+00:00,101.324066,93.669586
2024-02-16 09:00:00+00:00,93.76565,88.15053
2024-02-16 09:15:00+00:00,81.5872,89.4513
2024-02-16 09:30:00+00:00,77.89055,86.632996
2024-02-16 09:45:00+00:00,74.03193,84.16414
2024-02-16 10:00:00+00:00,61.654716,70.151085
2024-02-16 10:15:00+00:00,62.23945,68.19309
2024-02-16 10:30:00+00:00,64.317566,69.12124
2024-02-16 10:45:00+00:00,69.236275,72.28055
2024-02-16 11:00:00+00:00,94.72163,102.20724
2024-02-16 11:15:00+00:00,85.25125,94.50047
2024-02-16 11:30:00+00:00,69.99138,81.24617
2024-02-16 11:45:00+00:00,63.819073,76.24612
2024-02-16 12:00:00+00:00,68.5958,77.91179
2024-02-16 12:15:00+00:00,65.769936,74.56627
2024-02-16 12:30:00+00:00,57.865513,74.33352
2024-02-16 12:45:00+00:00,59.843723,76.76494
2024-02-16 13:00:00+00:00,56.515156,74.961525
2024-02-16 13:15:00+00:00,65.05374,71.190575
2024-02-16 13:30:00+00:00,63.31111,69.95005
2024-02-16 13:45:00+00:00,64.84551,69.59546
2024-02-16 14:00:00+00:00,68.24664,69.72308
2024-02-16 14:15:00+00:00,72.31664,72.76076
2024-02-16 14:30:00+00:00,75.55687,74.25667
2024-02-16 14:45:00+00:00,72.895065,74.74507
2024-02-16 15:00:00+00:00,70.80748,77.38118
2024-02-16 15:15:00+00:00,77.50774,82.41483
2024-02-16 15:30:00+00:00,81.91322,86.36341
2024-02-16 15:45:00+00:00,81.37686,94.61807
2024-02-16 16:00:00+00:00,93.506935,100.89764
2024-02-16 16:15:00+00:00,104.77884,105.31212
2024-02-16 16:30:00+00:00,106.44049,112.444046
2024-02-16 16:45:00+00:00,117.19497,119.373825
2024-02-16 17:00:00+00:00,131.01929,126.09019
2024-02-16 17:15:00+00:00,127.28688,134.28398
2024-02-16 17:30:00+00:00,130.21371,136.75406
2024-02-16 17:45:00+00:00,144.60173,146.51212
2024-02-16 18:00:00+00:00,145.59767,146.64539
2024-02-16 18:15:00+00:00,145.20856,145.8042
2024-02-16 18:30:00+00:00,148.6549,144.44952
2024-02-16 18:45:00+00:00,142.42792,141.14462
2024-02-16 19:00:00+00:00,145.16965,150.52824
2024-02-16 19:15:00+00:00,156.49623,156.12338
2024-02-16 19:30:00+00:00,152.61028,153.19685
2024-02-16 19:45:00+00:00,153.71454,154.86888
2024-02-16 20:00:00+00:00,152.94997,158.38713
2024-02-16 20:15:00+00:00,140.45917,151.41202
2024-02-16 20:30:00+00:00,133.26674,146.99379
2024-02-16 20:45:00+00:00,126.76209,143.71619
2024-02-16 21:00:00+00:00,138.97946,132.79742
2024-02-16 21:15:00+00:00,144.84573,137.12703
2024-02-16 21:30:00+00:00,146.73033,147.72179
2024-02-16 21:45:00+00:00,151.28621,150.15073
2024-02-16 22:00:00+00:00,144.78894,147.21066
2024-02-16 22:15:00+00:00,131.74916,140.24991
2024-02-16 22:30:00+00:00,122.08107,134.7504
2024-02-16 22:45:00+00:00,136.68259,136.64653
2024-02-16 23:00:00+00:00,156.2859,156.27798
2024-02-16 23:15:00+00:00,149.99896,151.87512
2024-02-16 23:30:00+00:00,152.31792,148.13272
2024-02-16 23:45:00+00:00,152.58188,145.29341
2024-02-17 00:00:00+00:00,145.55733,140.42982
2024-02-17 00:15:00+00:00,126.54748,130.10693
2024-02-17 00:30:00+00:00,125.095566,133.84341
2024-02-17 00:45:00+00:00,126.61496,137.66959
2024-02-17 01:00:00+00:00,151.58852,163.0414
2024-02-17 01:15:00+00:00,148.58769,154.32095
2024-02-17 01:30:00+00:00,144.59467,150.62772
2024-02-17 01:45:00+00:00,137.28131,141.87616
2024-02-17 02:00:00+00:00,126.0266,131.64755
2024-02-17 02:15:00+00:00,122.03357,126.60557
2024-02-17 02:30:00+00:00,116.19428,118.668335
2024-02-17 02:45:00+00:00,106.94399,120.074684
2024-02-17 03:00:00+00:00,104.606384,121.99524
2024-02-17 03:15:00+00:00,109.50936,119.42472
2024-02-17 03:30:00+00:00,108.26938,120.42906
2024-02-17 03:45:00+00:00,95.46575,120.41421
2024-02-17 04:00:00+00:00,101.83435,126.07353
2024-02-17 04:15:00+00:00,108.840866,125.35426
2024-02-17 04:30:00+00:00,111.38198,128.7446
2024-02-17 04:45:00+00:00,108.08381,124.007164
2024-02-17 05:00:00+00:00,114.965904,126.48354
2024-02-17 05:15:00+00:00,124.88679,131.21608
2024-02-17 05:30:00+00:00,118.66475,134.17773
2024-02-17 05:45:00+00:00,126.341866,131.6091
2024-02-17 06:00:00+00:00,109.12556,133.04276
2024-02-17 06:15:00+00:00,109.297424,128.8608
2024-02-17 06:30:00+00:00,110.08928,128.4742
2024-02-17 06:45:00+00:00,114.25523,127.93362
2024-02-17 07:00:00+00:00,122.44585,126.944115
2024-02-17 07:15:00+00:00,123.26723,126.44995
2024-02-17 07:30:00+00:00,118.94417,124.282425
2024-02-17 07:45:00+00:00,119.56943,121.338646
2024-02-17 08:00:00+00:00,116.29656,122.70669
2024-02-17 08:15:00+00:00,124.49244,120.10048
2024-02-17 08:30:00+00:00,117.60613,118.27478
2024-02-17 08:45:00+00:00,115.61225,118.348366
2024-02-17 09:00:00+00:00,122.54391,117.181496
2024-02-17 09:15:00+00:00,123.31995,113.8947
2024-02-17 09:30:00+00:00,114.69281,111.998215
2024-02-17 09:45:00+00:00,123.7048,114.34914
2024-02-17 10:00:00+00:00,119.31426,110.94718
2024-02-17 10:15:00+00:00,127.53862,110.744774
2024-02-17 10:30:00+00:00,114.68859,113.5753
2024-02-17 10:45:00+00:00,117.59453,114.50697
2024-02-17 11:00:00+00:00,127.629295,124.33696
2024-02-17 11:15:00+00:00,118.33894,123.11784
2024-02-17 11:30:00+00:00,121.30076,118.41726
2024-02-17 11:45:00+00:00,120.03231,116.08626
2024-02-17 12:00:00+00:00,124.75604,116.85521
2024-02-17 12:15:00+00:00,123.465454,116.38847
2024-02-17 12:30:00+00:00,110.96549,118.14791
2024-02-17 12:45:00+00:00,112.40897,115.15993
2024-02-17 13:00:00+00:00,112.89189,114.820816
2024-02-17 13:15:00+00:00,108.46233,114.59397
2024-02-17 13:30:00+00:00,106.30608,114.43317
2024-02-17 13:45:00+00:00,118.11119,114.32887
2024-02-17 14:00:00+00:00,133.89246,116.11625
2024-02-17 14:15:00+00:00,131.11937,120.6212
2024-02-17 14:30:00+00:00,134.0696,121.24496
2024-02-17 14:45:00+00:00,122.42792,122.26231
2024-02-17 15:00:00+00:00,118.45176,124.5468
2024-02-17 15:15:00+00:00,125.43403,129.83054
2024-02-17 15:30:00+00:00,136.99663,134.39206
2024-02-17 15:45:00+00:00,137.56705,139.24161
2024-02-17 16:00:00+00:00,145.29373,142.39192
2024-02-17 16:15:00+00:00,148.63197,148.7825
2024-02-17 16:30:00+00:00,148.58452,156.26352
2024-02-17 16:45:00+00:00,159.7106,161.04965
2024-02-17 17:00:00+00:00,166.36705,162.52896
2024-02-17 17:15:00+00:00,160.76184,164.4114
2024-02-17 17:30:00+00:00,160.81456,167.63937
2024-02-17 17:45:00+00:00,164.82867,170.54634
2024-02-17 18:00:00+00:00,163.13214,165.07382
2024-02-17 18:15:00+00:00,154.71483,164.42284
2024-02-17 18:30:00+00:00,157.68614,164.54288
2024-02-17 18:45:00+00:00,157.87277,162.2154
2024-02-17 19:00:00+00:00,165.61632,163.40047
2024-02-17 19:15:00+00:00,157.32237,162.05869
2024-02-17 19:30:00+00:00,166.10133,160.3216
2024-02-17 19:45:00+00:00,162.20004,161.03853
2024-02-17 20:00:00+00:00,149.98477,162.1947
2024-02-17 20:15:00+00:00,143.04152,157.87047
2024-02-17 20:30:00+00:00,138.25558,156.5227
2024-02-17 20:45:00+00:00,138.27878,155.06607
2024-02-17 21:00:00+00:00,133.72375,148.82297
2024-02-17 21:15:00+00:00,140.94748,152.25722
2024-02-17 21:30:00+00:00,160.68275,161.80661
2024-02-17 21:45:00+00:00,157.85274,167.35101
2024-02-17 22:00:00+00:00,155.98117,163.70789
2024-02-17 22:15:00+00:00,143.23236,158.12112
2024-02-17 22:30:00+00:00,141.65498,150.58965
2024-02-17 22:45:00+00:00,142.1864,154.86992
2024-02-17 23:00:00+00:00,162.79683,167.67542
2024-02-17 23:15:00+00:00,164.18127,166.85788
2024-02-17 23:30:00+00:00,150.5415,162.63039
2024-02-17 23:45:00+00:00,148.11426,162.50781
2024-02-18 00:00:00+00:00,142.03667,150.48077
2024-02-18 00:15:00+00:00,133.33046,140.63365
2024-02-18 00:30:00+00:00,131.55379,141.71408
2024-02-18 00:45:00+00:00,133.48967,151.59134
2024-02-18 01:00:00+00:00,170.63422,186.37912
2024-02-18 01:15:00+00:00,162.08827,179.0676
2024-02-18 01:30:00+00:00,165.05959,179.16216
2024-02-18 01:45:00+00:00,162.1041,168.29587
2024-02-18 02:00:00+00:00,140.60057,156.66415
2024-02-18 02:15:00+00:00,127.34672,149.99179
2024-02-18 02:30:00+00:00,137.18536,141.06517
2024-02-18 02:45:00+00:00,145.81355,140.82036
2024-02-18 03:00:00+00:00,133.77542,137.99083
2024-02-18 03:15:00+00:00,127.72103,132.01834
2024-02-18 03:30:00+00:00,130.23367,129.44969
2024-02-18 03:45:00+00:00,137.32877,133.35037
2024-02-18 04:00:00+00:00,143.77855,135.16513
2024-02-18 04:15:00+00:00,144.04109,132.9327
2024-02-18 04:30:00+00:00,136.00443,137.50674
2024-02-18 04:45:00+00:00,128.09746,133.5792
2024-02-18 05:00:00+00:00,136.17946,136.31429
2024-02-18 05:15:00+00:00,131.48314,140.57745
2024-02-18 05:30:00+00:00,131.20056,143.24925
2024-02-18 05:45:00+00:00,139.59045,138.32083
2024-02-18 06:00:00+00:00,125.28008,138.80757
2024-02-18 06:15:00+00:00,131.89226,138.9146
2024-02-18 06:30:00+00:00,127.92348,140.13632
2024-02-18 06:45:00+00:00,129.57362,141.20978
2024-02-18 07:00:00+00:00,144.7834,140.16806
2024-02-18 07:15:00+00:00,139.60944,140.25764
2024-02-18 07:30:00+00:00,132.83067,136.31653
2024-02-18 07:45:00+00:00,122.70839,134.5033
2024-02-18 08:00:00+00:00,123.46756,136.03163
2024-02-18 08:15:00+00:00,114.087585,130.11617
2024-02-18 08:30:00+00:00,121.73307,126.389694
2024-02-18 08:45:00+00:00,114.53359,127.77335
2024-02-18 09:00:00+00:00,108.37166,129.38455
2024-02-18 09:15:00+00:00,100.95287,124.627304
2024-02-18 09:30:00+00:00,96.359886,120.68013
2024-02-18 09:45:00+00:00,92.586174,124.65721
2024-02-18 10:00:00+00:00,90.42675,110.767334
2024-02-18 10:15:00+00:00,88.20407,107.39598
2024-02-18 10:30:00+00:00,85.5185,110.439476
2024-02-18 10:45:00+00:00,93.87571,112.72318
2024-02-18 11:00:00+00:00,93.01215,121.284706
2024-02-18 11:15:00+00:00,89.058136,113.45847
2024-02-18 11:30:00+00:00,87.62204,106.30117
2024-02-18 11:45:00+00:00,85.25596,105.73794
2024-02-18 12:00:00+00:00,86.855484,104.354836
2024-02-18 12:15:00+00:00,88.56257,104.72809
2024-02-18 12:30:00+00:00,92.1623,105.645004
2024-02-18 12:45:00+00:00,96.73209,105.53976
2024-02-18 13:00:00+00:00,86.66358,106.62264
2024-02-18 13:15:00+00:00,91.31878,105.204185
2024-02-18 13:30:00+00:00,93.208275,105.90768
2024-02-18 13:45:00+00:00,90.81689,109.24239
2024-02-18 14:00:00+00:00,98.240944,111.45331
2024-02-18 14:15:00+00:00,100.486824,118.527756
2024-02-18 14:30:00+00:00,101.64983,117.454895
2024-02-18 14:45:00+00:00,112.081055,123.11676
2024-02-18 15:00:00+00:00,112.1749,130.92981
2024-02-18 15:15:00+00:00,118.85033,135.50063
2024-02-18 15:30:00+00:00,123.25563,141.50583
2024-02-18 15:45:00+00:00,125.40872,148.9648
2024-02-18 16:00:00+00:00,130.75455,154.66272
2024-02-18 16:15:00+00:00,139.6843,158.79892
2024-02-18 16:30:00+00:00,159.1159,168.10861
2024-02-18 16:45:00+00:00,165.48346,172.24263
2024-02-18 17:00:00+00:00,168.53807,173.24905
2024-02-18 17:15:00+00:00,177.41826,177.27806
2024-02-18 17:30:00+00:00,162.04715,181.36945
2024-02-18 17:45:00+00:00,171.25316,181.60573
2024-02-18 18:00:00+00:00,162.99084,175.93393
2024-02-18 18:15:00+00:00,172.15363,171.2133
2024-02-18 18:30:00+00:00,168.36198,167.9325
2024-02-18 18:45:00+00:00,156.04128,167.75546
2024-02-18 19:00:00+00:00,156.7783,170.64267
2024-02-18 19:15:00+00:00,161.9259,172.20222
2024-02-18 19:30:00+00:00,147.0082,169.63095
2024-02-18 19:45:00+00:00,148.59612,167.44388
2024-02-18 20:00:00+00:00,145.56892,168.37434
2024-02-18 20:15:00+00:00,140.78299,164.98445
2024-02-18 20:30:00+00:00,148.36415,158.15854
2024-02-18 20:45:00+00:00,141.54637,153.0809
2024-02-18 21:00:00+00:00,138.85342,147.8693
2024-02-18 21:15:00+00:00,146.6845,148.68726
2024-02-18 21:30:00+00:00,155.11234,155.87111
2024-02-18 21:45:00+00:00,158.575,165.39824
2024-02-18 22:00:00+00:00,148.95251,157.19458
2024-02-18 22:15:00+00:00,138.05103,148.67183
2024-02-18 22:30:00+00:00,134.80873,144.24246
2024-02-18 22:45:00+00:00,150.77031,148.89664
2024-02-18 23:00:00+00:00,164.16335,164.60861
2024-02-18 23:15:00+00:00,152.6271,158.97224
2024-02-18 23:30:00+00:00,144.64105,147.326
2024-02-18 23:45:00+00:00,141.92596,146.55002
2024-02-19 00:00:00+00:00,137.82991,134.7166
2024-02-19 00:15:00+00:00,124.28339,127.622375
2024-02-19 00:30:00+00:00,115.9632,126.76548
2024-02-19 00:45:00+00:00,125.44821,131.12003
2024-02-19 01:00:00+00:00,157.55882,157.06036
2024-02-19 01:15:00+00:00,150.59,152.20863
2024-02-19 01:30:00+00:00,155.63722,151.1561
2024-02-19 01:45:00+00:00,143.75897,145.26566
2024-02-19 02:00:00+00:00,138.58562,136.08658
2024-02-19 02:15:00+00:00,134.54953,129.60571
2024-02-19 02:30:00+00:00,117.344246,124.872604
2024-02-19 02:45:00+00:00,118.296036,125.50731
2024-02-19 03:00:00+00:00,123.64427,125.18591
2024-02-19 03:15:00+00:00,115.70565,126.21643
2024-02-19 03:30:00+00:00,115.967445,124.15871
2024-02-19 03:45:00+00:00,121.5054,125.65768
2024-02-19 04:00:00+00:00,126.06825,134.83427
2024-02-19 04:15:00+00:00,145.50356,133.69193
2024-02-19 04:30:00+00:00,140.84956,138.89584
2024-02-19 04:45:00+00:00,140.84213,135.25797
2024-02-19 05:00:00+00:00,149.03831,142.34814
2024-02-19 05:15:00+00:00,148.34726,148.08102
2024-02-19 05:30:00+00:00,139.24382,147.48853
2024-02-19 05:45:00+00:00,143.82892,147.07077
2024-02-19 06:00:00+00:00,141.6466,141.79489
2024-02-19 06:15:00+00:00,143.7611,141.00322
2024-02-19 06:30:00+00:00,140.81035,139.52786
2024-02-19 06:45:00+00:00,141.5438,135.02878
2024-02-19 07:00:00+00:00,140.08855,132.37448
2024-02-19 07:15:00+00:00,126.908745,126.8422
2024-02-19 07:30:00+00:00,123.16202,118.462234
2024-02-19 07:45:00+00:00,114.40304,116.537636
2024-02-19 08:00:00+00:00,110.48036,116.08075
2024-02-19 08:15:00+00:00,104.85549,110.38235
2024-02-19 08:30:00+00:00,94.38902,104.45559
2024-02-19 08:45:00+00:00,99.492424,101.19649
2024-02-19 09:00:00+00:00,95.95237,94.54868
2024-02-19 09:15:00+00:00,86.9104,92.93587
2024-02-19 09:30:00+00:00,87.12662,90.862076
2024-02-19 09:45:00+00:00,81.7964,90.56096
2024-02-19 10:00:00+00:00,58.145885,85.89528
2024-02-19 10:15:00+00:00,62.0728,85.60075
2024-02-19 10:30:00+00:00,67.97218,84.50273
2024-02-19 10:45:00+00:00,65.34894,90.04752
2024-02-19 11:00:00+00:00,101.41296,118.005066
2024-02-19 11:15:00+00:00,107.697075,110.67285
2024-02-19 11:30:00+00:00,93.82092,98.52437
2024-02-19 11:45:00+00:00,86.91994,94.51723
2024-02-19 12:00:00+00:00,89.99682,95.99685
2024-02-19 12:15:00+00:00,86.09852,94.47412
2024-02-19 12:30:00+00:00,86.07308,93.23899
2024-02-19 12:45:00+00:00,89.79649,90.672195
2024-02-19 13:00:00+00:00,91.32275,91.977005
2024-02-19 13:15:00+00:00,92.51619,90.605225
2024-02-19 13:30:00+00:00,85.411705,91.01218
2024-02-19 13:45:00+00:00,91.45205,89.622986
2024-02-19 14:00:00+00:00,92.109184,90.52777
2024-02-19 14:15:00+00:00,91.37892,94.97825
2024-02-19 14:30:00+00:00,83.61412,96.89423
2024-02-19 14:45:00+00:00,91.383156,98.170074
2024-02-19 15:00:00+00:00,85.2559,103.4808
2024-02-19 15:15:00+00:00,95.183945,106.88137
2024-02-19 15:30:00+00:00,100.51522,112.921425
2024-02-19 15:45:00+00:00,109.89636,121.162254
2024-02-19 16:00:00+00:00,109.78825,124.25997
2024-02-19 16:15:00+00:00,124.282326,127.00395
2024-02-19 16:30:00+00:00,127.63371,133.04108
2024-02-19 16:45:00+00:00,140.01012,141.58435
2024-02-19 17:00:00+00:00,148.18828,144.65576
2024-02-19 17:15:00+00:00,144.66837,149.81322
2024-02-19 17:30:00+00:00,144.43942,152.11003
2024-02-19 17:45:00+00:00,153.37117,163.20958
2024-02-19 18:00:00+00:00,162.99503,164.59831
2024-02-19 18:15:00+00:00,160.6198,165.52234
2024-02-19 18:30:00+00:00,159.80049,162.89615
2024-02-19 18:45:00+00:00,150.26674,161.4736
2024-02-19 19:00:00+00:00,158.68654,170.39304
2024-02-19 19:15:00+00:00,171.08308,173.47653
2024-02-19 19:30:00+00:00,164.64528,171.55489
2024-02-19 19:45:00+00:00,165.525,169.52298
2024-02-19 20:00:00+00:00,163.37022,170.66049
2024-02-19 20:15:00+00:00,151.11995,167.9927
2024-02-19 20:30:00+00:00,147.40819,161.63913
2024-02-19 20:45:00+00:00,142.41927,155.23813
2024-02-19 21:00:00+00:00,142.01332,145.9705
2024-02-19 21:15:00+00:00,149.9424,149.65096
2024-02-19 21:30:00+00:00,157.37863,157.51321
2024-02-19 21:45:00+00:00,163.25046,163.3901
2024-02-19 22:00:00+00:00,162.61769,158.4393
2024-02-19 22:15:00+00:00,137.76102,154.22456
2024-02-19 22:30:00+00:00,132.30255,145.1857
2024-02-19 22:45:00+00:00,142.10023,148.6259
2024-02-19 23:00:00+00:00,160.22446,161.67941
2024-02-19 23:15:00+00:00,152.54762,156.63681
2024-02-19 23:30:00+00:00,142.04195,151.55406
2024-02-19 23:45:00+00:00,137.29149,150.42862
2024-02-20 00:00:00+00:00,132.80707,141.03738
2024-02-20 00:15:00+00:00,132.40219,133.43648
2024-02-20 00:30:00+00:00,123.73542,130.67487
2024-02-20 00:45:00+00:00,128.27919,136.14828
2024-02-20 01:00:00+00:00,150.35683,164.57678
2024-02-20 01:15:00+00:00,152.83485,162.85686
2024-02-20 01:30:00+00:00,145.35199,160.32866
2024-02-20 01:45:00+00:00,140.48389,153.58841
2024-02-20 02:00:00+00:00,142.12885,143.59273
2024-02-20 02:15:00+00:00,134.55272,137.35706
2024-02-20 02:30:00+00:00,126.1753,132.7903
2024-02-20 02:45:00+00:00,131.16953,132.66092
2024-02-20 03:00:00+00:00,135.25119,133.50777
2024-02-20 03:15:00+00:00,140.6715,135.01688
2024-02-20 03:30:00+00:00,133.9401,136.13031
2024-02-20 03:45:00+00:00,126.797455,138.97102
2024-02-20 04:00:00+00:00,134.34921,149.09814
2024-02-20 04:15:00+00:00,142.75208,146.57446
2024-02-20 04:30:00+00:00,134.44354,152.90968
2024-02-20 04:45:00+00:00,146.53271,151.91885
2024-02-20 05:00:00+00:00,163.68607,159.51823
2024-02-20 05:15:00+00:00,167.24626,163.75264
2024-02-20 05:30:00+00:00,160.65689,164.13486
2024-02-20 05:45:00+00:00,169.96596,165.91328
2024-02-20 06:00:00+00:00,162.51277,158.7891
2024-02-20 06:15:00+00:00,157.36168,156.10782
2024-02-20 06:30:00+00:00,157.84816,152.92406
2024-02-20 06:45:00+00:00,155.9552,149.36118
2024-02-20 07:00:00+00:00,160.46611,148.74464
2024-02-20 07:15:00+00:00,155.65842,140.69221
2024-02-20 07:30:00+00:00,139.87021,130.37561
2024-02-20 07:45:00+00:00,117.17784,125.65376
2024-02-20 08:00:00+00:00,120.48684,121.42265
2024-02-20 08:15:00+00:00,108.92126,115.49723
2024-02-20 08:30:00+00:00,96.753654,108.60435
2024-02-20 08:45:00+00:00,98.18451,101.95895
2024-02-20 09:00:00+00:00,88.58821,92.17102
2024-02-20 09:15:00+00:00,89.671425,90.85301
2024-02-20 09:30:00+00:00,91.588776,87.487015
2024-02-20 09:45:00+00:00,83.72965,85.58138
2024-02-20 10:00:00+00:00,67.51006,77.31026
2024-02-20 10:15:00+00:00,69.71041,76.988815
2024-02-20 10:30:00+00:00,75.81435,78.625984
2024-02-20 10:45:00+00:00,71.98389,82.96904
2024-02-20 11:00:00+00:00,108.83222,122.630714
2024-02-20 11:15:00+00:00,109.06646,116.934044
2024-02-20 11:30:00+00:00,88.19817,102.52551
2024-02-20 11:45:00+00:00,86.332756,95.39778
2024-02-20 12:00:00+00:00,86.50976,99.10129
2024-02-20 12:15:00+00:00,84.92628,94.122734
2024-02-20 12:30:00+00:00,81.28235,93.16918
2024-02-20 12:45:00+00:00,79.47629,91.87138
2024-02-20 13:00:00+00:00,78.05073,92.44397
2024-02-20 13:15:00+00:00,81.53567,90.40776
2024-02-20 13:30:00+00:00,81.99884,90.55839
2024-02-20 13:45:00+00:00,84.2808,88.25527
2024-02-20 14:00:00+00:00,86.741875,84.90035
2024-02-20 14:15:00+00:00,80.345406,90.69209
2024-02-20 14:30:00+00:00,78.44077,95.17934
2024-02-20 14:45:00+00:00,86.96233,93.87251
2024-02-20 15:00:00+00:00,86.49174,96.31843
2024-02-20 15:15:00+00:00,88.989914,101.73546
2024-02-20 15:30:00+00:00,83.257996,106.801865
2024-02-20 15:45:00+00:00,97.46908,111.196945
2024-02-20 16:00:00+00:00,109.99281,119.5931
2024-02-20 16:15:00+00:00,122.16995,130.1023
2024-02-20 16:30:00+00:00,119.11427,136.64493
2024-02-20 16:45:00+00:00,133.02753,148.04256
2024-02-20 17:00:00+00:00,156.28165,156.19937
2024-02-20 17:15:00+00:00,146.59102,161.97726
2024-02-20 17:30:00+00:00,153.0373,161.54477
2024-02-20 17:45:00+00:00,165.5038,175.24396
2024-02-20 18:00:00+00:00,173.45726,183.73276
2024-02-20 18:15:00+00:00,163.46031,186.42606
2024-02-20 18:30:00+00:00,160.22339,182.74721
2024-02-20 18:45:00+00:00,164.30823,184.84242
2024-02-20 19:00:00+00:00,185.59836,198.91406
2024-02-20 19:15:00+00:00,196.37009,200.10812
2024-02-20 19:30:00+00:00,207.50005,201.33266
2024-02-20 19:45:00+00:00,195.52322,198.6406
2024-02-20 20:00:00+00:00,183.31111,196.70432
2024-02-20 20:15:00+00:00,179.61842,193.01498
2024-02-20 20:30:00+00:00,189.54436,193.0068
2024-02-20 20:45:00+00:00,177.63112,186.80527
2024-02-20 21:00:00+00:00,182.71756,176.69136
2024-02-20 21:15:00+00:00,194.369,183.25331
2024-02-20 21:30:00+00:00,182.41338,194.70236
2024-02-20 21:45:00+00:00,188.55229,200.48718
2024-02-20 22:00:00+00:00,172.69095,191.59454
2024-02-20 22:15:00+00:00,171.27705,183.9808
2024-02-20 22:30:00+00:00,162.90599,174.68152
2024-02-20 22:45:00+00:00,186.04669,183.34917
2024-02-20 23:00:00+00:00,195.72037,198.3265
2024-02-20 23:15:00+00:00,182.7748,188.69359
2024-02-20 23:30:00+00:00,182.9624,184.9252
2024-02-20 23:45:00+00:00,175.74557,180.80415
2024-02-21 00:00:00+00:00,160.98497,171.0698
2024-02-21 00:15:00+00:00,160.70442,163.48967
2024-02-21 00:30:00+00:00,161.92862,168.97012
2024-02-21 00:45:00+00:00,170.96657,175.43109
2024-02-21 01:00:00+00:00,211.75476,198.6025
2024-02-21 01:15:00+00:00,196.2367,192.08852
2024-02-21 01:30:00+00:00,185.88211,194.1774
2024-02-21 01:45:00+00:00,179.63577,187.6904
2024-02-21 02:00:00+00:00,162.43976,180.19823
2024-02-21 02:15:00+00:00,167.14629,174.37094
2024-02-21 02:30:00+00:00,164.58952,172.09492
2024-02-21 02:45:00+00:00,164.58102,172.73428
2024-02-21 03:00:00+00:00,158.7045,175.49802
2024-02-21 03:15:00+00:00,160.96902,171.92258
2024-02-21 03:30:00+00:00,168.02512,171.65811
2024-02-21 03:45:00+00:00,156.73645,172.12775
2024-02-21 04:00:00+00:00,163.28564,179.43518
2024-02-21 04:15:00+00:00,162.91689,180.72482
2024-02-21 04:30:00+00:00,168.95389,183.30273
2024-02-21 04:45:00+00:00,181.02998,182.40659
2024-02-21 05:00:00+00:00,190.46324,183.9077
2024-02-21 05:15:00+00:00,184.75356,185.81418
2024-02-21 05:30:00+00:00,192.17625,186.76077
2024-02-21 05:45:00+00:00,191.34845,183.91273
2024-02-21 06:00:00+00:00,181.929,172.97899
2024-02-21 06:15:00+00:00,193.4844,170.26146
2024-02-21 06:30:00+00:00,191.42815,165.97388
2024-02-21 06:45:00+00:00,174.23532,162.21225
2024-02-21 07:00:00+00:00,171.57228,155.05125
2024-02-21 07:15:00+00:00,160.9446,148.03062
2024-02-21 07:30:00+00:00,144.25653,142.82695
2024-02-21 07:45:00+00:00,125.905396,137.22366
2024-02-21 08:00:00+00:00,129.53014,131.60608
2024-02-21 08:15:00+00:00,111.37029,117.96452
2024-02-21 08:30:00+00:00,104.72546,113.26741
2024-02-21 08:45:00+00:00,94.21253,110.00548
2024-02-21 09:00:00+00:00,94.66097,103.39357
2024-02-21 09:15:00+00:00,88.36894,99.554184
2024-02-21 09:30:00+00:00,84.510414,96.73612
2024-02-21 09:45:00+00:00,84.666626,96.674255
2024-02-21 10:00:00+00:00,58.744022,85.917435
2024-02-21 10:15:00+00:00,60.704636,81.16414
2024-02-21 10:30:00+00:00,65.46111,81.326225
2024-02-21 10:45:00+00:00,57.42313,78.83801
2024-02-21 11:00:00+00:00,84.837715,103.80229
2024-02-21 11:15:00+00:00,89.010796,98.32928
2024-02-21 11:30:00+00:00,78.5053,87.95815
2024-02-21 11:45:00+00:00,70.59378,83.70366
2024-02-21 12:00:00+00:00,66.279366,81.98539
2024-02-21 12:15:00+00:00,58.266884,77.891174
2024-02-21 12:30:00+00:00,57.892826,78.12476
2024-02-21 12:45:00+00:00,69.0051,79.304214
2024-02-21 13:00:00+00:00,62.638683,78.45927
2024-02-21 13:15:00+00:00,63.327286,75.4636
2024-02-21 13:30:00+00:00,64.67899,75.21332
2024-02-21 13:45:00+00:00,73.069786,76.32933
2024-02-21 14:00:00+00:00,72.415184,79.22095
2024-02-21 14:15:00+00:00,75.05377,81.67741
2024-02-21 14:30:00+00:00,74.978325,82.43968
2024-02-21 14:45:00+00:00,80.47017,84.554535
2024-02-21 15:00:00+00:00,74.65315,88.94201
2024-02-21 15:15:00+00:00,80.38728,92.13538
2024-02-21 15:30:00+00:00,85.70697,95.448364
2024-02-21 15:45:00+00:00,87.24571,105.96033
2024-02-21 16:00:00+00:00,97.78945,113.2568
2024-02-21 16:15:00+00:00,105.70417,112.57802
2024-02-21 16:30:00+00:00,112.46271,120.734055
2024-02-21 16:45:00+00:00,128.44092,131.0973
2024-02-21 17:00:00+00:00,126.93937,136.30746
2024-02-21 17:15:00+00:00,136.60535,144.03932
2024-02-21 17:30:00+00:00,129.8585,146.2118
2024-02-21 17:45:00+00:00,142.50313,153.75735
2024-02-21 18:00:00+00:00,141.54248,153.88818
2024-02-21 18:15:00+00:00,140.60204,155.18106
2024-02-21 18:30:00+00:00,139.36403,152.40335
2024-02-21 18:45:00+00:00,144.47012,148.44458
2024-02-21 19:00:00+00:00,158.04245,154.3005
2024-02-21 19:15:00+00:00,148.54863,159.7864
2024-02-21 19:30:00+00:00,149.75793,157.24516
2024-02-21 19:45:00+00:00,143.86015,154.58159
2024-02-21 20:00:00+00:00,139.41397,155.70108
2024-02-21 20:15:00+00:00,144.45312,148.40121
2024-02-21 20:30:00+00:00,141.6902,146.60893
2024-02-21 20:45:00+00:00,128.45897,144.35995
2024-02-21 21:00:00+00:00,132.70963,138.83427
2024-02-21 21:15:00+00:00,141.2003,141.93472
2024-02-21 21:30:00+00:00,147.24367,144.41757
2024-02-21 21:45:00+00:00,147.02051,151.33926
2024-02-21 22:00:00+00:00,137.89543,145.18343
2024-02-21 22:15:00+00:00,121.98842,139.13087
2024-02-21 22:30:00+00:00,120.53364,129.59468
2024-02-21 22:45:00+00:00,134.66493,133.61328
2024-02-21 23:00:00+00:00,145.32451,144.96724
2024-02-21 23:15:00+00:00,144.0153,143.8324
2024-02-21 23:30:00+00:00,132.60336,138.96565
2024-02-21 23:45:00+00:00,127.61416,135.70316
2024-02-22 00:00:00+00:00,126.978676,129.08325
2024-02-22 00:15:00+00:00,112.196686,118.4609
2024-02-22 00:30:00+00:00,100.2328,111.95201
2024-02-22 00:45:00+00:00,115.205505,120.555275
2024-02-22 01:00:00+00:00,136.99385,154.64137
2024-02-22 01:15:00+00:00,129.9502,151.81207
2024-02-22 01:30:00+00:00,134.06389,153.29556
2024-02-22 01:45:00+00:00,128.94229,143.02559
2024-02-22 02:00:00+00:00,115.81707,132.50558
2024-02-22 02:15:00+00:00,103.06369,128.53496
2024-02-22 02:30:00+00:00,112.882835,125.11936
2024-02-22 02:45:00+00:00,107.53537,123.66653
2024-02-22 03:00:00+00:00,113.28344,121.432594
2024-02-22 03:15:00+00:00,122.15647,122.29201
2024-02-22 03:30:00+00:00,116.6918,122.49904
2024-02-22 03:45:00+00:00,118.608536,124.90947
2024-02-22 04:00:00+00:00,137.95595,133.79399
2024-02-22 04:15:00+00:00,134.22476,134.53893
2024-02-22 04:30:00+00:00,137.43602,140.47488
2024-02-22 04:45:00+00:00,140.27116,137.81987
2024-02-22 05:00:00+00:00,139.44652,145.19162
2024-02-22 05:15:00+00:00,140.73782,151.48662
2024-02-22 05:30:00+00:00,134.65308,151.50787
2024-02-22 05:45:00+00:00,144.87709,149.83253
2024-02-22 06:00:00+00:00,136.81912,146.8638
2024-02-22 06:15:00+00:00,140.26797,143.99951
2024-02-22 06:30:00+00:00,136.34393,144.98378
2024-02-22 06:45:00+00:00,140.83478,145.58794
2024-02-22 07:00:00+00:00,135.67802,145.26744
2024-02-22 07:15:00+00:00,134.98123,141.26666
2024-02-22 07:30:00+00:00,130.69708,139.54774
2024-02-22 07:45:00+00:00,130.54366,137.94247
2024-02-22 08:00:00+00:00,123.21978,137.06802
2024-02-22 08:15:00+00:00,120.02664,132.38673
2024-02-22 08:30:00+00:00,125.66072,127.62107
2024-02-22 08:45:00+00:00,129.28856,126.20795
2024-02-22 09:00:00+00:00,121.21781,120.22146
2024-02-22 09:15:00+00:00,119.09225,117.60215
2024-02-22 09:30:00+00:00,114.408554,115.77191
2024-02-22 09:45:00+00:00,108.84799,117.19002
2024-02-22 10:00:00+00:00,78.38159,105.37219
2024-02-22 10:15:00+00:00,82.6519,106.710495
2024-02-22 10:30:00+00:00,82.3589,106.213394
2024-02-22 10:45:00+00:00,88.092064,112.226
2024-02-22 11:00:00+00:00,148.16931,147.47961
2024-02-22 11:15:00+00:00,147.05486,145.91245
2024-02-22 11:30:00+00:00,134.07347,134.57109
2024-02-22 11:45:00+00:00,121.90289,127.43846
2024-02-22 12:00:00+00:00,115.124535,129.92612
2024-02-22 12:15:00+00:00,108.45698,123.557655
2024-02-22 12:30:00+00:00,109.79198,125.76609
2024-02-22 12:45:00+00:00,117.86592,121.546776
2024-02-22 13:00:00+00:00,113.681915,122.2321
2024-02-22 13:15:00+00:00,131.21489,122.90835
2024-02-22 13:30:00+00:00,129.73071,121.92051
2024-02-22 13:45:00+00:00,128.73666,120.79448
2024-02-22 14:00:00+00:00,121.62161,119.39372
2024-02-22 14:15:00+00:00,121.73135,124.58036
2024-02-22 14:30:00+00:00,119.548256,124.38893
2024-02-22 14:45:00+00:00,126.5184,123.8904
2024-02-22 15:00:00+00:00,134.79797,125.26658
2024-02-22 15:15:00+00:00,137.89735,129.08826
2024-02-22 15:30:00+00:00,140.71439,132.1502
2024-02-22 15:45:00+00:00,135.66844,136.48332
2024-02-22 16:00:00+00:00,140.11667,139.01082
2024-02-22 16:15:00+00:00,145.53873,146.52795
2024-02-22 16:30:00+00:00,149.93901,150.14478
2024-02-22 16:45:00+00:00,147.41498,158.29329
2024-02-22 17:00:00+00:00,153.31967,160.99944
2024-02-22 17:15:00+00:00,160.88646,163.20197
2024-02-22 17:30:00+00:00,166.38097,166.37521
2024-02-22 17:45:00+00:00,160.20778,174.62395
2024-02-22 18:00:00+00:00,168.26787,172.61948
2024-02-22 18:15:00+00:00,154.42773,174.28526
2024-02-22 18:30:00+00:00,153.7906,171.30447
2024-02-22 18:45:00+00:00,157.25755,170.59412
2024-02-22 19:00:00+00:00,175.25186,183.10196
2024-02-22 19:15:00+00:00,175.06433,184.95485
2024-02-22 19:30:00+00:00,182.95076,186.44098
2024-02-22 19:45:00+00:00,169.33224,182.99216
2024-02-22 20:00:00+00:00,168.71428,185.34998
2024-02-22 20:15:00+00:00,169.03606,180.2576
2024-02-22 20:30:00+00:00,151.75027,177.10612
2024-02-22 20:45:00+00:00,159.5717,170.75786
2024-02-22 21:00:00+00:00,164.85098,161.11667
2024-02-22 21:15:00+00:00,171.15521,170.13623
2024-02-22 21:30:00+00:00,182.04088,181.38513
2024-02-22 21:45:00+00:00,181.28015,187.11719
2024-02-22 22:00:00+00:00,182.28485,179.048
2024-02-22 22:15:00+00:00,167.26634,173.44266
2024-02-22 22:30:00+00:00,155.9151,163.82724
2024-02-22 22:45:00+00:00,171.06679,169.37689
2024-02-22 23:00:00+00:00,195.50703,186.7707
2024-02-22 23:15:00+00:00,184.52016,179.5596
2024-02-22 23:30:00+00:00,176.17667,171.64337
2024-02-22 23:45:00+00:00,177.63525,168.8646
2024-02-23 00:00:00+00:00,165.29741,173.79031
2024-02-23 00:15:00+00:00,149.55865,160.3151
2024-02-23 00:30:00+00:00,145.34375,156.94102
2024-02-23 00:45:00+00:00,163.70244,164.49211
2024-02-23 01:00:00+00:00,190.50371,196.76645
2024-02-23 01:15:00+00:00,190.39609,191.60179
2024-02-23 01:30:00+00:00,190.85637,191.48143
2024-02-23 01:45:00+00:00,188.21086,180.23979
2024-02-23 02:00:00+00:00,171.21169,170.22
2024-02-23 02:15:00+00:00,155.68816,163.6279
2024-02-23 02:30:00+00:00,143.79033,158.70323
2024-02-23 02:45:00+00:00,155.59013,158.41464
2024-02-23 03:00:00+00:00,154.82088,160.86539
2024-02-23 03:15:00+00:00,154.6973,161.22914
2024-02-23 03:30:00+00:00,152.96169,159.60127
2024-02-23 03:45:00+00:00,150.59532,160.91771
2024-02-23 04:00:00+00:00,157.66455,167.21085
2024-02-23 04:15:00+00:00,160.44217,168.9981
2024-02-23 04:30:00+00:00,171.10622,172.08203
2024-02-23 04:45:00+00:00,180.90936,169.42369
2024-02-23 05:00:00+00:00,186.45714,173.84598
2024-02-23 05:15:00+00:00,184.30067,181.01955
2024-02-23 05:30:00+00:00,176.15642,180.29343
2024-02-23 05:45:00+00:00,180.08472,180.45787
2024-02-23 06:00:00+00:00,173.97545,175.71992
2024-02-23 06:15:00+00:00,174.16936,173.14384
2024-02-23 06:30:00+00:00,180.03038,174.0228
2024-02-23 06:45:00+00:00,179.4902,175.436
2024-02-23 07:00:00+00:00,187.7037,172.08049
2024-02-23 07:15:00+00:00,177.72795,168.03935
2024-02-23 07:30:00+00:00,178.31607,165.10715
2024-02-23 07:45:00+00:00,163.50533,163.2628
2024-02-23 08:00:00+00:00,156.74295,160.34265
2024-02-23 08:15:00+00:00,158.7396,151.71712
2024-02-23 08:30:00+00:00,148.27373,144.4537
2024-02-23 08:45:00+00:00,130.80788,142.8385
2024-02-23 09:00:00+00:00,135.05049,131.76971
2024-02-23 09:15:00+00:00,136.87027,128.3426
2024-02-23 09:30:00+00:00,136.00192,124.03273
2024-02-23 09:45:00+00:00,140.09216,122.43794
2024-02-23 10:00:00+00:00,94.24607,107.89241
2024-02-23 10:15:00+00:00,94.01274,105.88637
2024-02-23 10:30:00+00:00,90.05248,105.2687
2024-02-23 10:45:00+00:00,91.595245,108.07436
2024-02-23 11:00:00+00:00,131.00606,146.5679
2024-02-23 11:15:00+00:00,125.62343,141.0706
2024-02-23 11:30:00+00:00,118.26227,128.95459
2024-02-23 11:45:00+00:00,109.95286,122.50179
2024-02-23 12:00:00+00:00,104.682106,118.10396
2024-02-23 12:15:00+00:00,97.26767,112.44147
2024-02-23 12:30:00+00:00,96.04348,112.380936
2024-02-23 12:45:00+00:00,100.128395,114.813
2024-02-23 13:00:00+00:00,98.22977,111.31682
2024-02-23 13:15:00+00:00,91.05613,112.04563
2024-02-23 13:30:00+00:00,92.52751,107.07472
2024-02-23 13:45:00+00:00,98.49187,106.92049
2024-02-23 14:00:00+00:00,106.76611,105.604515
2024-02-23 14:15:00+00:00,100.766594,112.544395
2024-02-23 14:30:00+00:00,101.03615,114.354416
2024-02-23 14:45:00+00:00,108.88741,117.04961
2024-02-23 15:00:00+00:00,109.6865,119.55635
2024-02-23 15:15:00+00:00,109.25286,125.394485
2024-02-23 15:30:00+00:00,112.8008,131.43895
2024-02-23 15:45:00+00:00,120.416595,139.2802
2024-02-23 16:00:00+00:00,125.77685,147.96788
2024-02-23 16:15:00+00:00,137.58517,155.82292
2024-02-23 16:30:00+00:00,147.58864,162.72829
2024-02-23 16:45:00+00:00,168.08887,170.00598
2024-02-23 17:00:00+00:00,163.60014,175.77495
2024-02-23 17:15:00+00:00,162.45053,182.01108
2024-02-23 17:30:00+00:00,167.13742,183.4867
2024-02-23 17:45:00+00:00,182.44467,195.02524
2024-02-23 18:00:00+00:00,196.12926,198.58708
2024-02-23 18:15:00+00:00,196.15909,199.55446
2024-02-23 18:30:00+00:00,190.87448,199.67807
2024-02-23 18:45:00+00:00,189.4276,193.7922
2024-02-23 19:00:00+00:00,197.61554,202.64548
2024-02-23 19:15:00+00:00,202.36104,208.75688
2024-02-23 19:30:00+00:00,206.13911,209.889
2024-02-23 19:45:00+00:00,201.48631,210.52832
2024-02-23 20:00:00+00:00,206.6633,211.28857
2024-02-23 20:15:00+00:00,203.53197,203.83882
2024-02-23 20:30:00+00:00,210.05568,199.40257
2024-02-23 20:45:00+00:00,197.02423,198.21999
2024-02-23 21:00:00+00:00,188.68286,187.86084
2024-02-23 21:15:00+00:00,209.26299,193.6556
2024-02-23 21:30:00+00:00,213.74106,204.37549
2024-02-23 21:45:00+00:00,199.9414,204.95566
2024-02-23 22:00:00+00:00,197.8883,198.78621
2024-02-23 22:15:00+00:00,192.21907,192.06763
2024-02-23 22:30:00+00:00,183.00298,187.44308
2024-02-23 22:45:00+00:00,193.92804,191.75778
2024-02-23 23:00:00+00:00,215.85916,212.44292
2024-02-23 23:15:00+00:00,203.0834,207.67224
2024-02-23 23:30:00+00:00,209.3674,203.1
2024-02-23 23:45:00+00:00,205.82373,202.34155
2024-02-24 00:00:00+00:00,192.7884,191.59651
2024-02-24 00:15:00+00:00,172.57335,178.78513
2024-02-24 00:30:00+00:00,178.16853,182.54453
2024-02-24 00:45:00+00:00,177.34918,193.11653
2024-02-24 01:00:00+00:00,214.99883,222.8682
2024-02-24 01:15:00+00:00,205.6239,211.40515
2024-02-24 01:30:00+00:00,212.8717,210.57425
2024-02-24 01:45:00+00:00,193.86696,201.77205
2024-02-24 02:00:00+00:00,181.01753,189.03923
2024-02-24 02:15:00+00:00,181.26067,183.36661
2024-02-24 02:30:00+00:00,186.53667,178.60173
2024-02-24 02:45:00+00:00,186.0954,176.82681
2024-02-24 03:00:00+00:00,172.15779,178.2558
2024-02-24 03:15:00+00:00,171.24739,174.97278
2024-02-24 03:30:00+00:00,168.73149,175.19028
2024-02-24 03:45:00+00:00,167.46765,176.4003
2024-02-24 04:00:00+00:00,176.94218,182.32524
2024-02-24 04:15:00+00:00,163.37515,176.8546
2024-02-24 04:30:00+00:00,161.73323,179.6749
2024-02-24 04:45:00+00:00,168.03531,175.17659
2024-02-24 05:00:00+00:00,173.65726,175.62119
2024-02-24 05:15:00+00:00,175.86899,178.40454
2024-02-24 05:30:00+00:00,175.87755,180.98817
2024-02-24 05:45:00+00:00,167.67114,183.70747
2024-02-24 06:00:00+00:00,151.99843,178.18909
2024-02-24 06:15:00+00:00,155.93669,175.29372
2024-02-24 06:30:00+00:00,158.4858,176.57263
2024-02-24 06:45:00+00:00,157.77783,172.4405
2024-02-24 07:00:00+00:00,163.67612,166.42465
2024-02-24 07:15:00+00:00,171.61583,163.2794
2024-02-24 07:30:00+00:00,162.4187,152.33638
2024-02-24 07:45:00+00:00,148.21333,143.62886
2024-02-24 08:00:00+00:00,139.39107,140.3315
2024-02-24 08:15:00+00:00,132.77197,134.9331
2024-02-24 08:30:00+00:00,124.34814,129.82217
2024-02-24 08:45:00+00:00,106.88034,128.48288
2024-02-24 09:00:00+00:00,106.52154,126.4838
2024-02-24 09:15:00+00:00,102.12594,121.50325
2024-02-24 09:30:00+00:00,99.8778,114.83246
2024-02-24 09:45:00+00:00,104.36015,116.889015
2024-02-24 10:00:00+00:00,99.80068,104.68893
2024-02-24 10:15:00+00:00,104.22735,105.76056
2024-02-24 10:30:00+00:00,113.26274,109.74727
2024-02-24 10:45:00+00:00,108.61438,109.25759
2024-02-24 11:00:00+00:00,102.56828,119.79854
2024-02-24 11:15:00+00:00,99.24267,121.89878
2024-02-24 11:30:00+00:00,95.31297,119.357666
2024-02-24 11:45:00+00:00,92.92453,116.9385
2024-02-24 12:00:00+00:00,92.40399,119.84949
2024-02-24 12:15:00+00:00,90.64961,121.23696
2024-02-24 12:30:00+00:00,103.819275,120.057205
2024-02-24 12:45:00+00:00,101.33657,119.75653
2024-02-24 13:00:00+00:00,105.83392,120.10897
2024-02-24 13:15:00+00:00,96.63144,116.2073
2024-02-24 13:30:00+00:00,111.4441,121.15989
2024-02-24 13:45:00+00:00,120.76012,121.1415
2024-02-24 14:00:00+00:00,121.239944,124.459435
2024-02-24 14:15:00+00:00,126.66161,129.40295
2024-02-24 14:30:00+00:00,120.459145,134.69788
2024-02-24 14:45:00+00:00,116.88505,140.23744
2024-02-24 15:00:00+00:00,126.480606,144.69122
2024-02-24 15:15:00+00:00,131.9751,149.19377
2024-02-24 15:30:00+00:00,132.66058,153.98245
2024-02-24 15:45:00+00:00,139.05798,162.09537
2024-02-24 16:00:00+00:00,146.15155,165.03711
2024-02-24 16:15:00+00:00,154.04521,167.25497
2024-02-24 16:30:00+00:00,172.28096,179.53825
2024-02-24 16:45:00+00:00,174.75188,184.76193
2024-02-24 17:00:00+00:00,187.08612,185.5092
2024-02-24 17:15:00+00:00,179.22566,187.41096
2024-02-24 17:30:00+00:00,180.68658,188.5386
2024-02-24 17:45:00+00:00,182.1914,190.92188
2024-02-24 18:00:00+00:00,180.82903,191.42387
2024-02-24 18:15:00+00:00,188.55453,188.86937
2024-02-24 18:30:00+00:00,189.75732,188.39095
2024-02-24 18:45:00+00:00,187.01436,187.46384
2024-02-24 19:00:00+00:00,183.76799,185.61403
2024-02-24 19:15:00+00:00,188.56096,185.2478
2024-02-24 19:30:00+00:00,185.396,183.97083
2024-02-24 19:45:00+00:00,179.0318,183.69588
2024-02-24 20:00:00+00:00,180.7712,180.88016
2024-02-24 20:15:00+00:00,183.70802,176.42628
2024-02-24 20:30:00+00:00,177.50555,179.87167
2024-02-24 20:45:00+00:00,178.98897,176.43486
2024-02-24 21:00:00+00:00,174.33737,173.51065
2024-02-24 21:15:00+00:00,185.46562,178.00208
2024-02-24 21:30:00+00:00,196.99121,181.98746
2024-02-24 21:45:00+00:00,178.27243,189.51218
2024-02-24 22:00:00+00:00,176.99895,188.85695
2024-02-24 22:15:00+00:00,177.4295,184.88889
2024-02-24 22:30:00+00:00,193.67416,176.9827
2024-02-24 22:45:00+00:00,184.83156,179.81364
2024-02-24 23:00:00+00:00,203.14012,193.36838
2024-02-24 23:15:00+00:00,191.28464,194.12955
2024-02-24 23:30:00+00:00,181.70836,187.88705
2024-02-24 23:45:00+00:00,199.23721,189.58923
2024-02-25 00:00:00+00:00,181.0518,185.56017
2024-02-25 00:15:00+00:00,178.52841,181.16183
2024-02-25 00:30:00+00:00,188.9069,187.09868
2024-02-25 00:45:00+00:00,181.67088,193.72176
2024-02-25 01:00:00+00:00,214.43652,221.70993
2024-02-25 01:15:00+00:00,217.16985,213.7839
2024-02-25 01:30:00+00:00,211.34332,213.67749
2024-02-25 01:45:00+00:00,192.99512,206.20879
2024-02-25 02:00:00+00:00,194.96478,195.74046
2024-02-25 02:15:00+00:00,177.27742,187.33066
2024-02-25 02:30:00+00:00,176.45163,184.49954
2024-02-25 02:45:00+00:00,179.2728,183.59467
2024-02-25 03:00:00+00:00,186.21107,182.81871
2024-02-25 03:15:00+00:00,183.49487,181.46646
2024-02-25 03:30:00+00:00,185.1293,179.14474
2024-02-25 03:45:00+00:00,194.2354,180.70615
2024-02-25 04:00:00+00:00,187.06041,182.07841
2024-02-25 04:15:00+00:00,194.0062,181.0708
2024-02-25 04:30:00+00:00,192.47887,184.56033
2024-02-25 04:45:00+00:00,198.68883,183.7741
2024-02-25 05:00:00+00:00,219.25732,185.47328
2024-02-25 05:15:00+00:00,214.28015,187.1359
2024-02-25 05:30:00+00:00,212.08662,189.51517
2024-02-25 05:45:00+00:00,210.13945,181.99167
2024-02-25 06:00:00+00:00,201.22401,178.68272
2024-02-25 06:15:00+00:00,186.37494,179.05444
2024-02-25 06:30:00+00:00,180.02574,178.80618
2024-02-25 06:45:00+00:00,172.97607,176.59294
2024-02-25 07:00:00+00:00,176.97859,172.40799
2024-02-25 07:15:00+00:00,156.35976,169.73434
2024-02-25 07:30:00+00:00,145.21545,164.12936
2024-02-25 07:45:00+00:00,145.41574,158.26576
2024-02-25 08:00:00+00:00,143.24686,158.14262
2024-02-25 08:15:00+00:00,129.53203,146.44424
2024-02-25 08:30:00+00:00,119.40845,141.85226
2024-02-25 08:45:00+00:00,126.9915,138.00949
2024-02-25 09:00:00+00:00,120.09285,133.30643
2024-02-25 09:15:00+00:00,104.98458,130.07983
2024-02-25 09:30:00+00:00,103.685394,125.09116
2024-02-25 09:45:00+00:00,104.22627,127.4749
2024-02-25 10:00:00+00:00,101.686806,122.52041
2024-02-25 10:15:00+00:00,99.74071,115.45213
2024-02-25 10:30:00+00:00,94.63928,119.68529
2024-02-25 10:45:00+00:00,91.92952,113.02174
2024-02-25 11:00:00+00:00,84.00694,108.47087
2024-02-25 11:15:00+00:00,94.71961,104.27931
2024-02-25 11:30:00+00:00,87.94842,102.12987
2024-02-25 11:45:00+00:00,88.27937,98.03702
2024-02-25 12:00:00+00:00,88.94771,97.045395
2024-02-25 12:15:00+00:00,82.16687,96.57325
2024-02-25 12:30:00+00:00,83.769165,93.66325
2024-02-25 12:45:00+00:00,78.527435,92.45309
2024-02-25 13:00:00+00:00,82.99694,93.53826
2024-02-25 13:15:00+00:00,80.793785,90.71009
2024-02-25 13:30:00+00:00,83.20258,90.31162
2024-02-25 13:45:00+00:00,86.75205,91.13651
2024-02-25 14:00:00+00:00,81.984795,94.858
2024-02-25 14:15:00+00:00,82.72918,96.64095
2024-02-25 14:30:00+00:00,85.93377,94.96626
2024-02-25 14:45:00+00:00,87.13656,97.85019
2024-02-25 15:00:00+00:00,84.03372,105.81372
2024-02-25 15:15:00+00:00,93.04127,110.24321
2024-02-25 15:30:00+00:00,97.42295,118.57141
2024-02-25 15:45:00+00:00,102.67325,126.83335
2024-02-25 16:00:00+00:00,110.53799,135.03174
2024-02-25 16:15:00+00:00,120.576965,141.397
2024-02-25 16:30:00+00:00,146.0166,152.27039
2024-02-25 16:45:00+00:00,159.9028,164.24222
2024-02-25 17:00:00+00:00,172.3345,169.01402
2024-02-25 17:15:00+00:00,176.00072,174.68665
2024-02-25 17:30:00+00:00,170.60477,181.44077
2024-02-25 17:45:00+00:00,174.57301,182.04507
2024-02-25 18:00:00+00:00,176.52661,181.12785
2024-02-25 18:15:00+00:00,171.24097,180.08212
2024-02-25 18:30:00+00:00,162.83534,176.61465
2024-02-25 18:45:00+00:00,162.2709,176.02231
2024-02-25 19:00:00+00:00,165.41872,175.44675
2024-02-25 19:15:00+00:00,159.31479,176.67032
2024-02-25 19:30:00+00:00,153.9274,175.38095
2024-02-25 19:45:00+00:00,162.42834,172.7358
2024-02-25 20:00:00+00:00,153.47006,171.49854
2024-02-25 20:15:00+00:00,154.2787,163.85342
2024-02-25 20:30:00+00:00,144.64886,163.24527
2024-02-25 20:45:00+00:00,130.2143,162.05624
2024-02-25 21:00:00+00:00,141.35002,155.62337
2024-02-25 21:15:00+00:00,146.4568,157.37178
2024-02-25 21:30:00+00:00,149.81885,162.47002
2024-02-25 21:45:00+00:00,149.89917,169.3768
2024-02-25 22:00:00+00:00,146.79419,167.88374
2024-02-25 22:15:00+00:00,142.19937,159.7402
2024-02-25 22:30:00+00:00,136.17792,155.56445
2024-02-25 22:45:00+00:00,152.4547,163.4719
2024-02-25 23:00:00+00:00,168.96605,174.56055
2024-02-25 23:15:00+00:00,160.82819,171.47322
2024-02-25 23:30:00+00:00,153.52147,161.28282
2024-02-25 23:45:00+00:00,148.75743,163.02359
2024-02-26 00:00:00+00:00,141.26031,150.98933
2024-02-26 00:15:00+00:00,138.72655,141.5361
2024-02-26 00:30:00+00:00,134.06386,138.30869
2024-02-26 00:45:00+00:00,133.14838,144.33284
2024-02-26 01:00:00+00:00,160.2522,175.2091
2024-02-26 01:15:00+00:00,161.97412,171.96162
2024-02-26 01:30:00+00:00,165.0196,174.01395
2024-02-26 01:45:00+00:00,141.6414,166.88397
2024-02-26 02:00:00+00:00,139.9443,156.74124
2024-02-26 02:15:00+00:00,139.28253,150.63786
2024-02-26 02:30:00+00:00,131.88744,144.38484
2024-02-26 02:45:00+00:00,129.42816,143.73386
2024-02-26 03:00:00+00:00,132.11198,143.80214
2024-02-26 03:15:00+00:00,138.75786,142.98619
2024-02-26 03:30:00+00:00,130.78627,141.2117
2024-02-26 03:45:00+00:00,132.04073,145.11118
2024-02-26 04:00:00+00:00,145.41559,152.8221
2024-02-26 04:15:00+00:00,148.92638,151.2272
2024-02-26 04:30:00+00:00,154.17528,156.88412
2024-02-26 04:45:00+00:00,162.76869,153.4704
2024-02-26 05:00:00+00:00,155.82271,159.50938
2024-02-26 05:15:00+00:00,151.4353,167.199
2024-02-26 05:30:00+00:00,158.07037,167.7033
2024-02-26 05:45:00+00:00,169.01836,167.9379
2024-02-26 06:00:00+00:00,154.70319,160.18683
2024-02-26 06:15:00+00:00,148.61006,160.14029
2024-02-26 06:30:00+00:00,140.45279,155.92313
2024-02-26 06:45:00+00:00,144.7441,149.99661
2024-02-26 07:00:00+00:00,146.06874,146.51831
2024-02-26 07:15:00+00:00,134.83899,138.14133
2024-02-26 07:30:00+00:00,113.91682,128.27156
2024-02-26 07:45:00+00:00,115.34509,126.90544
2024-02-26 08:00:00+00:00,107.23532,125.88151
2024-02-26 08:15:00+00:00,101.30737,118.8149
2024-02-26 08:30:00+00:00,97.62494,111.79793
2024-02-26 08:45:00+00:00,93.11879,108.74827
2024-02-26 09:00:00+00:00,92.883446,101.768936
2024-02-26 09:15:00+00:00,93.28181,99.41155
2024-02-26 09:30:00+00:00,85.68807,95.836624
2024-02-26 09:45:00+00:00,82.93623,95.651566
2024-02-26 10:00:00+00:00,65.27222,82.64644
2024-02-26 10:15:00+00:00,71.715126,85.76982
2024-02-26 10:30:00+00:00,74.77896,85.310745
2024-02-26 10:45:00+00:00,71.05982,90.17682
2024-02-26 11:00:00+00:00,111.00628,124.27368
2024-02-26 11:15:00+00:00,104.94231,116.61597
2024-02-26 11:30:00+00:00,102.82202,101.42298
2024-02-26 11:45:00+00:00,98.117226,98.236595
2024-02-26 12:00:00+00:00,89.59614,97.39668
2024-02-26 12:15:00+00:00,74.81027,94.33894
2024-02-26 12:30:00+00:00,72.55504,91.94859
2024-02-26 12:45:00+00:00,72.0498,91.88512
2024-02-26 13:00:00+00:00,69.49876,94.36083
2024-02-26 13:15:00+00:00,77.290054,91.53629
2024-02-26 13:30:00+00:00,83.425285,91.364975
2024-02-26 13:45:00+00:00,94.860146,90.66526
2024-02-26 14:00:00+00:00,108.907585,91.667725
2024-02-26 14:15:00+00:00,93.880974,97.27857
2024-02-26 14:30:00+00:00,96.917816,99.274086
2024-02-26 14:45:00+00:00,103.24521,99.393875
2024-02-26 15:00:00+00:00,102.67735,104.85326
2024-02-26 15:15:00+00:00,99.74307,106.53184
2024-02-26 15:30:00+00:00,97.57096,113.09695
2024-02-26 15:45:00+00:00,99.45266,121.70099
2024-02-26 16:00:00+00:00,104.885086,125.645706
2024-02-26 16:15:00+00:00,118.10557,130.28091
2024-02-26 16:30:00+00:00,137.42998,138.07616
2024-02-26 16:45:00+00:00,139.43259,147.6864
2024-02-26 17:00:00+00:00,141.97174,153.31058
2024-02-26 17:15:00+00:00,143.53606,159.95268
2024-02-26 17:30:00+00:00,142.57307,163.16301
2024-02-26 17:45:00+00:00,167.2878,176.74132
2024-02-26 18:00:00+00:00,169.01619,181.0861
2024-02-26 18:15:00+00:00,161.06836,180.20068
2024-02-26 18:30:00+00:00,159.34752,176.41963
2024-02-26 18:45:00+00:00,166.51805,176.1286
2024-02-26 19:00:00+00:00,192.60709,186.29854
2024-02-26 19:15:00+00:00,194.46179,191.84116
2024-02-26 19:30:00+00:00,184.68947,191.6818
2024-02-26 19:45:00+00:00,185.80144,188.89589
2024-02-26 20:00:00+00:00,185.03171,189.95609
2024-02-26 20:15:00+00:00,180.27185,189.46272
2024-02-26 20:30:00+00:00,170.35811,181.84688
2024-02-26 20:45:00+00:00,172.97824,173.69235
2024-02-26 21:00:00+00:00,166.44357,163.82974
2024-02-26 21:15:00+00:00,168.65562,168.45499
2024-02-26 21:30:00+00:00,173.3561,176.74594
2024-02-26 21:45:00+00:00,169.63588,184.47775
2024-02-26 22:00:00+00:00,151.31224,177.66138
2024-02-26 22:15:00+00:00,158.13083,173.01244
2024-02-26 22:30:00+00:00,143.40111,163.99057
2024-02-26 22:45:00+00:00,154.52937,168.54562
2024-02-26 23:00:00+00:00,173.1445,182.80997
2024-02-26 23:15:00+00:00,159.49974,176.93869
2024-02-26 23:30:00+00:00,145.56242,169.07881
2024-02-26 23:45:00+00:00,149.26968,167.39125
2024-02-27 00:00:00+00:00,140.26591,146.05904
2024-02-27 00:15:00+00:00,128.02544,137.68234
2024-02-27 00:30:00+00:00,122.7018,133.78242
2024-02-27 00:45:00+00:00,134.754,139.31906
2024-02-27 01:00:00+00:00,167.54144,166.5011
2024-02-27 01:15:00+00:00,166.20291,164.09033
2024-02-27 01:30:00+00:00,159.10979,162.06615
2024-02-27 01:45:00+00:00,150.20041,155.47757
2024-02-27 02:00:00+00:00,134.162,147.87057
2024-02-27 02:15:00+00:00,140.69359,142.76012
2024-02-27 02:30:00+00:00,129.07776,135.98703
2024-02-27 02:45:00+00:00,121.4427,135.30493
2024-02-27 03:00:00+00:00,121.55806,135.77483
2024-02-27 03:15:00+00:00,133.37195,137.9582
2024-02-27 03:30:00+00:00,137.54968,135.39862
2024-02-27 03:45:00+00:00,132.01709,136.4005
2024-02-27 04:00:00+00:00,142.81456,144.52896
2024-02-27 04:15:00+00:00,148.73456,145.30461
2024-02-27 04:30:00+00:00,142.19753,149.11858
2024-02-27 04:45:00+00:00,143.56761,148.92592
2024-02-27 05:00:00+00:00,149.73138,153.51492
2024-02-27 05:15:00+00:00,155.30641,158.57858
2024-02-27 05:30:00+00:00,154.3444,158.746
2024-02-27 05:45:00+00:00,163.07315,156.66003
2024-02-27 06:00:00+00:00,150.29944,149.77878
2024-02-27 06:15:00+00:00,151.38115,148.20125
2024-02-27 06:30:00+00:00,156.68848,147.60172
2024-02-27 06:45:00+00:00,154.66762,145.89287
2024-02-27 07:00:00+00:00,152.97215,143.35493
2024-02-27 07:15:00+00:00,144.15309,142.14182
2024-02-27 07:30:00+00:00,139.15265,134.1722
2024-02-27 07:45:00+00:00,140.19626,134.8685
2024-02-27 08:00:00+00:00,128.39,132.26704
2024-02-27 08:15:00+00:00,125.91427,125.89055
2024-02-27 08:30:00+00:00,105.455444,122.29165
2024-02-27 08:45:00+00:00,92.935295,118.887695
2024-02-27 09:00:00+00:00,109.45144,110.80513
2024-02-27 09:15:00+00:00,110.091324,109.352745
2024-02-27 09:30:00+00:00,100.14812,107.9053
2024-02-27 09:45:00+00:00,90.42583,105.86271
2024-02-27 10:00:00+00:00,62.311264,93.294785
2024-02-27 10:15:00+00:00,69.66773,91.74403
2024-02-27 10:30:00+00:00,74.52018,92.80577
2024-02-27 10:45:00+00:00,79.46621,95.21739
2024-02-27 11:00:00+00:00,125.72382,133.51695
2024-02-27 11:15:00+00:00,121.589615,129.91171
2024-02-27 11:30:00+00:00,109.78988,116.72693
2024-02-27 11:45:00+00:00,103.061325,110.14769
2024-02-27 12:00:00+00:00,102.76968,108.45486
2024-02-27 12:15:00+00:00,92.96577,103.33838
2024-02-27 12:30:00+00:00,79.19524,105.05544
2024-02-27 12:45:00+00:00,83.667885,104.89115
2024-02-27 13:00:00+00:00,79.11906,103.321884
2024-02-27 13:15:00+00:00,80.94294,102.71007
2024-02-27 13:30:00+00:00,79.399826,101.31645
2024-02-27 13:45:00+00:00,80.97124,100.94179
2024-02-27 14:00:00+00:00,74.376526,99.607376
2024-02-27 14:15:00+00:00,81.33906,103.8903
2024-02-27 14:30:00+00:00,93.928856,106.33486
2024-02-27 14:45:00+00:00,87.70197,105.325485
2024-02-27 15:00:00+00:00,84.84753,106.78035
2024-02-27 15:15:00+00:00,92.77532,111.310265
2024-02-27 15:30:00+00:00,87.26994,116.58047
2024-02-27 15:45:00+00:00,101.063324,120.522766
2024-02-27 16:00:00+00:00,116.684944,125.97882
2024-02-27 16:15:00+00:00,114.56832,133.45578
2024-02-27 16:30:00+00:00,118.09529,138.65154
2024-02-27 16:45:00+00:00,128.75673,145.95975
2024-02-27 17:00:00+00:00,135.97174,152.31026
2024-02-27 17:15:00+00:00,142.74927,159.09338
2024-02-27 17:30:00+00:00,143.45988,157.8538
2024-02-27 17:45:00+00:00,167.129,167.47281
2024-02-27 18:00:00+00:00,172.20453,169.25322
2024-02-27 18:15:00+00:00,156.83102,169.69917
2024-02-27 18:30:00+00:00,158.16956,165.2092
2024-02-27 18:45:00+00:00,157.04433,163.26692
2024-02-27 19:00:00+00:00,146.77791,176.6264
2024-02-27 19:15:00+00:00,160.0718,177.45566
2024-02-27 19:30:00+00:00,168.70041,176.96207
2024-02-27 19:45:00+00:00,155.89624,174.92075
2024-02-27 20:00:00+00:00,163.89586,173.43118
2024-02-27 20:15:00+00:00,153.91673,170.38652
2024-02-27 20:30:00+00:00,147.01405,166.6447
2024-02-27 20:45:00+00:00,151.27124,160.59709
2024-02-27 21:00:00+00:00,151.87411,154.698
2024-02-27 21:15:00+00:00,156.07362,157.25089
2024-02-27 21:30:00+00:00,164.14288,164.69536
2024-02-27 21:45:00+00:00,147.08698,169.55151
2024-02-27 22:00:00+00:00,138.19717,161.00154
2024-02-27 22:15:00+00:00,137.37447,156.06694
2024-02-27 22:30:00+00:00,131.80162,146.5927
2024-02-27 22:45:00+00:00,141.95268,152.76494
2024-02-27 23:00:00+00:00,164.82411,168.32826
2024-02-27 23:15:00+00:00,151.20268,160.80252
2024-02-27 23:30:00+00:00,155.66553,157.30223
2024-02-27 23:45:00+00:00,146.68759,150.20848
